ply
format ascii 1.0
element vertex 9996
property double x
property double y
property double z
element face 20000
property list uchar int vertex_indices
end_header
-0.3170575694404873 -0.65948951599158734 4.6024225872568989
-0.27499420913926287 -0.58460903549544319 4.5939825771877647
-0.42361526441866648 -0.60687366883782201 4.6297228768795895
-0.40632673673744968 -0.53954498125685424 4.62011294450325849
-0.39317965716257425 -0.727243194044213 4.61270215470837197
-0.4871339807393123 -0.71734542811032886 4.60543715163951894
-0.54126417071438304 -0.56373378846951194 4.60449214977232302
-0.24206816516872509 -0.4769492714099075 4.56778226568120171
-0.4906121677807575 -0.8238746640728265 4.55398070106361263
-0.45287091933288959 -0.33340599026221091 4.5586031274891825
-0.5859293778963357 -0.44140691635645213 4.57716110107445484
-0.59647560846454795 -0.58065672988706551 4.58008168538882732
-0.12592278156490888 -1.03993350733011924 4.58046967588942522
-0.19335209232757472 -0.78186629841983546 4.557588001933361
-0.20050602485078894 -1.04523173053701135 4.5867888166523576
-0.19193127811133895 -1.15671949587560463 4.55773070304149819
-0.27162063861117824 -0.84280861807666352 4.5842504593617619
-0.30985885466374685 -1.00400352298254525 4.57662071404875803
-0.33770566791304196 -0.8669702445409283 4.58271486290304075
-0.31367263250515637 -0.74444007137292134 4.55679018351262854
-0.39262619604042964 -0.82569617523654326 4.55762186802119107
-0.55582376013827017 -0.99481697061137997 4.58290415912943239
-0.54063933276129006 -0.9121037898772234 4.58093881117341528
-0.63588614008837741 -1.13475807011969354 4.54833315928878079
-0.63641602185093926 -1.01691502600534611 4.58781253629739449
-0.58480688244833268 -0.76169122411901369 4.55788723806595453
-0.62735254274950258 -0.31731996804328616 4.57139278116861192
-0.66820442786023349 -0.25027834761754431 4.57761421417405323
-0.71240306862205183 -0.81167742366333495 4.54955928083581895
-0.72104063376134597 -1.10690716955001345 4.53891966409506598
-0.7185742277581828 -1.00398622616466637 4.5607594592480023
-0.71146672919533827 -0.36315740572057709 4.558611502887846
-0.04999988128177307 -1.05644378228435887 4.5421130643949299
-0.06803659705453696 -0.95913575422403752 4.54703915670005632
-0.13906616677748274 -1.19902237400539913 4.53475119125690362
-0.12280833532058039 -0.28453768837870497 4.55378065972969104
-0.15273089975040471 -0.20917023294085282 4.55045564109324818
-0.19040458965929707 -0.28684118121143376 4.55464859761546048
-0.17539441448971455 -0.64827134789193108 4.5345946916415496
-0.20325690387181888 -0.50775530611132746 4.52884208766157226
-0.28900744736631967 -0.32405460617869475 4.53258202751360528
-0.27201566954907314 -1.15123711803443785 4.52960323428315181
-0.38090776251556657 -0.9559336033154473 4.55589875155500135
-0.43491940853975297 -1.37789993508878728 4.56327074745891892
-0.43343635696428801 -1.32875966423147895 4.56737282968616576
-0.43699734192124745 -1.13698762084999849 4.55235613727120469
-0.43540088849311942 -0.90016352308320158 4.56776438095238291
-0.49243817461461592 -1.30444914839745696 4.56191401152963927
-0.46400409268134685 -0.21969780703867967 4.5370931227753486
-0.51117692326251019 -0.98940841059660478 4.5511663098969688
-0.55605959827286366 -1.38283600411820928 4.52744989902140915
-0.58024078062240114 -1.21967745577726738 4.53905732743789603
-0.60956297888761724 -0.64231867063558323 4.54132474732652547
-0.52777980832295623 -0.1252807483277007 4.54487799041266971
-0.53263084491604717 -0.01810970365038859 4.5304442188309233
-0.64589360338557933 -0.04075328648201625 4.54077281749600203
-0.68935520234611913 -0.59419643191849514 4.54325379683839436
-0.63954864814439782 -0.46728130613428304 4.54568653883535401
-0.72992055300710701 -0.1187810289453123 4.54346494503154563
0.01740053725577411 -0.76466617381735935 4.45452328025911637
-0.07065887022331327 -0.30985068639713775 4.52193919298374514
-0.08669666347947355 -0.2133638014689187 4.53745690348490971
-0.14531509028641532 -0.3774379290341513 4.53638044655746242
-0.28272705235064166 -0.15308029717315963 4.53452407666804902
-0.20330131893719916 -1.23597457021045587 4.50821290909849814
-0.22913470938754621 -0.36941379423708109 4.52307987749593376
-0.24954022088773103 -1.27375746162594794 4.53072107369958132
-0.29259921399591632 -1.38160435163563333 4.52366841881364667
-0.34782624728223011 -0.17130747445851841 4.51831182816985866
-0.36048598424549017 0.07263709090834861 4.54265355069846333
-0.36680897603932472 0.20026644441354341 4.52651956984905368
-0.41808803745428208 -0.03228093686996024 4.52235121089374204
-0.44511299705125251 0.067099666286874 4.5422487828742959
-0.46107431169391144 0.17153446285155904 4.53548914677782466
-0.43966208991520839 0.25343812043466718 4.51449102573159422
-0.41944518145002441 -1.56441527231740363 4.47931484873434282
-0.55423149031940988 0.20398249655007533 4.50281852102042457
-0.58738382037418013 -1.13972722189781095 4.52532871186599461
-0.57688752670057586 -0.32945175643298974 4.53794836853014338
-0.6162516222183092 -1.29666171627218318 4.51799997285947086
-0.67560795910659022 -0.42578009130290029 4.53489608172947101
-0.74412986353610799 -0.66428489064882923 4.52345685920276086
-0.78573746123734889 -0.87975137386994617 4.5207210431812106
-0.82351199165911637 -0.22594138983157513 4.50289991559315439
-0.78928298880292025 -0.52136423293620504 4.52736956740612584
-0.86201407852150591 -0.68240277131668925 4.53628893680206779
-0.84566432175003392 -0.7743731589622207 4.52486116604929212
-0.00472433386324455 -1.02023047902929798 4.5084658457062492
0.03042130183923655 -0.92692869562749403 4.48268470618088788
-0.15132033070902151 -0.49998291793208632 4.52286811649946774
-0.12879616371528818 -0.42473221516156479 4.50540539002924234
-0.26525990838596486 0.08210570521498438 4.47743227443661951
-0.3458753044187281 -0.00694882024288925 4.51198420293980185
-0.24399628982280031 0.22105546310151836 4.4810668720368465
-0.49714682460117193 -0.15835018782741961 4.51973758760184907
-0.48901616320895192 0.01108334174826556 4.50863464839862793
-0.65681996572939438 0.15941466793801773 4.48931808257632969
-0.6682337668070879 -1.21068605490234504 4.48834559158495772
-0.74001538185652416 -0.5022781590362787 4.51885846128702173
-0.76226618459455164 -0.3913547766729164 4.4912616490421895
-0.73956697244196989 0.08898903595499744 4.47834551231072719
-0.78174035436446543 -0.76869356646632925 4.50711664317101057
-0.90543598741821807 -0.58618437768134801 4.51372190678579255
-0.90940458861073925 -0.85670351778539822 4.49334604529396131
0.03080604872574589 -0.68659512903438968 4.48407620317480138
-0.02997406494469592 -0.53147373043740154 4.50036611136646414
0.02882954150328689 -0.17343549511345929 4.45398466007312877
-0.04699864288940507 -1.14372160637092057 4.46521527266630169
-0.0675028497597456 -0.62500578509936078 4.4830466300505023
-0.15474886763790238 -1.25335454788031275 4.49170611782092255
-0.09761802775014877 -0.43288134468821193 4.48853491546778383
-0.18509972001577746 0.03150401670436988 4.47731341831908658
-0.24580299090756841 0.27789668222987063 4.46467023869378909
-0.32999732671718723 -1.50602195199912248 4.46720246967660373
-0.55214551985836569 0.10637772681698288 4.48850599339825429
-0.56722685090047387 0.34350818951272039 4.46698692961789412
-0.65627098789307858 -1.28755924792593079 4.48587584761541969
-0.76228259731643766 -1.13523306765315324 4.49299604795989094
-0.86222797577631383 -0.99513702211671617 4.4694374889548687
-0.85252525483992814 -0.13658907292849395 4.47597685914892907
-0.87663943474322548 -0.91793922801825345 4.45743338884807194
-0.84509512473755977 -0.28252204860948593 4.44490859162984009
-0.98169899533543004 -0.5410536733464042 4.46785679338416042
-0.98819672165356953 -0.70432532914143919 4.47672118160110166
0.10722989832910078 -0.59094542047684895 4.45678689821323459
-0.00814472478254655 -0.30419522609835609 4.43818390698235277
0.02502850037245559 -0.08470325263109603 4.43401094284718855
-0.03739002896673103 -1.31520951333523128 4.46901445102222272
-0.00088183608063024 -1.21528476356319182 4.47146650968567894
-0.11798701106528184 -1.23581899554114782 4.4852620871001978
-0.24066131044829128 -1.35981097236583537 4.48183808469913281
-0.28501342422117504 -1.5152305764226135 4.47690703506601295
-0.2906689739830412 -1.64158343070657975 4.46310862588906687
-0.42043771553186848 0.40648105835510051 4.4450412478552721
-0.47224105595801258 -1.55073300012960336 4.45736795731152924
-0.58385250121404508 -1.4108692345702345 4.47294317550215048
-0.61902036360947932 0.23731047161919402 4.45639304931535474
-0.70975510700212063 0.2504242763456177 4.45459580147448442
-0.64428145340905651 -1.44402760461691138 4.47445857728738527
-0.72032591090998499 -1.23735538999047345 4.48121700320796368
-0.73642161077500468 -1.40785036089789739 4.45280811063257342
-0.74540456672162669 -1.17806014365179879 4.4658117100973671
-0.82904821715570964 0.01715456661876306 4.43098865217432447
-0.9772074044831579 -0.35713108791624171 4.41856966769475701
-0.96703950153113394 -0.91237199542296099 4.45422647710426478
0.10468490504814952 -0.77089417521055359 4.44697379233726853
0.10103574704432611 -0.39771878490849888 4.41420567191216051
0.05905714841531891 -1.33731023889199774 4.43721858980727912
0.05909806620865882 -1.22243340487942809 4.44976167434945324
0.01008204370266326 -1.05247399972159772 4.44309483263229676
-0.0833677207614581 -1.34783882702354352 4.45199383084648836
-0.15158787273856975 -1.49429721990271402 4.45818729329404828
-0.12996583864156444 -1.69938327368954201 4.43978559161971198
-0.19906998610698262 0.21104421397889481 4.43258876640594135
-0.2383608379475434 -1.7534524491530814 4.43146414103090258
-0.271408722085829 0.45925437795598001 4.39660990500933746
-0.36416923661846401 -1.56583475413389439 4.45105412640574638
-0.43331195573667608 -1.60649378526660391 4.44509888554751331
-0.51846144739829003 -1.69614663385280418 4.4542941328749075
-0.64829406466356265 -1.63803824435693057 4.45685977781969189
-0.64851105157627276 0.32053808480043733 4.43160135555154344
-0.73548614353293207 -1.59487419504946826 4.4366818385665967
-0.70215352080713267 0.37901431362334315 4.45736518345079524
-0.75308236875791712 -1.2230298233480914 4.46577594953013612
-0.93760223365744078 -0.98541253881137847 4.40477673410282655
0.18331468917229396 -0.65445320651060102 4.39841554174074734
0.05573188433660993 -0.96047861301412474 4.42089587590712707
0.08692130268515605 -1.47222567795169712 4.37959077668590968
0.06845156371974896 -0.84401807056254941 4.42078133365805837
-0.03120998037840659 0.09688024020533592 4.40181842768120468
-0.06152438191902699 -1.51693207551104958 4.41529248464753721
-0.12525837557887343 0.2394315354975618 4.41853359454258854
-0.3332003730558285 -1.66691835673355282 4.43157591512682103
-0.40274242158332996 -1.66467507352948774 4.44706007471152809
-0.37445992550180879 -1.7974329256225674 4.41166421853208313
-0.47578838345281477 -1.75038058327584745 4.41271566388751513
-0.53976322390074782 -1.79026183499317137 4.42670306335189245
-0.62552164541239086 -1.84403741740188365 4.4123948542495075
-0.60122590557412847 0.37829968928193336 4.43407061292722027
-0.60329086547083555 0.47863395608726289 4.44478455884441903
-0.69944804764252344 -1.75220298009519371 4.42284273952191143
-0.70585554682178797 0.30885008105600387 4.430092860717596
-0.75871416687594784 0.38483249509310336 4.43362983704830782
-0.76497143466300876 0.21488187994419483 4.42919986497103313
-0.84810312715539693 -1.08184194979074699 4.42872638860321377
-0.86623330612864335 -1.4536022401988058 4.39371162769308121
-0.85257499883189414 0.10189391144916855 4.4395591372350145
-0.8124651867913576 0.2621935421047068 4.41943903082983702
-0.89996215400452473 -0.12715548246594219 4.41395548906954538
-0.90115735282589726 -0.19126522843716592 4.4162891997708682
-0.94567835091727548 -0.03851608869770096 4.424044251648934
-1.02210587914896878 -0.92040133815320613 4.40707488432809225
-1.04950323480771579 -0.74766240667769845 4.41025276268725364
0.15277386781469116 -0.78670622005806523 4.39967143637342772
0.12143324840755153 -1.33242065004974175 4.40551843781005559
0.1421584872271332 -1.22697353315616642 4.39260636246238256
0.10843801388405067 -1.07405492747540987 4.39687522899433247
0.11609803344988476 -0.19583165159815422 4.38603582509804379
0.06139437210329604 -0.18052810721432955 4.40112641465573518
0.0155221398409774 0.16424234748528763 4.41549181300844484
-0.00132594858780399 -1.45864650887146485 4.38771966177049944
-0.04649594245155295 -1.69404406082150483 4.40232863570729638
-0.15054380699409797 -1.84115426496513956 4.3924060182844098
-0.13593214093869624 0.35543213171836519 4.42039603177963247
-0.0894716142508718 0.50187095206849386 4.39707818159315078
-0.18282334915652715 0.4139678149803761 4.42625930911296983
-0.14633769743163605 0.53796191317519604 4.40498818617745247
-0.16732144028520898 0.29116465994242824 4.40675738251876314
-0.24673490587281866 0.52015340470811788 4.41081040322669704
-0.30751162134154975 0.52955237375520769 4.38723063196166496
-0.47602876611161049 -1.85092828389278141 4.39909188957192043
-0.45002368976231832 0.56403022767322775 4.3929608100302211
-0.51819735595712435 0.51922779349845438 4.39633751890990432
-0.51090760082043396 0.6568651321802953 4.38870121013642578
-0.64638785484030292 0.70967122582746189 4.37877967909270005
-0.62766510412593557 -1.91313123430475684 4.37230782040498234
-0.74518034465823491 0.6543410660927238 4.3823900173892012
-0.80977474544531713 -1.47853849963887707 4.39012486440438021
-0.85695382755472405 -1.62615487712003604 4.35838685938046577
-0.98999226548258801 -1.28790153685050712 4.37564285708807521
-0.95196862952364392 -1.05667582700885454 4.40937420778549871
-0.92922967122078903 0.20741307677712933 4.39103365363023723
-1.00541991967841327 -0.24799812734564169 4.38615835249431374
-1.02170735314526251 -0.08574471877525519 4.38189646056313542
-1.05338040685498968 -0.57867060901300438 4.40064931443603502
-1.03437507357642922 -0.38057245479410695 4.37347769357983207
0.18701166280952891 -0.55467958067718093 4.38294194215845234
0.1572845461899359 -0.3973503365996256 4.37081229796910886
0.13207569773753883 -0.86368901242017004 4.38046059644903796
0.12829005063538393 -0.92765576376926762 4.37476448506440629
0.11315783004524754 -0.01086211788000147 4.38290285630231047
0.07038844067787974 0.07534350192850577 4.41267096683221993
0.14388917755116926 0.20147647218834924 4.3711081892196173
0.07500322558344155 -0.07147544055068066 4.37051953385641134
-0.00340885367412408 0.29585763170438029 4.39254136720290589
0.03418447883377465 -0.01702174890201759 4.39105659446224639
-0.077703766047832 0.27121348833381081 4.3894141284840611
-0.03061701376843327 -1.77668296720154073 4.36545575879387471
-0.05846951518299153 0.42956783345350835 4.38189229017421855
-0.14952078691677204 0.63857403877195174 4.37354201933853837
-0.34658799931275397 0.68648806084539515 4.35616104294334416
-0.25639491980562851 -1.81077493520031796 4.37728891487242322
-0.70559953630063477 -1.8881042353730586 4.35829960090084612
-0.78350681434326297 0.32914452634274816 4.38759614738737547
-0.86145004498115885 0.52935833145460998 4.34687517788465883
-1.00700177623246301 -0.97855084867491193 4.35328613251346308
-1.01061943603107673 0.27785148715695107 4.32501839234792218
-1.03366071441990193 -0.14064732655712006 4.36738682896463182
-1.05275512099336943 -0.90007573655903994 4.36874169942995216
0.18783487408567826 -1.2753473662320749 4.34843666151730446
0.03036623854292313 -1.64410479818227939 4.35136572630320373
0.07079311632181809 -1.5694849450652153 4.30893605555074188
-0.07724145647033914 0.34041644708594937 4.36867870587103546
-0.44496658659990507 -2.06445112016728238 4.34399292623898514
-0.57969990435687702 -2.00271845857561015 4.3364563463000847
-0.54562907709753639 -1.8712477654205828 4.37181167468734522
-0.79890211993808746 -1.74993975063673668 4.35812241706569559
-0.8542914461042812 0.41765128288446807 4.3322037856615685
-0.93165234493799365 0.41768934426109855 4.32145763835391516
-0.90468802003014936 -1.54375851361626837 4.3472944160626481
-1.00609425619573334 -0.18667307747478648 4.35769186464682168
-1.00778945193244773 -1.07604334030383475 4.3715954184779644
0.24029408501517607 -0.61885777293830579 4.32342040620097112
0.19294504697850673 -0.9395018369739061 4.3526815120868676
0.1676277493879364 -1.43458420107087736 4.34066621639155503
0.20145865480950564 0.13094508594281612 4.32920139122112602
0.18648672732569482 0.22268134423978725 4.33456044051426481
0.12394308544775118 -0.06326099185325684 4.34466472596790432
0.01149448798276343 0.53306526658309517 4.32565844993195903
-0.11764918913998446 -1.90516475821241449 4.33770218820867282
-0.05635571065619836 0.65739940198666336 4.32656133110416086
-0.21385637793448029 0.82527578452424843 4.29716529963963101
-0.21274122535791573 -1.97960604357546632 4.32817297278179414
-0.34379685917805025 -2.13977789574215294 4.31628830302093647
-0.40518086229846512 0.72335991612082096 4.34924273386292981
-0.45394545579484413 0.74592374558142482 4.33605663055966239
-0.63053766773785747 0.84001417099678244 4.31978909441392034
-0.74322553672196867 0.79527806803182532 4.32821680244689588
-1.02518178348764377 -1.40050038643403707 4.33054461416991909
-1.05960071365556319 -1.23338852395223197 4.32183472436138683
-1.12391300173486575 -0.78605740890338294 4.29498421482733672
-1.20210655245438192 -0.6552295536282734 4.1956803156168645
0.24400580885006773 -1.06356472892279141 4.30024042441442322
0.23241803148586282 -0.86919804217437324 4.32806477530616895
0.21568672598947969 -0.37687188420008111 4.30184727796980848
0.20167326280164818 -0.75401528410033181 4.31500480610495707
0.15383557745653925 -0.14061766136583648 4.34531019892498449
0.15801897726089148 -1.52104100636271466 4.3073535182907623
0.19974029394837045 -1.13203668178693295 4.28567506288200484
0.11323039968151395 0.45350135800994812 4.27197479282105252
0.0163943295592156 0.45189869119440912 4.30362141663972064
-0.3169831970898313 0.87419343702108199 4.33686582848489
-0.37126617179175081 0.80414216283744 4.35917095633374707
-0.45629307411446113 0.85606395806488889 4.3481057294264378
-0.6290873530261194 -1.95947420190487476 4.31705908885279754
-0.90441977842061783 0.67252306715145815 4.28031393787940573
-0.89168763567713327 -1.59762358426828976 4.31536713383922255
-0.98065068116239518 -1.58704775620383831 4.29751546752756663
-1.04560504161078494 -1.11900436235811718 4.31194815921763119
0.23754393880219027 -0.22328258055836653 4.32102237215387142
0.23961908973543 -0.0835596142342431 4.28771670078943323
0.24236713648659586 0.11820486654816353 4.2744021045799272
0.21734764809017959 0.02837655050209036 4.25075612263763247
0.03915722296727981 0.59837251193560603 4.28573743390651529
0.02283931551613711 -1.75044149501303115 4.30209676122518214
-0.09909654449165806 0.79234600803076449 4.27400774416809615
-0.15465590168075566 -1.95054405017509591 4.29808685934594426
-0.30671872630618685 0.77481606203872733 4.31212092548899939
-0.40841723130641761 0.95120078990359669 4.31065994576667588
-0.44599124439757176 -2.20007149360433241 4.29930767230605237
-0.5406254593157277 0.84569441202650775 4.29746404687028605
-0.53082262363550592 -2.17638040454311588 4.28280638449005657
-0.81983093484269387 0.78487197937093511 4.2865797244988082
-0.90473600391858366 -1.66384599256082311 4.29050398965875779
-0.96930430438356208 0.51714665052114861 4.27053883741677875
-1.06827897167978914 -1.02059295258853933 4.32558060228086294
-1.06323931012827089 -0.90685253230863472 4.31009326900538792
-1.05414472643388102 -0.24951529142108492 4.31342090571391878
-1.10624851340975638 -0.05564927417848359 4.27363803283101884
-1.11528823586528536 -1.12880616700444869 4.28437346860741641
-1.19369827225558511 -0.58182538539632789 4.19099373615813864
0.23363155749924164 -1.3853949611791152 4.25307884110417511
0.11983310289341013 -1.58135788714043612 4.28095494775821361
-0.10208186218867941 -1.94641505635338596 4.28098511404876803
-0.21285126792736875 -2.10609392071726953 4.28648812481894748
-0.16515498413940277 0.93631047210849683 4.24485148788632571
-0.32495917796757995 -2.25766667405801336 4.27032734827119764
-0.22938911409146923 0.99831716530532255 4.2591209692351315
-0.5734734990912661 1.00379155297286426 4.25706936237574141
-0.63151024145750534 -2.02168230599909071 4.29202519568543384
-0.69698060167657439 -1.93642466239677802 4.29080235478141425
-0.77612801668506304 -1.84459100980897373 4.28574169471640243
-0.91271769271172709 0.54055951258376134 4.27285452181037773
-1.08930712505816052 -0.14316312179111212 4.25834158327592593
-1.08339748795198387 -1.39470179479871303 4.27245365502575059
-1.09909169435181497 -0.4129368571796041 4.28052529768596823
0.30520869966592895 -0.38388959485817653 4.26580375991396732
0.31635056644904402 -0.19158663501624318 4.25293132011712594
0.29606145404696599 -1.06410610002252981 4.25116886944977157
0.27726724528146746 -0.71639183855588062 4.25338433047657194
0.27721141112696457 -0.50307121464032156 4.23649817788403471
0.25429170034806992 0.22703759133026544 4.25027196819586806
0.25785398034922224 -1.29284372182603247 4.22739590576510516
0.27584334186029019 -0.60589314075262179 4.23416941346670761
0.09327024786550744 -1.74385948977950145 4.2821387957244017
-0.00559054095745742 -1.9211229394966971 4.28763567136023216
-0.23325362716496445 0.88409955255509232 4.2622962114602192
-0.40191911994168544 -2.32357552820866653 4.23765757771046925
-0.67494280363829706 -2.05452590070492214 4.28365566171093004
-0.71123932291166936 0.98552791894693392 4.23079082634320702
-0.75564496021578054 -1.96462949123400787 4.28340292730581762
-0.8776936197365881 -1.81205619180748201 4.26435103702908069
-1.01575674859936571 0.59424987047535172 4.21362550422974547
-1.07500702675664006 -1.56931070753658419 4.21667129355903558
-1.08452965098734522 0.31660742386643947 4.23072984781236805
-1.10550900655322715 -1.23434345531516998 4.23732118379746225
-1.12567438018970956 -0.22949032169616637 4.27828550864801205
-1.1397374135237639 -1.34617507594945662 4.20390977593546467
-1.17269325390278656 -0.41369940977130198 4.2620468880319935
0.20294613433922781 0.4004764399540901 4.19878027425214917
0.16760286297135801 -1.54709150961183495 4.22876294109385409
0.10968762562900043 -1.94445158745264779 4.22905255326251961
0.0814366731888416 0.59738456126625372 4.23294014572191379
-0.01848697731756709 -2.05208339986582589 4.24994723018944676
0.02009225951385261 0.72098560036507831 4.22303811293755249
-0.08027634555932454 -2.02604368965653103 4.25981896728944331
-0.09765324761861928 0.9871329073400481 4.19422833428269737
-0.17833377932979652 -2.09578633538740133 4.25389321906432549
-0.33152318672476622 -2.31124228702695866 4.23832379200853993
-0.28933181811359776 1.09737026972591178 4.19497057142583962
-0.49783351150217026 1.11468241811407176 4.20223342183677673
-0.6175299861063166 0.97168798533761835 4.23119507724599409
-0.59981802750482627 -2.12020520904582011 4.25783508968816538
-0.716118165279793 -2.20119894834934637 4.23175805214355627
-0.78316813788748463 -2.08814006546630004 4.24529448019316469
-0.99639773206574533 -1.73013498961840217 4.22572010796887909
-0.98831749755497067 -1.66093526114868428 4.23398543585832954
-1.03356528437039752 -1.63208915655608866 4.23126296867142582
-1.13444394271952187 -0.80096311125297415 4.23585097215724105
-1.16298282255566798 -1.19415719946571608 4.23562904894093339
-1.15635212762181849 -1.01034037151624134 4.22968488904004936
-1.21481328920491949 -0.4055147283511889 4.23279732059629943
0.36682374102406939 -0.23455462361410254 4.18785706719188688
0.3054141470870626 -1.17324735154937509 4.20449119325930454
0.3080455344549996 -0.92795657142757126 4.22325761998573679
0.29753198634622635 0.03366043499459165 4.19953006371969106
0.27061231603898284 -1.23699668048624423 4.18160886143403232
0.1530055194796929 -1.85302840374897837 4.20423349359468457
0.12860748262912006 0.64572041079628872 4.19450337605434687
0.04923886429417685 -2.09005322134225224 4.21430483618254748
-0.06075833968279092 0.86142694280287746 4.21328719328686496
-0.49342826895606756 -2.37890840422700522 4.18565788236773795
-0.67891915040376882 -2.28116399064754427 4.21661067587408045
-0.74400028360822335 -2.13834700846522408 4.21848128060036753
-0.8516172388865203 0.80495899962595474 4.22574965315322792
-0.96027124330095071 0.66827970706215356 4.21336794152303273
-1.18293289172136484 -0.82810743263259179 4.19610544668875907
0.34526633368135062 -0.47141820746516594 4.2006147851503437
0.33655793092825814 -1.05772675816323369 4.18377852211953094
0.30776129609560521 -0.62930390403510894 4.20768238118668947
0.21431084822789265 -1.66866370913669604 4.20611954213259764
0.21417611559467903 -1.59181377162299498 4.21367769920824831
0.21270015657588856 -1.45929716542216514 4.18774266608040957
0.16346844440978586 -1.70230775063830353 4.21073078292108249
0.10946586860290805 0.70689085847297328 4.22253739269008843
0.03033096451153975 0.82126261937237532 4.23431846218730445
0.10844534343292288 0.86299640281652712 4.19914461469524536
-0.03180974873342624 0.91092704690717885 4.21812271672573935
-0.18854450505991796 -2.22828715795950671 4.20957195745300172
-0.18039268112655998 1.03416450712535624 4.19311726056405121
-0.28418929743548887 -2.29478345149641427 4.19246046420874574
-0.51321071053556422 -2.25962058100277696 4.21226443672537787
-0.59301000312451835 1.0714326702405601 4.19800329567814057
-0.6386493604767749 1.12434692229837618 4.22385535976805127
-0.6618155845187893 1.0285917080322835 4.2070602831731545
-0.70107017002359073 1.10531284044884726 4.21078022456426826
-0.79743047079880736 -2.39538371305851427 4.14211070287658867
-0.83370650621543552 -2.19852536427022782 4.19239470959348015
-0.92942231197267777 0.84312170776079975 4.21656310372166843
-0.97638564003941164 -2.07756065467546058 4.15654514269616282
-1.18545371583340597 0.25469302804149641 4.09625244564120639
-1.21279091748789636 -0.09013224328829317 4.15115352913473767
-1.18667809848042038 0.09992358407017782 4.13634923488486095
-1.21858031962889291 -0.52795073669927173 4.19968137278716203
-1.23760158123516373 -0.30749111898734538 4.19527166433571352
0.29612216936046704 0.17494945181114946 4.16058851367119598
0.17350251338058176 0.5707053819310739 4.17906891020108162
0.16923597023911677 0.73040616454891105 4.17881687760533183
0.14208484087088044 -2.08504503899230764 4.15788723945613192
-0.01531763526059743 1.03078458209618717 4.18211223862622639
0.06266572780179784 -2.17695399079816898 4.15818483548491891
-0.02306181732231628 -2.14679716036724022 4.18202073219567261
-0.12234683778003198 1.02751688108954942 4.19039271171999772
-0.14086343262505713 1.11601325747462377 4.20657619603295529
-0.44000966019618898 -2.34308784693490058 4.17808741929805016
-0.58678026213317613 1.15793958767101368 4.20275100848667993
-0.72763791925581389 1.03789964355233844 4.17752174183050506
-0.72155354467776989 1.1641141478614867 4.17975677448809524
-0.75225885305530693 0.9765618464711705 4.19559918442748625
-0.82094746417090525 0.95184135028541661 4.21164350279871247
-1.00725400154360067 0.65126447510498953 4.18475389849636681
-1.19872056161768303 -1.25297500033063347 4.16668585510728473
-1.2051670116513169 -0.70980796426558335 4.15256454146470055
-1.2140151857948438 -1.19243297567193163 4.16265463666300484
0.3409005267639264 -1.15504787766684403 4.14312718001948088
0.31985390180992462 0.02169385703038914 4.18062231214829083
0.33776057563205819 -0.75349483749269908 4.11921202173031187
0.32861635417189411 -0.54208326748340507 4.15382947773452926
0.26326545178824678 0.40949724834643286 4.1912227893823859
0.28285463990251503 -1.65396081489918467 4.14681778910737542
0.27248942707449536 0.28155383666994205 4.16565026090514312
0.25026475328342268 0.54400557284574125 4.17164179833368554
0.19765225009303994 -1.97282651225353023 4.12264710635437837
0.17028566974778531 0.65571468302432023 4.14780938690433487
0.09402211028770094 0.98952893950181509 4.16267824865979907
-0.13666701374094284 -2.32160498221658473 4.16213797059231272
-0.03911260109679751 1.18640391401124479 4.14649356876118436
-0.14678355115860159 1.23123994277003113 4.17455415558136966
-0.21832364449560421 1.17837877700657745 4.18283976322582962
-0.28544559306377026 -2.40807033720897445 4.17288328922112139
-0.29032016342481681 1.15972902285735291 4.15279715253027426
-0.34369081381866712 -2.35749261357767015 4.166733184180762
-0.3924406812133216 -2.36206123844577176 4.17434765092749327
-0.41442171108608683 1.27523726689691141 4.10369779998619943
-0.49655752156492927 1.21155801476908209 4.13441943648511234
-0.55948890631089587 1.27840240660318383 4.15724217628030601
-0.67095869851311885 -2.48739458521413592 4.14327099755419148
-0.63495052766749227 1.23555182930276031 4.17751890715139229
-0.78944404034732329 -2.23884724705376126 4.16235739073078559
-0.79616673015805572 1.04863770670612744 4.17209897306464939
-0.98767737619219154 0.93777570711816782 4.16031886149666885
-1.0387155957857066 0.82898058587820034 4.16946889892533523
-1.04666384514230981 -1.92842770152131626 4.12828313019723225
-1.04844234481177034 0.69733716957572811 4.16812697296160639
-1.04790390481536599 -1.66183393800427348 4.16218423002128013
-1.10969659200880244 0.39859844389068788 4.148186726474556
-1.11485406797858255 -1.53839568169820318 4.16035515607868334
-1.16657605874605563 -1.4120901923832796 4.13248168985956266
-1.15646716783470405 -1.29100170109407331 4.15698005948385418
-1.2140445835887943 -0.98786980086347709 4.13122830548345732
-1.26233194135055693 -0.51546561668692159 4.14898938145481644
-1.27694143058202747 -0.3683130364505518 4.14210271447817124
0.33417871112270875 -0.58256583096580139 4.14468969440567303
0.33200670160642115 0.31718480145373695 4.15032320029771018
0.33726212877534933 0.37993758824348678 4.1428878236996427
0.29457784423523514 -1.29551187418092528 4.10975708780149329
0.28025214270491822 -1.44152383570727149 4.13627406943265541
0.23556785084860046 0.65323586438587422 4.13299479867406383
0.23627608562836128 -1.84367435103122168 4.06634692334098968
0.17035759321907706 0.92711442015586309 4.13328044544178397
0.03030722625698477 1.09105342105773939 4.13194822763288894
-0.06723259810783438 1.0723801399226407 4.14694381635121889
-0.09075256042832902 1.29010094620872673 4.1287894097869815
-0.38709370170188862 1.38052382454045186 4.07981597289423004
-0.75749703432328996 -2.52643564381731034 4.10752809700848598
-0.84398169560672198 -2.38913028135711869 4.11213662180858197
-0.89099163193949193 -2.29236569682369362 4.12682930047887542
-1.03529550035122031 -1.72284708280349652 4.17169408870849523
-1.04955494163807894 0.59826909077625279 4.15713937333455164
-1.17647789156986615 0.00089890695665205 4.13007955953991779
0.37947745971600333 -0.40305078373401337 4.12686468169218035
0.27356669023727709 -1.78465775462672305 4.09711272083078626
0.2293614283270077 0.82645719122138939 4.09083121376276093
0.13599073854765223 -2.19529211222517029 4.09493882578822443
0.03599624267706431 -2.23184952290295513 4.10376043421855918
-0.01950620073489568 -2.31987353794581441 4.11735174223192679
-0.19533530495538926 -2.51897666860970837 4.12148053787853641
-0.23451029953315339 1.34737448286177464 4.10104695703277677
-0.25331695790658437 -2.54545622245913572 4.10984433936943816
-0.3275036326440573 -2.47794236099830956 4.12041886045973182
-0.38745241141411652 -2.44778783542738054 4.1488265218769067
-0.43590918205024171 -2.46261303819912003 4.13411421985039418
-0.49619153596587062 -2.5490025457140062 4.11731229332727988
-0.51679108750386182 1.2830656752450571 4.13676692528006562
-0.76087121996622376 1.37189657228596795 4.05352729834099534
-0.79521681832906987 1.14424839682737223 4.10388807980114567
-0.80221557694696288 1.22792320032766278 4.09303682438365435
-0.97504521204417982 1.11656308613875566 4.04961956336047546
-1.00445256778455749 -2.15625393494025452 4.11398556932617243
-1.0529016105344029 -2.1320988849519491 4.07561034352581864
-1.05379630256282875 0.90704757471647568 4.12652651563644479
-1.09711361727100654 -1.79755468972606214 4.13088090574363775
-1.10102755929348373 0.82951431730912917 4.11660466102756573
-1.11029783335655363 -1.70664115552634743 4.13426379736242122
-1.14928073610084636 0.45245948171348127 4.1395630011492015
-1.11572951631775386 0.60561986692798819 4.11816289680083791
-1.23664856711111248 -0.576238014394995 4.10211685680505056
-1.27623252927665298 -0.06114500479150461 4.06763307278127062
0.39173057456615784 -0.64750058346905059 4.10420766925368241
0.31573548034062354 0.247245966604309 4.11984117334154476
0.31438619635795489 0.597789691760793 4.09427785381181586
0.32116775304883105 -1.18955765979524197 4.07979539510287204
0.08725597061461206 1.1132702225557356 4.09083990299363354
-0.08927531825847128 -2.58115553481805104 4.07874724931872201
-0.41646417585186718 -2.59316892743988392 4.08539318072539004
-0.68056540791032072 1.40727635815094265 4.05731743737898398
-0.87253423098281746 -2.34214898735381638 4.07794258692381195
-0.94276013153843019 1.28806892844783061 3.97048752922311898
-1.05484828163067856 -1.85299403864005829 4.11271105606539855
-1.07188127014979417 0.66919722093631029 4.09847097470766375
-1.1342033555207065 0.7794415860039432 4.06927826862204611
-1.14410120072847787 -1.79235733132054431 4.09462019751203155
-1.22107977546396063 0.35045619413968182 4.10377003997892764
-1.25259199239905161 0.016927970503017 4.08041152731338652
-1.23753060105665602 -0.88693276418360534 4.10055557108285473
0.38480945962496133 -0.73490517545032796 4.09090029199051219
0.39497653673561689 -0.50631142348022895 4.07252595708013931
0.41630458854761671 -0.26520765598263574 4.01722583395836885
0.36255080635417958 -0.44973204408662004 4.0778941581111372
0.35578661948731316 0.03674752308838899 4.07942481058511142
0.3366198239314383 0.16501206946351363 4.10871301925420607
0.31673961836793046 -1.36465342250171018 4.07808607804411949
0.21789155076922492 0.73637720050544808 4.07444944151846489
0.19755869970017509 0.98731520259579919 4.0625428855581962
0.00814680704539932 1.16069746784654648 4.07556631436883432
0.01371334925813234 1.31787366483008173 4.03490612679248883
-0.02143416886188066 -2.53297050967324466 4.06686349008694581
-0.48772619380335697 1.41925173392531434 4.0599700265699461
-0.61726436282730268 -2.7119148498431036 4.04385267204992704
-0.83856829844925085 1.34859836111143183 4.02113320959288867
-0.96885690356374354 -2.34254663620227843 4.05631926647202867
-1.12811211505527464 -1.89925912590693535 4.0685878995641529
-1.13548411921157144 -1.5171823712561967 4.08708569695618884
-1.21491053636244595 -1.31080581197247925 4.04163377143221147
-1.23174188702533938 0.51365820841619658 4.06736794694404491
-1.22282369360249499 0.18098688188527157 4.05770693565314655
-1.23387618487970951 -1.22971616662665784 4.09291431146661466
-1.29462065536494508 -0.74866899870497694 4.09190978356262747
-1.28940658466233615 -0.65747016480088916 4.08969720085035604
0.40825490338949766 0.07899557042008493 4.06601478620438606
0.39518159788858981 0.19051176168368972 4.07513853095285583
0.40444398496583167 -0.1286785022890965 3.98504256066739737
0.37794467176110813 0.34794625519362221 4.07805208206992109
0.3862715552027865 -0.99308897289646925 4.00931016844227806
0.34049350040783161 0.26155638330730224 4.06955283259223055
0.3653661899264592 -1.28953816716067493 4.07417719459599237
0.32306673195705671 -1.75611589988204653 4.04858246766351826
0.33882940221001034 -1.62729638048652148 4.04499712278852286
0.31162137481567304 -1.81967771546032053 4.02181444505913266
0.30663024074611722 0.78565695804785474 3.98651169115341775
0.19986706321668604 -2.10246405322320928 4.05341651228028077
-0.15903271556231877 -2.65045530807988072 4.04949820380197778
-0.36192133324369757 -2.63269025393506295 4.07017324739310649
-0.44572582254881954 1.35526787037015595 4.06069521822546076
-0.46871479085462775 -2.59222235327985784 4.0663214387262876
-1.09284784690248848 -1.94857207113790043 4.03924487174356184
-1.12508906600946346 0.72160960589620193 4.03133112175684172
-1.19669988670037353 -1.53310729059096551 4.04836087177763826
-1.19478424313708764 -1.40869586619387754 4.04647939587060002
-1.26392295607834027 0.25426427639716287 4.05482293698806551
-1.25781929599123732 -1.01741199565019169 4.00933623375176662
-1.30418474081470004 -0.83954108666929683 4.0470859011246052
-1.30254214439193228 -0.39433022643797794 4.04579241840199
0.4195282809200675 -0.44197332758500663 4.00616175007645303
0.37556222479778384 -1.35374350539024779 4.04845408944538843
0.38208790298771989 -1.23123648138277475 4.05238907488539901
0.4032789826840803 -0.31667332473018833 3.9765557002917693
0.37750036049505659 0.53015965525383668 4.00500699990655207
0.26840762961498843 0.93229455290326946 3.99026670359413771
0.10283851648553478 1.27350679690081225 3.94309965939863583
0.12140075522660938 -2.28337295093419002 4.01589202031440351
0.03893728549347264 1.29934087248454055 4.01873735095398921
-0.18817331526529207 1.45658666276229432 3.98771998683867857
-0.23132774395638755 -2.64062601338366232 4.02587304784881095
-0.35908760835919079 1.49970915784245418 3.99055429543276174
-0.57199849950711734 -2.71143622010857843 4.03107778264167127
-0.88368090309089131 -2.55247489656876114 4.0159799295560159
-0.91388992216054954 -2.45107260127768178 4.0303881368609682
-1.16848277262978195 0.87459223075542658 4.00383743655679591
-1.17586145379799634 -1.86735264421540248 4.03218751069082071
-1.25924434449673694 0.19775922986203792 4.02686604130983472
-1.27894997492453544 0.4124965932508442 4.03792382915600534
-1.28628279876349261 -0.46282387226796462 4.01630344582910404
-1.31637504004612826 -0.57386146962310192 4.0275462093951333
0.41127672569634949 -0.80976291241730813 4.00605173510821633
0.42294252206045363 0.27721821290646531 3.99113291113648394
0.40014090665085383 0.37509538458172509 4.00143144515408888
0.366058633898799 -1.0685724542302073 3.99062994859834586
0.3504646163629101 -1.45437383688979449 3.9869360560753524
0.301711812008012 -1.91711258448120003 3.9301871005360729
0.09617019187602421 -2.29199207638469016 4.02552871318155781
0.01971551194342424 -2.53010060735938191 4.03055986431282154
0.04313310394757823 1.22939035766620131 4.01411322270136761
-0.05350644412774527 -2.6743672193007666 4.00162741407503564
-0.48128483740396144 -2.73314507277807994 4.02302488189509333
-0.68517723807572917 -2.78175922188718694 3.99737321877310947
-1.1334426444655743 -2.0979935158733749 3.96486184763166216
-1.24865561447448736 -1.20200114829799731 4.01282157856533139
-1.31076197237951564 -0.24033858300101163 3.99916879400604319
0.43363753308360237 -0.03247625631144642 3.99706066002898197
0.44116696458799093 0.18986116712866036 3.97463876874761013
0.39496253429879247 -0.90459032489950986 3.93172571182156849
0.28718059548328767 0.8786375816547809 3.94546538483136633
0.16992670127976145 -2.21763682999607781 3.9842682783499086
-0.08977909995445871 -2.71201463539893117 3.98632768569882323
-0.44751367685090504 1.46512615595062545 4.00689164239298101
-0.53596215332631247 -2.71120356082226577 3.99977126917722758
-0.5540730863139337 -0.19304408530505007 4.01398845742538413
-0.74407582954981588 -2.76471094661270822 3.98017617178644745
-0.85911181268208825 1.454626706077224 3.94666882273282305
-1.02483038534814352 -2.36592186720974373 3.98303030520488877
-1.17681158620483872 -1.96937492393299163 3.96924484543926903
-1.210210354456698 -1.67308576105707218 3.98389180142768851
-1.21778713854565823 0.78499312942975141 3.93176251492942086
-1.26099914429127824 -1.3865369415180151 4.0210892163384635
-1.27619147441629699 -1.30889650505010402 4.01051447702949027
-1.30852994807570955 -0.95176923694798121 3.93552640457403058
-1.3182147061427163 -0.7819587882938136 3.97977080347163525
0.39485016318916666 -1.4315885288984358 3.95767437726433524
0.40398087972318086 -1.34207883364002223 3.97237294809247521
0.38882540475858213 0.33618605877934138 3.96689662483929073
0.08162606589023073 -2.43212539006851847 3.98143299637865011
-0.21291028184298494 -2.77628158170942374 3.9633318001835498
-0.38551316294237103 -0.30053369088925469 4.00270473952734296
-0.3974643561721295 -0.128219342823364 4.00490658298719637
-0.39055476129354277 1.54050754422534752 4.00480450430998136
-0.4666836319319787 -0.37089013918351238 3.9997995355717717
-0.43590156724067269 1.53509506606606938 4.01254924732947504
-0.37072987684116565 -0.71009207498912108 3.99255883578919679
-0.47972898915009948 -0.60565902452971243 3.99978234055638149
-0.35702492572566102 -0.00166090489204003 3.98993132292776975
-0.50029790858711587 -0.28384581709001194 4.00605914636004812
-0.53656033293168925 -0.7446136271333661 3.99648988689793017
-0.5769993801356037 -0.09407895331932267 4.01475216801780377
-0.50979234715689303 0.03901213238456004 3.99300703652656086
-0.55398461617048822 -0.21129585007470988 4.00007014045506004
-0.71419152396320507 1.6723116286652544 3.85973984789997182
-0.88289004057692766 1.32652107789518769 3.96758538635131286
-0.95738344815923659 -2.40157377648296055 3.98072168109042446
-1.22612161960036659 -1.51522512253341923 3.98280276686586054
-1.2769839605076907 -1.46351089055232864 3.97680055002961508
-1.27017635601537537 0.54436031833162446 3.99239534525810358
-1.27472534105351509 0.21551518668069589 3.98669281843013534
-1.30497311373735814 -0.13121700450856655 3.96767995665389872
-1.28875059187038765 0.01616852133572794 4.00130560824601567
0.40681653793607925 -1.08003520949304122 3.95444644248783517
0.35385099386314695 -1.73509397595602155 3.94094410540919826
0.2971180287952534 -1.86063658949014421 3.95066210177801702
0.23923926167491066 -2.07138390202097389 3.95942518933347287
0.26506864898964227 0.99582655066740777 3.94463714060536352
0.17785255328766045 1.1291370595150636 3.96313443542207633
0.14289819988099423 -2.3240165151748764 3.97850356227248225
-0.01926200325103396 1.47063551191723652 3.90774297297494089
-0.22066876955432091 1.55693320510040345 3.92192899152252306
-0.28238009248917606 -0.15378427325992941 3.98519350667512695
-0.32336937973142499 -0.88329980297735056 3.97407232310898939
-0.22131213397604232 -0.35356272859295834 3.95808890889028486
-0.40095462939870102 -2.99313948022624876 3.91242493121946744
-0.42306538736745697 -0.90870377027421578 3.98718400757838465
-0.40361847473076118 1.6646535437507306 3.95189913202964238
-0.44281488944109149 0.15632055876663692 3.9630376106673566
-0.51110570711015324 -2.81919318241401573 3.99205942127622881
-0.54766106448972618 -0.93391250318863528 3.97976078752793505
-0.58964487743859439 -0.41983513378232928 3.99399792764263006
-0.53224502572539056 1.55576786780303578 3.94901738763220456
-0.53652869531679115 0.00526471956498507 3.98500245181267632
-0.58730317888818506 -0.09965521239871147 3.98905649046929067
-0.62845017656900748 -0.68412561015634155 3.97897445453077303
-0.80559340439197857 1.54502892903546041 3.92021237549524226
-0.92449730719525458 -2.55524025178292602 3.95711374660729476
-1.0435287262706332 1.15418336476967642 3.95729567957674444
-1.15920309034464708 0.99815722507753835 3.92938314695882429
-1.15319640740074525 -2.02652282069572021 3.91231955110497021
-1.17418853638821052 0.78686720578686831 3.96087726439783028
-1.20156373075853007 -1.89160989064963014 3.95959615735337067
-1.29666448401986001 -1.11803254975293709 3.94551497804816043
-1.32512262673947379 0.11493495137584578 3.98340390598787941
-1.31902172336536005 0.36964028538530835 3.9455804911273451
-1.332660386690385 -0.38439119225731316 3.93121657385090684
-1.30971853344933509 -0.29927219385003379 3.94124198424486405
-1.33897473343202522 -0.03251973351726539 3.96065510965475154
0.43996069099813401 0.34937070372754431 3.90399425443317405
0.43007807338475762 0.49165858861274764 3.88791086216862203
0.23984523394963872 -2.22158536427776676 3.95974409220681034
0.11535718739498084 -2.56278686414567014 3.94279721878866374
0.07102520440445539 1.33892409074232432 3.91915611997142976
0.00922807801539007 -2.63487044404759985 3.93572332854231144
-0.14641861529012279 -2.73528003066001224 3.94267498757286106
-0.23032172985369215 -0.11871909415648946 3.96260753178262037
-0.23570047916678566 -0.68886559565063776 3.95694826840754654
-0.24459348613111342 -2.9267687680303629 3.90336110515299239
-0.35460334630733858 0.20280415441354699 3.94799959422624358
-0.32332655422106105 1.62384510115562231 3.94600719786424881
-0.35299353455980143 -1.11971865281120575 3.94492861468192979
-0.46279348857828084 -1.22611151909860538 3.93809402573092671
-0.53689175991319971 1.67147257561184848 3.93039346624111285
-0.58083351452939114 0.23467437024468957 3.93580743981689141
-0.67836091981255509 -0.74403291237336466 3.94658915913877495
-0.66459926920582091 -0.14287316747757436 3.96102485022917694
-0.78441408729362516 -2.75151648449533415 3.94749761264189525
-1.28099792910356247 -1.52040820404011323 3.91975646530504074
-1.33292901823825471 0.22060015924633397 3.95035279022217045
0.42954149976028189 -0.71085847132213398 3.91196381423963491
0.34018039831457819 0.87357085184383709 3.89681019943229279
0.25120106313395613 1.13402598139274469 3.94603395161861537
0.24590284612902813 -2.32283092450505713 3.92222747724718568
0.20088237264668285 1.24205988120840072 3.9400881214020842
0.17765597375067566 -2.32688190055286537 3.94052711406100675
0.06155690284687871 1.40432153202826493 3.88451514204133908
-0.17854521137432272 0.02954319408884559 3.89226569614188778
-0.26714913374700794 -0.97095700616685821 3.93799228494566878
-0.24606185293023455 0.16018945885275843 3.9168166964346165
-0.29688813764274546 1.7161038183539703 3.89003666754554267
-0.53667321810260216 -2.91978827715365163 3.939803571180446
-0.59489168511007395 -1.08377106650692046 3.94232501619914988
-0.6212249774664651 -2.87015206665640177 3.92134210442110076
-0.66618001254061776 0.18072214360621805 3.91663761437620073
-0.65399593019727875 -2.80575213270663282 3.91818601023860902
-0.71158860699184523 -0.3789295948096274 3.93036653052684626
-0.9823471280024284 -2.47439175534040512 3.90032740344071716
-0.97895360549604615 1.29554939017703274 3.93284413554832524
-1.00949555862821394 -2.39935915594815086 3.92229338594864885
-1.11495826096490291 1.15903447915588753 3.94476092801086908
-1.1615088171678738 -2.10073318715968771 3.8905197128882989
-1.20770507176100295 0.89978874225337913 3.90648643331312728
-1.25531659818691299 0.764883435746053 3.887957918113361
-1.3064950878269781 0.32417259252444863 3.90238046260623328
-1.32769218158182745 0.50388422355865348 3.86250768254792032
-1.34758865079526435 0.20499290998661626 3.92526899653672512
0.44431375396190032 -0.20733380670765339 3.87927891663280455
0.45050824030855474 -0.08867440890706969 3.90959898290454699
0.4165892113725877 -1.01332436960946981 3.90931060941905839
0.42244419461760602 -0.88354731988444923 3.89288970003541035
0.41066095512842327 0.71096430324967763 3.82828878188760191
0.37846796010990669 -1.51608316498239226 3.83529312434787206
0.32758504770086444 -1.9509274885722605 3.90281323387488399
0.29669483637856398 1.02702020475236 3.92628117933826015
0.30563775386968323 1.10908063373864496 3.90957877172258161
0.30032894747277072 -2.23160789038964991 3.90457236204780145
0.20119116133631681 -2.44333702168991618 3.90775189231556652
0.14031135337217016 1.37372212016868511 3.897386944489595
0.09127597887869021 -2.69677708432187035 3.88796317770164146
-0.0644696510298049 -2.72885674353533281 3.92830893360403843
-0.11516500855343388 -0.57768088258126127 3.83530480979880739
-0.2205122753620711 -0.99339680722302404 3.90013641475313566
-0.28162133190682659 1.58970025003811699 3.90840003970339733
-0.34890406633023513 0.39183499804076133 3.91166056913720883
-0.46692202888457301 0.60396835879615085 3.86178217355436404
-0.44556186818586835 1.78694673664382719 3.87513863478077658
-0.48801654197097377 -3.01111394059270898 3.89404551947540378
-0.54734406517999978 -1.32980767564668323 3.90112314321111775
-0.6779341544662848 -0.99654724764152613 3.91223996188164191
-0.72793199323402324 -0.02244288876059874 3.90254182595117882
-0.73788823984383967 -2.80345483253710048 3.88280251385921416
-0.88288484307403226 1.49613486502856263 3.87454917502188279
-0.91752999280195868 1.49383168010402434 3.85787419066889736
-1.01497456049850077 1.33284064191597662 3.91898085789831896
-1.09092037718109758 -2.27788547307778799 3.91620310142859207
-1.17688421735059645 1.20645894069651316 3.88275757016262846
-1.20922998964936457 1.0431026106518122 3.90152987668241913
-1.24373252334094664 -1.6010062582720217 3.87198817252240435
-1.33998450001517444 -0.21702727884372977 3.88516132441231976
0.43218578592725448 0.45409066043109719 3.83627055399481787
0.34490063603523252 -1.89258609134411482 3.8779833022647594
0.35490602877123417 -1.70869805016640619 3.87130688785713462
0.28577232792219592 1.26549126104287768 3.87684656587644083
0.22852137233630002 -2.38746124174617469 3.8702015125691176
0.18948316940470539 -2.67972931866103803 3.83849892450458885
-0.30513955099037693 -1.27294776335181337 3.89651443836038514
-0.3721931625524415 -1.36919693845705348 3.89162019553122596
-0.46794490436214142 -1.45086904242263337 3.87646796591474718
-0.60931340172725779 1.6528740333144698 3.88103033583352142
-0.56315687999814623 -2.99075197857131014 3.86919414551200802
-0.6433656488678966 0.38042740667654168 3.88453346092695373
-0.68279441410863639 -2.84993031950307785 3.86901050022237269
-0.81920932007248637 -2.73580302547561693 3.88189927648560573
-0.93893311252180356 -2.56423194663074749 3.88900316699286419
-1.06684458972013352 -2.33353619759027975 3.87444279441352002
-1.09991304681068103 1.35672776857072819 3.85980968549378201
-1.21152176268031408 -1.97659457780812686 3.87454624251809499
0.30148219845600926 0.95409283204658846 3.89230173220770048
0.32897230252668191 1.01186425534743774 3.85735895952501107
0.25636472691745993 1.41117186194840971 3.81037625333996921
0.07950515224018416 1.4916825054165046 3.88293661792444134
0.0400651122272781 1.50927566952967962 3.89874433684339383
-0.03392816167866144 1.58329954898750747 3.88091179081528992
-0.11674822894758211 -2.8548554942006068 3.87240516474502083
-0.0901164888227316 1.57167488308539438 3.86674177634475269
-0.18915512637435847 -2.90506660549114182 3.8560595755145668
-0.0726942528558087 -0.08896752006187694 3.7941187043192226
-0.29144468719415667 -3.00323489622736117 3.8656965486340451
-0.25260657411277326 -1.34163288462314689 3.84751759224995382
-0.3157413125021753 0.4741644508287165 3.88242990740149585
-0.55925533640527159 0.66376344792316833 3.83649572487090795
-0.66801169940863514 -1.24614221397741964 3.86716200933998122
-0.73976475957791343 0.21643905474664515 3.85576762781315496
-0.8154411599267547 1.58460649364497796 3.87479445661900979
-0.86588512103458648 -2.68066748304112279 3.87197922573024877
-1.21761557974975254 0.98708900844266445 3.8712577374277557
-1.28915387296375084 -1.4631271316047878 3.76111509822186774
-1.31684307212854024 -0.66865931112666954 3.79879285346015028
0.47018059430002779 0.12411848041320754 3.78309606089551886
0.4259714083493531 -0.85848097799419765 3.80605154641408028
0.4353074879898266 -0.52559986528500469 3.80909954899952519
0.40739072351656658 -1.50162552965512042 3.78601786254711881
0.41261457603316898 0.8412681592708845 3.85620754839385338
0.36853451640725737 0.94574476223736037 3.87202667904665265
0.3866197751754884 -1.81401597451962759 3.86076283525246922
0.34112736585665782 -2.24672358059665234 3.83294339792052519
0.35342166582181406 1.10007707903251473 3.8355098322778618
0.31421377223245295 -2.35335269222005605 3.82662898618996161
0.33360633779050841 1.26625801965467888 3.81496275562898735
0.0773634245339043 -2.76766868099268981 3.81910294506692605
-0.07775407058445098 1.70031859734015312 3.83544030394118973
-0.15733231505590931 1.71511767165844531 3.80927375205741736
-0.11672408660920397 -0.9391101617482861 3.79822195736337154
-0.26329963769857623 1.81289725154601533 3.80544206968471954
-0.34787707472407947 0.62908551549607628 3.85739831582412185
-0.37785408547324595 0.58795693448908559 3.86467237300662791
-0.42037004962544217 -3.11106896919687692 3.81110499371550526
-0.42023751591923053 0.60768254240312003 3.87403828245966686
-0.40888127346023184 -1.66137522986044184 3.8015897434084831
-0.50657154415699246 0.63257184747139927 3.86073271202524948
-0.57750807544693461 1.83804205027294709 3.81292106398655184
-0.62735835194613454 1.82327708298134206 3.80381601920212731
-0.60489391892547872 -1.43607142566616175 3.84932755679600591
-0.79480211124972455 -0.79269046713546443 3.81922300661640213
-0.85761416478193064 -2.8284434215709835 3.84455630126232029
-0.83355456343581891 1.65884361357202081 3.86319721735667088
-0.90423906471950122 1.56569985757887919 3.87588567127356143
-0.94917551752602314 -2.69478368656315492 3.84973782805104392
-0.98250278057583895 1.48419257382611258 3.84140100052166122
-1.06250256691593625 -2.48698179782465045 3.84699881368881913
-1.17344176973075531 1.37152519805418027 3.79984617776931355
-1.27749977772076462 0.94415053743788591 3.86789705075652979
-1.30643962578058082 0.8128029089855543 3.86910223812637399
-1.3606908583030497 0.40878225206521135 3.80863750195095907
0.47885523330743734 0.39575352412903025 3.76500274431488258
0.44799968282787023 -0.2273626667000099 3.81652022009450764
0.47436003385004338 0.48514519758453478 3.77108947389323035
0.41487106510172012 0.96093179821785824 3.83060484394399037
0.39700268031170016 -1.91187478142921319 3.80987942256452117
0.39429699124251866 1.00379316693483078 3.82835088635633269
0.35245943556028242 -2.00522155156717252 3.83821231437675525
0.28545896728017028 -2.51057368362127509 3.77983278321951399
0.09388450792839795 1.66193119873674933 3.78979464206300687
-0.0216681803572969 -2.91277166579197289 3.80364799343400239
-0.19038654066745392 -3.03114411114016979 3.80093223861118901
-0.14600655288222561 0.32913118725132823 3.80771523467516637
-0.19963903310485814 0.57135052254783014 3.79988260929671018
-0.21847210278448015 1.71835788011652468 3.82018116921073547
-0.22835786643695941 0.58210098848752534 3.81488346706842218
-0.32128462285988396 -1.56005003666104036 3.81548823056833264
-0.31285187831081784 0.67631841562332851 3.84178737389830793
-0.48470645433205528 0.83940880431340814 3.81829238471843757
-0.48869358575340149 -1.6393724887675909 3.81217311926203273
-0.59571774833180469 0.70494912352875549 3.82601595656044191
-0.62759608523744337 -2.94019902282570156 3.83242466359869827
-0.68198250616774547 0.59531607619211613 3.81258213116526434
-0.77103550476524862 -2.87309541708535665 3.84987693965124844
-0.83381553652634621 -0.3798948513502543 3.7973176117704921
-0.85267953006559538 -0.07702825606131539 3.76843581449545528
-0.87456102819008219 1.70905211419738001 3.82420702096792553
-0.95173283362138816 1.65123054387153179 3.81446015151723161
-0.98991196354449618 1.61755391586015662 3.79466291868279315
-1.12469368560235528 -2.35022473486216033 3.82084552912457109
-1.15452926582829085 -2.16227566524510451 3.81792614121501961
-1.18441972216487024 -2.02076803067515787 3.81613610052261398
-1.23374910924733872 1.21424846701606937 3.806620378089979
-1.24337927816494775 -1.75211276217325929 3.77643802555984598
-1.31556651211384312 0.62144424988573765 3.79497712041660851
-1.34291772599886072 0.86129522893922705 3.81677776611907316
-1.30279861191240043 -0.99442972836901933 3.78485481250879552
-1.34536497208349193 -0.0782234317566522 3.78390766325266981
-1.36530312620238758 0.25183933827284383 3.77187767901390325
0.46024357379231418 -0.03533354151939309 3.77489253967702831
0.44299852674162521 0.63825729166447276 3.76033792503670705
0.45731578613108037 0.7305376695989193 3.7855632787057778
0.3923440849541413 1.18359021102625683 3.7346697774000015
0.28436346562252246 -2.73152415039743879 3.72610504600083559
0.13995809257003988 1.48133688436172339 3.80271928618403043
0.14543366049130924 1.55656396084391835 3.80069237549128447
0.04539588795659789 1.72758510882409366 3.77559415250599351
-0.09226400615221958 -3.11378238514199346 3.73761798516106669
-0.26248811109726211 0.74540432426408687 3.81096023074247636
-0.37941310170817139 0.84232120731543314 3.81732776667670892
-0.65680975082441873 -1.49555438444619559 3.7985643670217546
-0.66326634022006503 1.75507947532186881 3.80985062568759192
-0.627930299411811 -3.05789926599174811 3.78551747854138299
-0.75969479473716206 0.44359980953644984 3.79055237663785771
-0.72426409307253647 1.73067452849431858 3.80775526048279067
-0.75601650456749292 1.7879813876717976 3.80355353137232743
-0.78267048122831862 1.78411627560920749 3.80573482672605579
-0.90436838011042708 -2.76323605582549225 3.81331180062479325
-0.97375491899533795 -2.77434255202355118 3.78880542008247856
-1.27962090103339654 1.15584317845508222 3.73915902809396972
-1.33350927695722055 0.58770503887030134 3.75719242387930175
-1.32584159632564735 -0.33377269466108561 3.78189550892605864
0.40406829945169948 -1.7887258312441725 3.81952204126101691
0.20852128977395018 -2.81284369786177324 3.73782218066548877
-0.10875179010340569 1.78992963245323455 3.78860262815220006
-0.0691174231959259 -0.71258371278770505 3.79151392291281786
-0.05188289026666924 -0.388699927925579 3.7884915645515127
-0.05739742562864722 0.1909553679396031 3.73543938178257839
-0.267639809635839 -3.02325465268076998 3.79384198804647443
-0.26746967909164321 -1.61049003784556244 3.76866003539187755
-0.28281415424501016 0.71202653576385866 3.79912917007372597
-0.4984979438647007 1.95804432756083968 3.71113846249893786
-0.53847131166567552 -3.04811260785796589 3.77215773431055235
-0.5782887813833304 -1.7153972579746215 3.75902827987494703
-0.60542594155142027 0.70787920802813387 3.80956330373904839
-0.68716114137409567 1.80959500060165879 3.75671561284840383
-0.80740466640938713 -1.10104640706874868 3.75439982541874917
-1.10518280825758874 -2.66435250588879891 3.73000019715336251
-1.15652501725624934 -2.28244858270988837 3.77625304501515746
-1.14261949392825524 -2.48148923681405575 3.75837752573031381
-1.22805441219287115 -1.92850544202908836 3.76111568514444539
-1.27297903809847157 -1.59701200285254408 3.80567977963371318
-1.35385181033375135 0.7635774132677482 3.78560818990230841
0.45639582961524894 0.92731971847860406 3.7514906986981833
0.41612710533921438 -1.49138353392951584 3.72698498700572189
0.41466051102655915 -1.13529399993680702 3.75189393359951762
0.36498941674580998 -2.27578150507617671 3.74258288551094687
0.3757402498647035 -2.02797759938798183 3.69026758975923741
0.36555650276812518 1.0848653217266877 3.77370158356721142
0.28980678650125474 -2.41754722993213766 3.75682019089102415
0.18353107108990041 1.64144446722455117 3.72869171952494449
0.00156420645499119 -0.74470071379387737 3.762041615876067
-0.07677023407488089 -1.02187043386419552 3.75588530405680299
-0.116204926920862 -1.34005546993358493 3.70816870760055428
-0.25123002768187613 0.77778968388374803 3.76444888922205312
-0.2429624742957584 0.84063426485586434 3.76683947295872201
-0.30133922939924512 0.90191184413506387 3.76246530019278147
-0.34879291772905713 -3.09080202665087445 3.77096722164447806
-0.43159861653873249 1.01627309377809749 3.72247704342840757
-0.59290650548316182 0.89243181979274699 3.76534342214216533
-0.63638693081300457 0.84244714327020709 3.77547164052832951
-0.66089914092065805 -1.66896335119757611 3.72833905148779854
-0.66663176241313815 0.79422300539663782 3.75783762464238258
-0.7809942764572142 -1.34060298517637522 3.72273242563757334
-0.84916447117789051 -0.73925490678252981 3.78253754213001114
-0.86217886024569168 0.20254851632926019 3.71242313598781681
-1.00011455543756522 1.56411108918639208 3.76378274269553481
-1.02780581694378848 -2.7733139126283386 3.74766214222672733
-1.20031329385875618 -2.23858220606172464 3.77451183035782289
-1.23093101015541784 -2.13537621314540393 3.7804135557414007
-1.27291919582524016 1.09690724261708827 3.72903768988240758
-1.28827283209322996 -1.22976656952800845 3.72694783953910846
-1.34630791936691785 0.99842862047644632 3.70684267633654896
-1.37953140939719732 0.47417487867345287 3.71707791065129278
0.43069615032477754 -0.28356325844972252 3.77421312859764413
0.40788644317808809 -0.82194992033150793 3.76718668496357223
0.41654500989973792 -0.65115667081918216 3.78332989674153852
0.34182237890105149 -2.3615515203870423 3.74968222525917039
0.32322280248067814 1.4556807816622479 3.703992619551145
0.12331261099495994 -2.82054849103213412 3.75122411126138511
0.00803830254739108 -0.45639154907999097 3.76540455953102793
-0.02617124488207758 -0.06129298695333968 3.75656690129138715
-0.19037328090541653 1.80463420058544965 3.75704729516206415
-0.18681103340872873 -3.11272967032580583 3.74728066447287311
-0.15149197688958704 0.69986253976945045 3.72041465716864961
-0.24841147255144685 1.87780013668317425 3.72559124881931991
-0.42464283056895352 -3.1377975032402472 3.75082403038486545
-0.48111228507903825 -3.10536796612018895 3.76046569474090209
-0.61304759787567875 1.95517993226617515 3.69872019325964185
-0.73052240078800557 0.71884724573104375 3.73729479700866918
-0.72326520128052618 1.94017604808955535 3.68455218298573506
-0.86285432519923178 -2.99785046933840915 3.72635873635819603
-0.91138002621032155 -0.45772068529650001 3.75701584691177715
-0.9572746859668988 -2.90992182745210881 3.69647440115550596
-1.16703469326168552 1.64110513718497408 3.63951128610501007
-1.25585260258937415 -2.0270632998862399 3.74528434915890607
-1.23706772166765666 1.34773342188834411 3.73628820747001855
-1.32056360309051057 1.08646056397942603 3.69124455457717238
-1.28724681400640151 -0.94514122022867519 3.75598526039869807
-1.2712521559678045 -0.77950858651936927 3.7569389989817501
-1.33586522694986609 -0.02126801031654444 3.74447439082818612
-1.37958795632956033 0.58913178888354167 3.71502683649203691
-1.37450749320751653 0.80173130770581269 3.72073556213701551
0.43976515705472424 -0.0998007611977218 3.75732706045437448
0.40852966262832591 -1.95387677288313588 3.71155163965807189
0.36306765536523555 -0.43058913747977356 3.74727094978171138
0.43435917753626874 1.11965383123358175 3.683977811388365
0.34921115343516862 -0.70637339156236822 3.75107407205595411
0.39237533267403085 -2.10958548077774477 3.61326792543165354
0.19710001170565145 1.58198010144861501 3.71325863700890846
0.16169099190716379 -0.69020804434074534 3.7495351248860449
0.1135533064072258 -0.43877330991592861 3.74841569986044476
0.03813656278049925 -0.19463828820468021 3.74301464608172951
0.01784974825497459 -3.11231513948715133 3.69019743340942652
-0.00682393579083041 -1.03031362861927756 3.72818496197611582
-0.01532885264494958 0.21839222338257847 3.69480285760467231
-0.10146582374828191 1.87458678494357733 3.70985333243944648
-0.17134107314963881 1.87354077133296859 3.69986444617068821
-0.14537989709842861 -1.544080854129247 3.66605488134390534
-0.24585973956624799 0.83016561643404041 3.74390993122853155
-0.25274867712299715 -1.72874896024856062 3.70564611946883549
-0.3284600481846815 -1.84766645994248102 3.70030601806652815
-0.35986501354556011 0.95666490800317916 3.73774594810442462
-0.53807493522674887 0.97559487161751113 3.73499026594888184
-0.54483369278619442 -1.90417939419861004 3.68646878783678744
-0.59486735287064263 -3.1180378831176303 3.7379105549781122
-0.66750966855700244 -3.18598795585410732 3.68740633528373563
-0.60292523694444655 0.88711480834729461 3.74942753155247122
-0.6380027805822629 0.83857077527158352 3.75147613467794283
-0.80710606101423132 -3.19452538872212743 3.64827485497325288
-0.88643344533715507 -0.97473908060972803 3.73622218617026336
-0.87134504257303069 1.92869815668213795 3.62176797913413884
-0.92243938375827128 -0.74353677162956122 3.75510822741586692
-0.90753231534247492 -0.2207592746861391 3.75063741302582887
-1.0313290370365098 -0.72457413381620639 3.74680974501525821
-1.17725837625098895 -2.5229119299417242 3.67918438269083259
-1.22972148298909478 -0.76001402477514823 3.74778496368280756
-1.24667641948663843 -0.44032026222120429 3.74534038728959295
-1.28093024192514537 -0.18855248851901385 3.73485763068279963
0.46888639407436844 0.18139140120649375 3.71422955165142943
0.49015008063486754 0.62465881970870019 3.69206390342041546
0.45944488339175626 1.0605816740338998 3.67575873247384388
0.37453279137400775 -0.13758883503482489 3.72560072390341057
0.39299152022082523 -1.04449619199817656 3.73614889587238475
0.34845895022570272 -0.98989929825143841 3.72330170832405072
0.17200350778658352 -0.83597713300723042 3.74063908280998803
0.34002005024057214 -2.65887125931844581 3.66686750340500645
0.17475801571672187 -0.1030892869459788 3.71820512959142491
0.2743551431597428 1.62149904906493258 3.66133722569205089
0.16558493282948855 1.72405400793268582 3.68876055123684932
0.0486622179725951 0.00848960060749501 3.71551770002173321
0.03654342538359738 0.16996729384481257 3.6807027106998822
-0.02426068629160243 -1.29939759385227882 3.68018231641881455
-0.03349726925120823 0.56894291944437048 3.61728338579479525
-0.20430656391308982 -3.16507686847529879 3.67945590749444928
-0.61821734687183572 -1.8083012291355991 3.6980859698390609
-0.68430382300242665 0.95750685777993361 3.69124696107243855
-0.78923704940905703 0.781275853595362 3.66095689457448392
-0.99672664212496753 -0.06428033569929079 3.71272282143736065
-0.96391772922027907 -2.8464513165224119 3.71082547832557896
-1.02192119752282862 -0.9776550222625493 3.72141866750936146
-1.02229346750396699 -0.37671788837460829 3.73840594424916661
-1.01810964970376316 1.83657106743861354 3.65629678938832425
-1.07689330284185103 1.62883623701601765 3.68357444179502469
-1.22086198797526557 -1.01172809561055699 3.71833617823392881
-1.23515825437950344 -2.28362465641857382 3.69683199409223162
-1.27091570570942558 -1.82353297833300476 3.68332415333097973
-1.25289167379914557 -1.13773284770939287 3.70819541993166224
-1.35753830074711068 0.69234881401408366 3.69963107540293112
0.42836869553630602 0.11569793051750021 3.69524806931681171
0.40511348564979061 -1.33934098518323919 3.69297236596638889
0.41020523190821923 1.17980877815800267 3.655344088598945
0.348912060669886 -2.50258755231985486 3.64778417973318003
0.32159525309617415 -2.77294633488503983 3.65043600992443729
0.17443708616343578 0.04172574663009489 3.69167683264248359
0.11897606955896395 -1.26982871111850804 3.67317984071120707
0.01434774037060393 1.98282890057946859 3.56629974143317652
-0.22292574081231231 1.93160113521948773 3.71600118504188348
-0.28530835554170958 0.98715141174646293 3.70600440063723457
-0.34283643700749739 1.06790806603828003 3.69255857725696002
-0.40352130365342337 -3.30409136023969507 3.63804580136163924
-0.40643697915233168 -1.97766245918203754 3.65710310344784872
-0.57206277313031029 1.11819717115190653 3.67851173524555497
-0.56266193185133906 -3.21416940061678025 3.66293191107486305
-0.56806869991986186 -3.14593579011292768 3.69382054028061813
-0.55596167453519463 2.04437287397486633 3.63217889927676785
-0.76907865208054227 -1.65603635674707839 3.62377413512366253
-0.84077599867831954 -1.30275049426852219 3.68995875069248358
-0.93028260329640733 0.07836016267519413 3.70021570109911169
-1.11615178987884867 1.76260480776980466 3.64498083884263124
-1.25604034145221855 -0.07005945488531244 3.71054786569957962
-1.18597875353654492 -2.34214189225197611 3.68892093819726563
-1.26895053975189542 -1.84474414695953182 3.58326587151955556
-1.27719334461747325 -1.52387157300192233 3.66106781553727156
-1.31067111589427632 0.13918204452081656 3.67932936650966402
-1.35722343316298311 0.23417599961537527 3.6907326990113245
-1.37152178752687925 0.93313343484230571 3.66537966048840458
0.48532515869756077 0.4649513309671725 3.6264746036887181
0.50612766630220685 0.69816981420182411 3.59522872999632215
0.37380017504821905 0.0480187615997089 3.69162032426742259
0.34603515221501491 -1.2700449526098665 3.67455079992148725
0.34920574768244678 -2.39072893249493879 3.61665022708701756
0.27805921106329912 -2.84811347820459781 3.64055831242693539
0.16955505662876216 -3.01441394742067947 3.61175778310610429
-0.08772179456557073 -3.24317639594489471 3.63080954781554688
-0.10892116923826145 0.81808481847140568 3.63640415651278337
-0.17748892599628224 1.95714663281467915 3.68371573584123313
-0.1842266024955668 0.97957961243556135 3.6468058185809018
-0.19356466563119507 -3.28314183278498906 3.61243433259356639
-0.40502828722581563 1.09331317860034494 3.68199755491910352
-0.66907956936601864 1.93726552730533608 3.66781871966153439
-0.89474432858982622 0.5036559333781645 3.6052984849488583
-0.92998485804882769 -1.27252745253660038 3.67020184833381524
-1.08311633063172685 -2.87388961524729858 3.61479306137343537
-1.061586036976784 0.12001485352940083 3.66696106900077767
-1.22100503156628837 1.59083383322532579 3.60658125553715703
-1.26341647099958121 0.10253002927849042 3.67167802327688486
-1.26325531615617348 -1.3499375540536187 3.67650135816456336
-1.31874254554518822 1.27899709077511248 3.60798573236373121
-1.40136078326102664 0.78055093258065456 3.60137688509833165
0.41409433914307481 -1.83469768499435926 3.60697744273112564
0.42924111876609311 1.27865456343742756 3.59963647948343146
0.31494927736201817 1.62831290788694028 3.61100629744038226
0.17748975149150042 0.220996881244854 3.64024973508444338
0.20873473431464459 -2.88349424155208123 3.62958250320199971
-0.02013944828545944 -3.26507479469479378 3.59808213794041754
-0.08683396919983966 -1.53542311053731484 3.63224918122043094
-0.15682012092743569 -1.82689900062336097 3.5616621183842172
-0.24693736351519602 2.09015943561222173 3.61980523290798217
-0.29453990560029358 2.02427676227024689 3.66666902695263808
-0.28977756466296201 -1.96484818711649933 3.62060284834145918
-0.34620828639776569 1.15860690458949556 3.6533965974317324
-0.42108620684172526 2.06227084447924991 3.59830380997696997
-0.43526893261594179 1.21576185885233401 3.63281801975773933
-0.49651733343094928 -2.12310300695622756 3.576582660256721
-0.68580342881172129 1.14836111908504757 3.61710679240765653
-0.77380081172889492 -3.26290557959677052 3.60319373078112415
-0.77130632639374652 2.05807416534739662 3.54565587714456232
-0.89718545951549933 -3.20673276549668884 3.57335417340326078
-0.93777032615704869 0.32854329304402358 3.62760229293017034
-1.14771897559529656 1.7583478600554292 3.60718639183220402
-1.21149243316264599 -1.40016069118897724 3.6427670331961286
-1.21081973778116248 -2.44617563036390173 3.59933630688126316
-1.3099937060693243 1.20380232093387596 3.6196709914552252
0.40024627951684782 -1.5417578724790495 3.63371542517362567
0.39213816106628319 0.27981966364174216 3.62331516883926907
0.33706879248643073 -1.53994508261561114 3.60320256022223528
0.36496969601060958 1.50344261336177842 3.57355787795926094
0.24885661703732628 1.69492210622802086 3.59788597697241475
-0.09856620955358178 2.0623264432364623 3.56585411135633601
-0.32770300144830072 -3.44478581125975314 3.5411458016768087
-0.36337467466062578 1.15321560385865385 3.64233389605073787
-0.63838298987538111 -1.97893331837917263 3.59729058201402641
-0.68488275523205944 1.99629299528013715 3.61511849525612039
-0.87725097300658117 -1.45334540890250596 3.6358011705419524
-1.00572280601630304 0.33486869048693657 3.60544495096414108
-1.14770622395922084 -2.80654489637387838 3.57796962575504462
-1.28169205116940033 0.28883027299859509 3.61339287619876837
-1.37056988868241914 0.47420626876005501 3.60467694909836478
-1.35264933138998833 1.18947188102711165 3.57369797243844012
-1.39093680807383091 0.64173634387897949 3.55106157434475112
0.44141062883883603 0.50200588468689011 3.56918004906195785
0.46413117408211296 1.20581482281595398 3.56477074382676884
0.07223372533883826 0.41252358862868849 3.59274552026754712
0.06491838052491715 -3.2011391935558513 3.58250514041234513
-0.006423917481471 -1.57574807584810062 3.5986255226396473
0.02965014733899486 0.48262027489803877 3.58893917161707332
-0.08030648829602205 1.99640495692575493 3.56813276726253958
-0.17843990789895323 1.1782971451509292 3.55341043703343917
-0.31101596193004866 1.19968443075274034 3.61790762656720544
-0.376830348315776 2.13216747217840608 3.58567957282782457
-0.51929268670417417 1.23418767088770709 3.62047403587692607
-0.46749088155526947 2.16640524371581966 3.51902530771558997
-0.65345203572968502 -3.22857718238699265 3.61478418863361384
-0.6680936160897526 1.26980680596677442 3.56307054370529652
-0.78358313285574632 1.00286329104892546 3.59126633036880838
-0.83845903230484742 -1.62282339832357825 3.59584393537133584
-0.90981531544584437 0.72950508124008817 3.51747329054623847
-0.97261326497910505 -1.54860812889414268 3.60000226791537914
-1.03983395151494196 -2.90837263030978743 3.5832516164579391
-1.11169513859633207 1.92699169401073123 3.55598576731520799
-1.21120382045226482 -2.37673572278545597 3.56865172446804957
-1.24736687655182332 -2.30859221343122734 3.60223089711437883
-1.25764789648026842 -1.6248823658319389 3.61090137768168207
-1.37949848169190648 0.91013449167549787 3.59871184649153264
0.413531390793206 -2.02763081460291517 3.56503221266734283
0.37148874390423198 -2.35913835859774679 3.53546130348474286
0.35385573629848516 -2.70769916207209382 3.59811594822374836
0.30226492827951912 -2.86429480386707258 3.55758022391606676
0.0870456947578654 -1.70375116544528615 3.55232948889209332
0.17621376971812736 1.78754039084709682 3.60381927883772324
0.14835642213107533 -3.06873375660913483 3.58811782169255711
-0.28068748824198603 -2.08252997060808998 3.54277573224150011
-0.6043304443137385 2.04016721880663798 3.60329008761908831
-0.66456591940069765 2.0875787618014443 3.62892522404656992
-0.59886063735341488 2.1515248436514729 3.59007445809000281
-0.72570281997252528 -1.94656193003280986 3.52960778329369784
-0.71231704212730862 2.07094205053657943 3.61547995804895494
-1.15238218488641553 1.71839404083075808 3.57435378786686364
-1.28784472487056911 1.45199484878290619 3.55321705244666131
0.4059959382922419 -1.93983827635760386 3.51160019235716003
0.40387859348631155 -1.76298313822696939 3.57523612996399587
0.44324829794087156 1.27127160749645451 3.52565360085955604
0.27700578518191266 -2.90098934207784076 3.53387154065926445
0.24353675261974006 1.80358468992988041 3.59329937078499473
0.01625689631623562 0.6599631508386048 3.53740480318002826
0.00053458967189688 2.05269596742116978 3.51039927956294928
-0.07017863078109982 -1.75755379895929598 3.54699774670366486
-0.10576638297551594 -3.28407632816157058 3.54980123835891348
-0.08611312724701412 1.20084767631312328 3.44331648611795416
-0.27308823172690755 1.23908514094639788 3.57869672897794322
-0.32336438228227965 1.33233116812705821 3.55251794699571732
-0.45646181713264494 -3.48002892232408501 3.51619981949365101
-0.57371445520806708 -2.21180196069229718 3.49595672704495097
-0.69826698409182186 -3.33516322661437536 3.54335161956314293
-0.70366361341009653 2.19890108044141774 3.55072639830193637
-1.02040822779824381 -3.08359855499633317 3.51157227957827534
-1.06282909088036792 -2.92945730353074696 3.54560853433794154
-1.01035721373675691 2.07370720063398739 3.50126734983319787
-1.19209984548186609 -1.67236415401078675 3.5661453328492434
-1.18833303168900084 -2.75567676365249925 3.50629561196725437
-1.23021201944522307 -1.68912206630518091 3.57314294621135975
-1.25879281136811438 -1.86083045997829077 3.5402243345933373
-1.40840156969881125 0.7874920319787333 3.55632642344857253
0.50506869700023649 0.70136182617322074 3.52682946175438916
0.53211864611773874 0.98710969766963708 3.42478132681313108
0.42290890167942546 1.33727663658998397 3.55274591161219799
0.36597921643404158 -1.70107543467092537 3.56649808386907008
0.34932554743505556 -2.75138001604056814 3.55200893547327334
0.20680986349108749 0.56597843823711846 3.51814235986530033
0.30818887050439386 1.77794420567443212 3.54536969047673756
0.29746148185502647 1.84100945947359662 3.53345453127327636
0.30561844982269104 -1.783382795422642 3.52403453601501226
0.23726645184844081 -2.92168622978981363 3.55167177245956189
0.1686859229980617 1.90566511285989693 3.5653793069682802
-0.20097353447861574 -3.42723756651974298 3.5192916448811129
-0.3001816573981505 2.20805281435690448 3.52434285765234989
-0.28424095782327957 1.2384989001983413 3.57144079312024232
-0.32756834362400222 -2.20578800038836542 3.4960705261296332
-0.42962825098803281 1.41340407907460874 3.52688306085821734
-0.63091042511700846 1.30591715824348964 3.55081415178294613
-0.64614921493442012 2.22041068033226585 3.5471194671230668
-0.74943602314289459 -3.29962455964606605 3.53002648399374808
-0.83004641946918301 2.20711069491859835 3.4679981570453009
-0.78088813632635112 -1.83398738037040343 3.54126668114623255
-0.83832975179017111 -3.29071758991368934 3.547133853103829
-0.85444152705597853 2.05590985489892653 3.52729150206419861
-0.91311617870420902 -1.72127167468344466 3.54840159464118754
-1.18951288723482351 1.9102695945678323 3.49361849079815912
-1.1974902542041419 1.69133084744592854 3.55346419543018133
-1.25269798048008019 -2.34905898142203995 3.45776347359172131
-1.33113026370433962 1.30303194664281419 3.53528976779674053
-1.35820728123825951 0.61059443737370023 3.53258725913905103
-1.36714392069555202 1.15549045408071471 3.54238951665240753
0.49572542141407161 1.17899805667541435 3.49686135513268059
0.40386220413489277 0.56503140489878956 3.52090174358227248
0.40832064342469243 -2.24778348983215581 3.51057890662243555
0.40476150841981257 -2.36623106596573596 3.47104617996900089
0.3629921574078071 -2.55601129372679736 3.46021848152245859
0.33314165116765565 1.64923736738509796 3.55067139243296159
0.29965957700424861 1.71132971587859806 3.52478155917240432
0.06792491908448267 1.97911614586825557 3.51995967167299284
0.08359816385333679 0.64314841431919001 3.50572402202284339
-0.00735706739696581 0.91561874107230867 3.46208302746771635
-0.14699906765658205 -3.39204795601560871 3.51880725330160615
-0.21043639830389654 1.31406826061845816 3.50466795909141116
-0.4164468698734145 -2.26219519697873661 3.48968266355356338
-0.50964058255098288 2.16196612925799503 3.51860621867937962
-0.61532761248783341 1.45716328211890933 3.48868996900745687
-0.97692578397505891 0.56305842828808794 3.53785907550062895
-1.11878655663298643 0.56843613729926068 3.51541250878461042
-1.12661858270958315 -2.88321825234229934 3.52686158740683098
-1.29774005701357598 0.56198145233192298 3.5207952032733445
-1.41592105108220068 1.06382612148495692 3.52639042822221782
0.48209618009356564 1.33252301469656786 3.51242508689937916
0.45051789519823854 1.42699922062995754 3.53628963726622469
0.39899755730322628 1.60502472413774222 3.53699620817869897
0.26042277705666528 1.97766756483643702 3.47399909543340968
0.17068184908217443 -3.04829099690271388 3.52486461647173188
0.09798187545552542 2.05219695723504358 3.48470759592570989
-0.03715078711951485 -3.31376146758857359 3.51774912062730438
-0.09790495272268662 2.21538061837955258 3.43055033930073705
-0.53117909640139349 2.25666244922808001 3.5000785080521819
-0.63164606477199914 -2.17890329706892771 3.4799268613744947
-0.77260957003038988 1.27377062731776558 3.48443199823624861
-0.82065791245412312 1.1540431292614608 3.48859257694424896
-0.83325837887597032 -1.87423611812257418 3.50240598727351449
-0.91878224406466913 -3.2642995619259545 3.49242934623862133
-1.0586987881185006 2.09445205185637207 3.46672854372703787
-1.21662889853574119 1.85443275781921013 3.47681702869998999
-1.20465376684203274 -1.96509962972490992 3.45918359409970222
-1.25101274643096816 1.71730696301850161 3.51379077940979379
-1.31829971983691685 1.54975865479276798 3.52496261761672747
0.45333925527206193 1.5872987004200092 3.48089937195879306
0.39831442818269913 1.68351986604312875 3.491666767380742
0.28973152897045218 -2.9203649162823262 3.50199137632329505
0.08722491262270911 -3.19084617179245189 3.4960296021172681
0.0132237442497019 -3.28865274673026375 3.49913454075729025
-0.02421123753462523 2.155679642838773 3.45525895098441849
-0.05267794609970089 -1.92558464612847802 3.47559940972535308
-0.16532269990435133 -2.04538340220523285 3.45462222881990755
-0.27492780478282741 1.45005935284222942 3.47767070514820364
-0.37388084980542602 -3.5392788351011073 3.47548739044904575
-0.31111140757797628 1.50644921128845977 3.45299858552662853
-0.40831234561216834 2.27868326131139609 3.45549303468548397
-0.61016441193480397 -3.47335635936693476 3.46475167345405044
-0.79685666267469291 -3.31247738169744554 3.50404666505235918
-0.9308779631287587 -1.92617434232718621 3.46638281092461753
-0.98754114092137846 0.70255704388944795 3.48080815244515884
-1.16985018733487234 -1.90870948300063503 3.4748892274166665
-1.24272842686408946 -2.47505567678456684 3.42318152634372375
-1.36644315808814731 1.35100226730886375 3.50570044206460452
-1.40176671584311308 0.85814524462465758 3.43849317190743831
-1.41772048853063226 0.93097001761662068 3.424320449411276
0.42682120594131157 0.72072691863898264 3.45165414480305932
0.40279676573782497 -2.1085945226582532 3.43190541098149327
0.35233159835015743 -1.92360673598514609 3.47607590111643727
0.33800433314246697 -2.71857642909667829 3.46388879545701567
0.31496497781308458 -2.80296522212124044 3.47582787662233317
0.33889876461078716 1.7700664340292922 3.45188368520850641
0.15682241353301918 -3.16917501141859637 3.48004367770433864
0.13868046011685864 2.15791686988119169 3.39478884419919869
0.04656373723067342 -1.98002047006782855 3.44302576453932785
0.04600152586291333 0.88451623609635732 3.42174778416477565
-0.03143331002962191 -3.3835046164949194 3.47704987332453186
-0.11080442910875199 -3.37651084307500593 3.47962200760555085
-0.24501242570251533 1.39032495618901075 3.47948800425435811
-0.37526978798606381 2.38408222528051983 3.35298049113007313
-0.49084600614723461 -2.31393606206345748 3.44902183726248079
-0.65282991998657947 1.45786862201776191 3.45329686658923007
-0.73511094396451893 1.38760185393130331 3.46151026963741693
-0.76997535687324581 -2.03081224560304641 3.45020594418536275
-0.85597504455943096 2.1445384951380162 3.4457194757686378
-0.93673278727533604 0.99391633186598849 3.37883906821988811
-1.10169073109458071 0.71059093829929221 3.45635981433353834
-1.13416402891967438 2.03729120895734228 3.45713145330607308
-1.20696268842499954 1.77935177788395915 3.47654115339787317
-1.2461804235456766 -2.0121141725152758 3.46341574141804909
-1.25598176914166904 -2.23121395127320898 3.4019789934885134
-1.38037836984599016 1.60298978071541032 3.43539008862741069
-1.36092169623265247 1.28878074922785912 3.47954429972067292
-1.41022638773946207 1.23994723162685427 3.46610814949796797
-1.38132754047022654 1.4546424219513181 3.47551955786594879
-1.43056822008467344 1.21687056156319584 3.44186933559691965
0.52793730354059198 0.95856309078258928 3.39305587887866933
0.5060155512243153 1.41971941658974088 3.44975455092812311
0.36247695540736707 -2.09472312493135293 3.40276125444239286
0.1818953633945688 0.79203575900775336 3.41731108714870047
0.3089503427432776 1.97283093308543167 3.43030201479383656
0.00323807055140658 2.12019443471001834 3.44593972548459915
-0.24327237846993943 -3.51437015516804196 3.44694418439689265
-0.28588038755663714 -2.24492836293714859 3.43780455645118055
-0.47965452455263313 -3.55602351753075174 3.44098756671049788
-0.55847241603503817 1.55681750309220557 3.43860822745215922
-0.77819199626487623 -3.42465341972835846 3.44613756887579159
-0.87893170487509198 -3.30843905419226214 3.44555337029024811
-0.95436723701794191 2.16718214233481854 3.43259905193052139
-0.95933194342209782 0.84398762246431813 3.43019985857553733
-1.09464180261910515 -2.9571604412269541 3.47567089025730125
-1.13576118968292694 -2.86790888523253384 3.43934997837345691
-1.30308328112326 0.74628405641826401 3.43884399664740892
0.54104924063144855 1.30687517854696522 3.3539721345285245
0.49719083160611693 0.83168465581876627 3.43995291956466298
0.48663081058091212 1.30073683548924768 3.42080932989617237
0.40853935072317576 -2.23591572543286521 3.38549193098710033
0.3682628365631071 1.91419385540161979 3.37776604231034749
0.30659152886936492 -2.0223635295156952 3.42225389150961057
0.26527485930031836 -3.15350723794664756 3.41808554309194923
0.16407030871070383 -3.30351275163527713 3.39471653886728664
0.0887560018445582 0.8788252315721915 3.3989682563311332
0.08935624974699313 -3.32003056543548958 3.40222426498163877
0.05764191424314276 -3.41434172061054442 3.3997356944550603
-0.17618351120794587 -3.48150798586767296 3.41092170414357465
-0.2833906541512124 1.47336379886534741 3.44992930284322519
-0.42088788706957969 1.57481057591558327 3.4263635786716975
-0.45179242207747544 2.28846308007595711 3.41365341781901632
-0.4933483864218054 2.35758857662786836 3.39550198963852568
-0.77982692576187929 2.37185383209167844 3.35053493659345936
-0.69133550831195401 -3.41518949572736075 3.44784930674274293
-0.90341683294905073 2.37536975660650995 3.29179316508812114
-0.84048301329354635 -3.39985623938628034 3.4346184165342879
-1.04113902879321341 -3.09299099146591017 3.43196367563339733
-1.17144407814147922 -2.78637461122574104 3.43918957846012141
-1.20884587353488371 -2.65313471233420284 3.42219550095467007
-1.34801045829802102 0.8658561516168205 3.38903751111860707
-1.43668460529438602 1.11257428980253903 3.38801802816136144
0.54248665325712397 1.22447750281321799 3.37636465646480532
0.52773993681876641 1.39893031357356623 3.31479681227470824
0.42941029689989113 1.73100551673630121 3.38556608874902309
0.39828310215414925 -2.55202312512637786 3.41518070889786296
0.41925539012181834 1.8093375168106407 3.34298215903841944
0.37457556366225409 -2.83129578092642209 3.43093776405241835
0.32102594612753316 -2.90535433617703154 3.43034097013645045
0.37421784653750706 1.84177344300172274 3.35896305672209916
0.03434508408883708 2.12229162826377626 3.41870638184266573
0.00194446170480538 2.2337286895388373 3.43028909070787646
-0.10892678761821221 -2.11432658715147515 3.39124881741083106
-0.12992873625645357 1.46503076407278399 3.34992099248527264
-0.19030894553133354 -2.24032642845832619 3.34787083232266713
-0.23696050309622563 1.57289668076644418 3.3724909209933478
-0.32669412778610335 -3.57077724502014648 3.4150991608818142
-0.33068138668335495 -2.40788251858089808 3.3346862052105477
-0.59496540879070647 1.54475405835344781 3.41373339241837526
-0.70520118393359532 1.5322445329520944 3.3971921111112553
-0.81663383582067883 -2.13856536210201087 3.37485867849232823
-0.84473381698790562 1.38703781587952513 3.34759356088535398
-0.87405261688446256 -3.38308559259391251 3.41161148245668988
-0.9611223432895768 -3.22571929342671426 3.40784558661773129
-1.38508427291847247 1.62417189954586783 3.40434354690565621
0.53297295729977878 1.49926901620217734 3.31705479071297171
0.44638698673003124 0.85691573447824798 3.38709315568032743
0.00253643230749723 -2.22211365060533117 3.31509501507240278
-0.36297699762714392 1.55256285385513992 3.42491055679854828
-0.63210236857906688 -2.32158833358205907 3.37225700105245352
-0.61184770563583923 -3.49970882982617137 3.39371918510772907
-0.73747324577229034 -2.17568997132535058 3.38340818085499118
-0.79637270610922473 -3.49843312028139497 3.3784128011018395
-0.93602001785807953 1.12654380703609824 3.31757112054210657
-0.90392899062903431 -2.15003415096367245 3.35668992359677087
-1.04240853362228569 0.96801350599012281 3.331599934343906
-1.1024039861696262 -3.06414348890759314 3.40110881355077721
-1.10397995729667775 -3.01419684634761786 3.4115455127619092
-1.1392516922021183 0.95077601676667844 3.32558282224796065
-1.21687308935866656 2.02378951932246398 3.36528391196191867
-1.2374204323293212 -2.1851609489197048 3.37451644308869803
-1.24465006639546094 1.84287866469650718 3.38604030349524265
-1.32328945296493328 1.83406407611856448 3.33553448897347904
-1.42502964699402335 1.47205753549133989 3.37106715784848321
0.31383374629303645 -3.15562122819418533 3.34794635698708509
0.33929433836269035 -3.08469877605187692 3.33708201110388281
0.34545271267516209 -2.97851360929219888 3.3174217018092933
0.07483275042988154 2.19159283738207211 3.36396360669878813
0.0623136657764892 2.2769752412994011 3.37496925454337493
0.03778884545094615 1.14906590767844552 3.29706207354732284
-0.08953541642452886 2.33272981087253051 3.37365580841843204
-0.21299122820207328 -3.61019871441795814 3.33613389042134756
-0.44313658995235483 -3.61109593528359429 3.37454037952472596
-0.44259117887840033 -2.49326180241159934 3.29208233418242013
-0.51666912539348842 1.62437821337081467 3.38586266369508815
-0.58674035170673389 -2.42613106797241862 3.31407168132315766
-0.91951467298646472 2.23785155254228618 3.35630749594922939
-0.99464299837610182 0.97942636676250605 3.34315279638591045
-1.1543491045798302 -2.21817058618057228 3.31760082198599715
-1.0904347778740946 2.22986847809453348 3.30555096449743413
-1.13617656991043758 -2.95126577756449171 3.38931507906932472
-1.20907498445231476 -2.85421913303124919 3.39850651343285826
-1.24592700834028669 -2.62036090051841875 3.37944529290071261
-1.40564523771760852 1.39658245715814044 3.3501312540917092
0.55783639541087926 1.17168138393038013 3.286862044468287
0.39530320390406215 -2.8200068766593458 3.38386997242728915
0.4127841567945294 -2.52301835834333721 3.34172216226965313
0.40034070352864365 0.96657381438036571 3.31513369636106559
0.37568958941029612 -2.92203537441953376 3.34706536029838286
0.23839267964763225 -3.31031537977076784 3.33212967820774031
0.14931006942378774 0.98982479902500764 3.31579502218545086
0.04939933996581565 -3.5247876007380925 3.32802943367641246
-0.02378746439081213 2.36872380533173343 3.33768991737693677
-0.06169207471380599 -3.61936837892858465 3.30463422993632561
-0.30093191548498344 1.66286305047510741 3.33517086108835947
-0.37848694945762862 1.64747728542485916 3.36388062125485554
-0.56234806505640988 1.72698553644478214 3.31051736242735073
-0.63033246380340768 2.49095269608027658 3.22455166743461641
-0.7221904766518783 -2.3611142339779323 3.25894997185794333
-0.75886737650470615 1.65429777371811992 3.2821796181841485
-0.91803051885737963 -3.32192165381369975 3.38577787940842745
-1.01105488119457809 -3.26323161142011742 3.37019585867270877
-1.18165767048056125 -2.96841558467702482 3.34798758655786965
-1.27973190780363466 1.97380576170433741 3.29000061707367175
-1.3648429635020416 1.85048360325900774 3.23013740563728202
-1.45272083657310058 1.37628347118653727 3.30876655990269164
-1.43384595087071598 1.10718935817980135 3.30236617157617562
0.46756931710328076 1.01514022359722 3.29691313098824335
0.40912015358142872 2.04962410424503538 3.17205188654786152
0.31080415839658571 -2.22486983566515084 3.31749990541724937
0.26179238250781484 0.9895438566921162 3.29816050415697726
0.25780246030561016 2.2410594318126873 3.2251019980324509
0.19440748096949217 2.26360276944895933 3.26905684791847495
0.01050488086221096 -3.60875303850837348 3.28255035237741133
-0.03801524299532689 1.54246282987745786 3.19382808048221012
-0.26295876230636639 2.4234448828781705 3.28124563634649302
-0.19825774803309426 2.4481184610342992 3.28527961057046625
-0.28656913020516633 -3.57708127965632494 3.33977014868364286
-0.47810137791712526 -3.6076530729445988 3.31645106798852751
-0.93329121309777463 2.33060549829514851 3.30694380429703916
-0.9190173545354211 -3.3917346400161108 3.32012248119177134
-0.98725872196057929 -3.35608484553037822 3.32808633351063632
-1.0188079048632166 2.31081855419439819 3.27734308088223081
-1.13083003054033937 -3.17827267272076863 3.31493300709375482
-1.17050296401114684 -3.09449772526212685 3.28814967383976242
-1.14705190842036964 -3.01914227416119241 3.30443034471582431
-1.19345839846600876 -2.23273547807972639 3.31905791797984806
-1.22179903577602067 -2.92395117413120254 3.334583121617821
-1.31481276903462807 0.99312235466289323 3.29972387229877606
-1.46238561590708516 1.28584984664490043 3.25737635283248217
0.57865178880527346 1.46163249226674941 3.21099937644391709
0.52941418749520108 1.63027347262129818 3.19214672589252713
0.40731836923601905 -2.39672778562088284 3.29213559973411574
0.38823919425236625 -2.36258624811096585 3.27574987621174207
0.10749803483567553 1.12407810337978842 3.24905996675782571
0.0445416448988994 2.37463932444268044 3.30354585094242115
-0.22476236625081844 -2.38671418150874093 3.25883510186638237
-0.4196453347877504 -3.62624613505397742 3.33282207172746903
-0.41836781391082462 1.75465762185730645 3.30833408289106679
-0.45095598676022242 1.72148963608258154 3.31944967286798365
-0.46647119594260406 2.40851159285614891 3.31883862912424421
-0.55303521521230603 -3.63774502469280048 3.3092333324698977
-0.70836645972772228 1.72486058519071594 3.26778035847351367
-0.79411851367240505 -3.6529675910101167 3.24373213469777566
-0.93115741698149779 -3.50809781026565881 3.26511094708912086
-1.24817590771146114 -2.40594970781271877 3.28062656501998262
-1.35783030701729168 1.08210321116786679 3.25315613661819603
-1.44139960949643875 1.54919337207368724 3.28123330622632015
0.41463976329775576 -2.75192034438719269 3.17712800462925982
0.20753692441270225 -3.37210153166933546 3.28554076103727377
0.11458335808948525 -3.44967248507632007 3.30442968954434368
-0.15217368994150521 -2.33477114431216703 3.26522701422598383
-0.19028166630197352 -3.68200527779687459 3.26933119987214971
-0.17073312485479225 1.64013410411583482 3.27903201980703685
-0.36875440886504685 -2.54206374532726809 3.21972108792987566
-0.41251568099438357 2.41192659805494891 3.31412886292739994
-0.5292641349684738 -2.54567843002215932 3.2242132499653291
-0.85130501464084118 -2.36405753251981832 3.22700060635709729
-1.21907025335624386 2.06650487699996299 3.29692249571699758
-1.22991126970561848 -2.39061189128140805 3.25251017252047925
-1.24790651665200825 -2.63131809528681471 3.22985725523844192
-1.28178680677536971 1.95087320534261566 3.28223955760916208
0.54659409459609376 1.14584381297374294 3.27382018586486812
0.39860464274588148 -2.94181398825265905 3.22637444322670541
0.32098623557366029 -2.3635744960674776 3.23541964281432248
0.28230418309979677 -3.33253249399430862 3.24137599125233544
0.12483528665532678 2.26707426784464072 3.27472336600649738
0.11879477300497038 2.36200889659081881 3.24826147398534149
-0.22038517612536104 1.75511621597832113 3.23856371845938895
-0.28167843302217238 -3.63348246266061237 3.29025946696695115
-0.3475579102396576 -3.68101740430172697 3.28099848484081758
-0.44770860595751355 -3.70489373869707572 3.26564141566422617
-0.41183523377827463 2.48477294480254374 3.30592269818309692
-0.40792547284348729 2.52876636172695068 3.27945520404353008
-0.46971771422058389 2.48712054907426827 3.30086953433930042
-0.99548091555878571 1.15850751218345938 3.23968043068508615
-1.22159121897127165 -2.99657236375116431 3.24117442671588085
-1.24153279239551839 -2.9349513301964314 3.19343479379395534
-1.44026805308984751 1.5132394048640414 3.23486678786621384
0.36470915239023344 -3.05827182668887065 3.20975485207491751
0.16186022935681357 -3.40399236442985176 3.24255514387195998
0.1160168969632937 -3.56296398573828732 3.20439346404188541
-0.39506531507701587 1.85354643834631849 3.23929913243255507
-0.58109536306679765 -3.72803598286084492 3.21632826962221774
-0.58192738874651928 1.87894220308172044 3.20906445951424724
-0.82211767987679385 2.50311830490145537 3.17669441211516945
-0.81809130006101727 1.66617063029769796 3.21421393496827124
-0.88129794874127021 -3.63298316338294436 3.20940950319232998
-0.98353862559190197 2.35969454701761139 3.21543208324592911
-1.11277808670326328 -3.31757639995744702 3.23423425964475086
-1.18001809371284505 -3.1802297533728181 3.22005743568020053
-1.1264800354629716 2.22242985606805377 3.25082189111552466
-1.2756387170276966 2.11241037650728547 3.27163623943445137
-1.32910269535768388 1.95789176030039891 3.22730049675330077
-1.40221353869299259 1.70254025197323178 3.23753373197544958
-1.48050264083392502 1.48412017927102813 3.1975963019560254
0.5525676898650751 1.58097395283146858 3.17169524699701721
0.48387992058787044 1.75516031652536131 3.21489975391210026
0.43523639401750286 1.96365673354447123 3.18667514902355764
0.31052231386391588 -3.35957867652895947 3.13413130926102879
0.21105468611714556 2.32047919786456802 3.19209701691944225
0.19694361230450724 -3.51236015197017748 3.1087773509001031
-0.07983545698316521 2.55473562746210359 3.14372555768782824
-0.29321276756115877 2.49393491951354696 3.20492463072111233
-0.32006092160803351 2.55681544246054093 3.21825552300643247
-0.42393167148066807 1.83477238611077298 3.24360135123557702
-0.5569876066569226 2.56125824443974048 3.22254894094279187
-0.8825089191405654 1.58452444486949506 3.17478475076743649
-0.9645734172683692 1.28128297687747783 3.19760790912204218
-0.98487065374673444 -3.4765682881518809 3.16582783659099265
-1.05135099504075691 -3.42353407628097273 3.19915233553669509
-1.20564039764949249 2.1826881601065562 3.25981409817929224
-1.33003010313117276 2.02892869285087496 3.24736141002913525
0.47546118582015429 1.17205078007232455 3.18800973128260523
0.40892343922750501 -2.61734857604879423 3.15104475822098795
0.25847520394148166 -3.39821039575267125 3.18620474639396756
0.075531781248611 1.34082535345136189 3.14419915271480654
-0.09587160070290553 -3.7720717890668598 3.15605827650737059
-0.12493893006358048 1.68338266649732438 3.21255432059360491
-0.2032404948632662 2.5426240261651909 3.2017411427166822
-0.14842775702262939 1.6740253705881043 3.22848309883038898
-0.15764333922919097 1.76241662413285427 3.19191125912440299
-0.23032614842183896 -3.73255945098452591 3.17318632620433583
-0.48327982338791775 1.88901601701688149 3.21898665091322345
-0.54147139399604094 -3.7314196200606764 3.18486630823416661
-0.55014130072290079 2.47252782210216893 3.24179039605451669
-0.92210987288594082 2.42624871472899262 3.20486350848691925
-1.14473978873076154 1.25281094277314997 3.12677204193958636
-1.19266066718196684 -2.50327526626986518 3.15164803667264115
-1.4512043490490194 1.28590592597843134 3.16936897305493925
0.28052657590853491 1.32932200866233075 3.06967895574799732
0.21360528229186837 -2.5566034674123248 3.09751922491211129
0.06059247485975211 -3.65991998867539303 3.17876085454073776
-0.1069842152612951 -2.47627748299177375 3.1551410574385419
-0.01574184121589844 -3.72492776059591923 3.17594262523972359
-0.44816429151239101 -2.62946391381296962 3.13552856944335323
-0.98834829797707935 -3.55165105467879583 3.14807065859939028
-1.05020453101495215 2.37987178189663728 3.16482004249414706
-1.14946074073176696 -3.34042363245137164 3.15745738459915337
-1.18306967861826573 -3.05171875913442747 3.1611862797592627
-1.36387900048829347 1.25061730824170314 3.13341672848391095
-1.44317854752339358 1.57640048816246381 3.1849068143197381
0.57662559314687589 1.36760901673160351 3.12517656630318807
0.36215023101787103 -3.16621227391444826 3.11153601107329303
0.15438179844340993 1.33310368025254 3.09117176259098514
0.15303706594327599 2.34110528555014419 3.1822150119134367
-0.1654710704383151 -3.76081501585598144 3.16563470555592907
-0.2538741784685431 -2.53865240229322664 3.13547138077015841
-0.36338650700521058 1.91800698870739073 3.18156758969504283
-0.40704906524505258 -3.86046097301362012 3.11205883515724979
-0.51622229177808976 -3.79640317451691933 3.15692133896179605
-0.52596555987733962 2.742041947316185 3.06119753006122286
-0.52341665496379597 2.01627636748798267 3.11965756438263764
-0.64723108961990505 2.55494814676873228 3.15140560034062256
-0.66002085032295998 -2.56607045765744379 3.11104508415405956
-0.65657258531697993 -3.80106623567936186 3.13310052243816273
-0.78103533001029934 -2.5375920308021529 3.11102348323779587
-0.93950168081820273 -3.65880446632703338 3.11599588125704718
-0.97884542813251085 2.44373957579946444 3.20604786102183725
-1.03100379814860577 1.29989637724055251 3.12836842990912611
-1.13435340870529555 -2.4928535033311614 3.14077412956392799
-1.13437854576461938 2.38602095740226927 3.09694376525404014
-1.23823456689920275 -2.63353090198649431 3.10870705022192073
-1.34487365380856616 2.13348055082009669 3.16705782458819485
-1.35940291001766345 1.96957344917218991 3.15774582371253398
-1.38902811905656254 2.03967726101933744 3.12175185697938806
-1.40962884120184606 1.85491685881974688 3.20610038953125231
-1.45482726666288187 1.69910631358367259 3.20280677486691356
0.53465288090899676 1.78342616309484781 3.18107227461013053
0.49898954716841998 1.96361792279329794 3.14762331302117193
0.43796777897299038 2.00157039285289695 3.14964885960530872
0.39111250447763346 -2.99508297088434228 3.04272751055363644
0.31847158979255308 2.21447655261628151 3.14343193637742102
0.25912131741933925 2.36537652706977042 3.07708898583098822
-0.16833501255346767 2.64564882833298309 3.07950336526627177
-0.25215531353879661 2.69821151062903297 3.0685019229170849
-0.63548904884573398 2.59858065394154147 3.15182549510894461
-0.65475373711323681 1.97676779701446814 3.10795933911241784
-0.73888140879344211 1.9231497966303901 3.10517979401449695
-1.01520857198722103 2.48376058144999812 3.17016903011344464
-1.04026229903784739 2.43549771774412749 3.1756782528475429
-1.08379436006828 -3.47582911003023387 3.08461505212130893
-1.30325919587372585 2.30047806513681463 3.07092227142839436
-1.40452519240631557 1.93783097667948612 3.15990307626061639
-1.44384691363580897 1.88256061335126157 3.15628744502432346
-1.474231504804699 1.38368414126212547 3.11234623305312175
0.57222323689252974 1.66401835026716705 3.14795497543096525
0.40896219553652735 -2.9585245060781511 3.02047886308295821
0.3893104098213882 -2.58106540453873246 3.13816848973886309
0.33019225214857834 -2.58728497156149428 3.09213223988629826
0.22678674355083001 -3.44951832037929407 3.07674114056904013
-0.08657423905465624 1.75063988931990955 3.12096790744910768
-0.3334424433517531 1.95916066741405048 3.14285330676770824
-0.50991219903700036 -2.62903430638391145 3.12917666802994887
-0.61589973782484553 2.01908006505365245 3.09925559799094508
-0.66854821436862588 2.68867021481875446 3.07654073983276843
-0.83447352629721194 1.92428891669283075 3.01289161560984686
-0.81804509134065517 -3.82280416446860061 3.04896186295902805
-0.97668230645879672 1.50526665530419179 3.04941797287512095
-0.9441674973418035 2.52040643649007734 3.16372222063559638
-1.21002133214404184 -3.15919303835533238 3.08504102889137677
-1.4978878899317043 1.63610132456951352 3.11708987165372831
-1.48380356438302718 1.75228910350730893 3.13253010833006718
0.59712932526803031 1.54675793400394279 3.10034783098360478
0.45899962903811736 2.07636873431828528 3.13744507910058745
0.38624475076768966 2.1974048252647771 3.13963242337502146
0.12284756526309386 2.46374855953722482 3.08953401378552339
-0.00294182212622628 -3.79274908340117367 3.07489774260064408
-0.24480767291109418 2.5917181721842284 3.1192908740310612
-0.3597403721643273 2.06309087471541019 3.07346766834831486
-0.38912559703747185 2.79742551607439216 3.00770504473404543
-0.74082173746376756 2.67533990212100914 3.02199056691824408
-1.24335469219382011 -2.78460999623583927 3.04823126234175623
-1.50378095750203133 1.59142451801016382 3.04762639600612806
0.56847869377449345 1.85731068982165315 3.09013993072362103
0.50723401175084826 1.36248231926172592 3.06189464341874551
0.41614041144524905 2.23437784844676779 3.10179810084784036
0.0913438190824359 -3.69338292612741803 3.07274660534451849
-0.01686305686706001 1.7248997597255542 3.04555583631124183
-0.33164702306488009 -2.66463925257885181 3.03784831863068305
-0.83292731324071934 2.55950497495866136 3.10236030720879885
-0.84470776181188345 2.67120102478709898 3.02284355674129035
-1.01870230596256262 1.50337624483120424 2.99867569838576253
-1.11522702412263963 2.42317218167683146 3.06567307053988491
-1.13123623344995883 2.52164029095400766 3.0416694511562401
-1.18822503518269262 -3.31915206769519866 3.05746462205370895
0.48424898529356086 2.13525964584226369 3.08276734339858915
0.47089972867911628 1.40173260913958275 3.01895233318498546
0.32672060810414988 -3.34310208263514941 3.06925501000089263
0.29410152662609002 2.38466782334276495 3.06063083831623128
0.21058744917237787 2.41648274135736241 3.07457988237616542
0.16136817575099768 2.4176852433285263 3.09896821337052097
-0.06723528266470186 -3.84657931951090903 3.02832738069380181
-0.14859283664662903 1.90508236936548325 3.07482692973402649
-0.2203517989509951 -2.61718142014467325 3.05560947841634345
-0.27376852933389689 2.06099544885665242 3.04358327422462915
-0.44853182177688167 -3.97552080914066153 2.9970922359389931
-0.60004530917566412 -3.89786349350249006 3.02096649334815037
-0.62504861362438835 -3.82666290003075948 3.05168054162225655
-1.09912425395957958 2.65412978825265089 2.97608798425472543
-1.1541940510724511 -2.70626441725203781 2.9907315446659628
-1.36099774507649007 2.28909605662235194 3.00954042446976633
-1.45083819984073248 2.13094900239336971 2.96618717814054911
-1.46988934051376963 1.9881361670678861 3.01260005271905973
-1.4960474162887103 1.61575861145393995 3.04839070020243863
-1.50569526135647513 1.55816651728261024 3.0160083376332123
0.60954473453510194 1.57292287236385775 3.01836945042935412
0.58688973692529245 1.48741181426609415 3.02497687510988378
0.51803746102074832 2.11001489714281121 3.02384024265530993
0.38928099712128028 -2.75516915763200831 3.01094533524108421
0.08197363384882367 1.58744176342405741 2.98026577181201446
-0.14819267513714252 -3.81497248018727353 3.0439709003548252
-0.7214928936147893 -3.85831084109022759 3.04002343548741694
-0.71678849921107735 2.70438968638736599 3.03058806657682789
-0.72804269154049495 2.07921797416927712 2.99400847638505052
-1.02205574717861136 -2.68744612560298979 2.99564957097698459
-0.92668092442843086 1.84738333263110621 2.92223015611394432
-1.0008783431179693 -3.64769154234533044 3.01274899226932558
-1.13240483880825971 -3.46927859415865969 2.98884099890715316
-1.38586632448852565 1.40664164250852575 3.01737114101261739
0.62189276004661753 1.72658428125392516 2.93948658848875422
0.56826807737000895 2.0380865183719874 2.92718367718265604
0.4996707412018031 2.04440807897330457 3.02126294389922112
0.46072758099602845 2.25755397654971102 3.03533290498945574
0.40453447653676183 -2.86837880312434201 2.94208875135448356
0.278038222886208 -3.45348800930489563 3.01454746433272369
0.17974927300618831 -3.57536843919266722 3.02387666301444025
0.23037406964217882 2.46982757968136513 3.05057098828244744
0.19588477716680061 2.5150370479003108 3.05377130305113242
0.10971162061273207 2.57212611809183933 3.04813778840662941
0.09551319168263721 -2.66586885031596843 3.01256194081210094
-0.00145642349086911 2.5995482206776539 3.02066948716004635
-0.18930868808284479 -3.9312982139073922 2.96624526676884903
-0.25026883289818624 2.79464903716262247 2.9753660526223813
-1.04026833997286627 -3.51035408572073715 3.03464609032870358
-1.0777153667764634 1.4865090895386448 2.97376746219213883
-1.20599549691457897 1.46778369979281154 2.96568909433861005
-1.2060354895220442 -3.07520430707564785 2.97856750332253206
-1.19271009719307619 -2.7122847588180985 3.00279864536097074
0.34304727322439393 -3.24565472867328797 3.01588674738817275
0.18381931822693104 1.51173945230893336 2.95183093158171905
0.12440696181350033 1.51825755835374987 2.97809046620512374
-0.0067133110153417 -3.84261004095425784 2.99549065195368369
-0.13116048021957458 2.74788631026073116 2.94716649530022368
-0.1813271142374466 2.01622541551981538 3.01509727981596853
-0.18747288060906694 2.7461113014134928 2.95759053465040056
-0.56207070303260709 -2.70654430062729912 2.99912279958334516
-0.55921344091575509 2.19495044899196001 2.96471519692034846
-0.61969757696620997 -2.74946396012087879 2.94740519292265413
-1.0157464540702752 2.71180624032706952 2.94126024131958363
-1.0470849676288061 -3.57097581491741733 3.00300635315530595
-1.24158475436648175 -2.97892927970502219 2.90695426832765769
-1.49377460980078713 1.87784471350551208 3.00191226153311641
0.41241021546011492 -2.97248403637780401 2.9184277187683505
0.39480327094107548 2.48005744126334804 2.88479264345739805
0.23293946999042703 -3.55940478339576938 3.00628927929682854
0.00465611256530061 2.69091862664916626 2.98043473526959257
-0.26746447546518826 -4.01471113279473801 2.92242870613784334
-0.4336208262634601 -2.76269232302441203 2.94235139538370882
-0.6566936205752536 2.11526338074645404 3.0016062007730433
-0.77841457340989118 2.70250084279790403 2.96728873724632525
-0.98647149571954573 1.66179378254484544 2.92576343197429667
-1.23462388646071708 -3.03944684610273308 2.93454486456431374
-1.43948460171329984 2.05688133196705492 2.97221031951029513
-1.48563173079827759 1.52633058292691626 2.97649466778043026
0.40438126667109914 -3.09117236026180242 2.9876106148080126
0.3092284535348494 -3.4114546430150372 2.96747065232383722
0.27014448812808461 2.43834985777338931 2.99649816712697126
0.30389265836755031 2.54116724900537694 2.91658846174966158
0.15798678486522458 2.68582889632618471 2.91947580519026229
0.03476504861692672 -3.80482381209871079 2.93945648338311294
-0.31372796192828289 -2.7512419583516512 2.94761959210011559
-0.32052976857939508 2.18305203548937854 2.95255438737012543
-0.50774848124222749 2.26086325910288766 2.91687041171628136
-0.65392242380784915 -3.90130785779722844 2.96366928266359153
-0.69488088943455273 2.77224403685510268 2.96925047965515754
-0.77353194380295076 2.05321516409739413 2.98284876934348908
-0.79675617624223338 -3.88535125821051475 2.97088259397032983
-1.29704613800021296 2.55055712560265002 2.86616487904426442
-1.21983397666773152 -2.84375480313243356 2.92938061386114246
-1.4222043140945051 1.52984502330658545 2.92011320449448863
0.52045213245027422 1.51628208455391267 2.9325675858235587
0.48801299384300362 2.25484894827297788 2.98730823730376915
0.37067342419173738 -3.36214790570008581 2.95479868699080672
0.36437472949980504 -2.83408117640619173 2.92262159626595697
0.30915970666558135 -2.81504028107378179 2.90432431606949981
0.00176569024121576 1.93082515543982081 2.8673065504350479
-0.17608546844130388 2.16356974365960042 2.89197813658671921
-0.41758424365500546 2.92851345435536503 2.86047168516502914
-0.51824458676641183 2.84125481884451148 2.94921684549250696
-0.73080897363425568 -3.89126114493626662 2.9445264122162067
-0.85731477907858133 -3.87537157835075563 2.9166564313652632
-1.23849896654049396 2.6282249680941816 2.87116042982600073
-1.3395475360746536 2.42601497925694298 2.93471818133826767
-1.51204527053528914 1.7865454567201986 2.93406884794239575
0.46322355375846797 2.39742457916054974 2.87856770037668275
0.30811506731550165 1.52331468511939905 2.91311937127176535
0.27416451427000577 -3.60640781266828458 2.92509943192084299
0.18908073639434572 -3.70049295980248294 2.94860755603232194
0.20780467166988137 2.70917624711162874 2.86017146647268117
-0.0734206120464123 2.72787198655983021 2.93710426279805548
-0.04174604559351423 -3.87161090250609341 2.94655250175681438
-0.16737633271706251 -3.95264444316688346 2.9165144294654346
-0.55640317369966708 -3.976576881845856 2.94466546069065771
-0.72255927419098509 2.77228068061473687 2.94099987361886761
-0.80688286026042111 2.71837875077614655 2.94936466678234366
-1.03598032965313136 -3.63434490495323592 2.92935002412609746
-1.08705193529753674 -3.52454246145274697 2.91489426106517158
-1.1067672519214804 2.70256422940485175 2.91505707200968889
-1.53684555579706883 1.72099210456237417 2.87512910886813211
0.63255654256656757 1.71002167627351431 2.84613227985168882
0.30546876023358627 -3.57558655910372458 2.88700951281256524
0.31530850682313188 -3.49610864703850144 2.87880167365296824
0.12978445595810073 -3.79429651103743204 2.91359832681502606
0.07148629527799012 -2.84309868872292437 2.86427270348024043
0.03348313117935007 2.76418600119697722 2.90179598133670513
-0.02092652446701607 2.7686862966648933 2.91079366044642018
-0.65506879617171709 2.19748388501029757 2.93587101444965759
-0.79118136671497219 2.80813955829899298 2.94345875745086349
-1.16760536506994672 -3.36452363241734442 2.83028532772609154
-1.22964250604380076 2.53884005816309655 2.90147358231983254
-1.21029959217436844 -3.14879500362640563 2.84694064217689835
-1.40019167557494195 1.56496448128243149 2.87730738169707312
-1.37506922102221751 2.46329122252965904 2.8545072126217117
-1.50360109427404787 2.0412071443198001 2.87439907559032459
0.60496667083886491 1.63080536756066241 2.88665461485040442
0.61480698960675972 1.97003558438614657 2.82557261152259409
0.54743289860637101 2.10294171730467605 2.88160587870566554
0.41004499231407388 -3.22318631579300563 2.89099384883971222
0.38885919435377186 -3.3739042043189742 2.90833569900545807
0.33867480982471942 2.51323510642113446 2.86241010868676726
-0.1072328474543162 -3.95289023012738383 2.91791488902679497
-0.11941674742744841 2.16816048194638045 2.83628164116990567
-0.129093764510743 2.82672508993944671 2.92269804125374355
-0.16769986699566627 2.82122846294431717 2.94020193357153881
-0.37841114686405702 2.30893092271858791 2.85482499161321357
-0.56625896188869618 -3.99407483986198253 2.88048526579049913
-0.71268985503655047 -3.95643412622039792 2.91340817255465057
-0.77126427320310509 2.26757943681290541 2.80333531984806816
-0.79224910507808888 2.83760356571242678 2.91619416779194962
-0.83064443535695875 2.08412655077706965 2.89685470252794541
-1.09053727864277872 -2.90192416355339544 2.8149502433440956
-1.16471986093101476 -2.91399639694795587 2.82987278811834209
-1.33709357286525021 2.5615758367767576 2.82583043685660584
-1.54140456394422753 1.79190411429226937 2.89010754212673282
0.57918557349273925 2.20463475646713514 2.77339806241857678
0.36461581927593123 -3.47036085347515533 2.85781986767642637
0.16330126566611025 1.65959267981256642 2.8325607157511965
-0.01271638662147236 -3.93334454439608194 2.88461874536164231
-0.24724131462192603 2.8209522094336128 2.90387850469147057
-0.35260895160496702 -4.09956747843594105 2.82420812613300942
-0.43344571286071421 -4.08789614468266915 2.8319728678878695
-0.49988651141202489 2.96382725691501259 2.82245018385755975
-0.60594828693300751 2.88267580527683309 2.86179599525560713
-0.61094234434092198 -4.04704977814274169 2.8424533129095626
-0.72302948829216074 -2.87286324174713315 2.83633014184807708
-0.71565608455875362 2.88607533574510722 2.87464331171173715
-0.7836072995328075 -3.91342603349073404 2.90018372393702784
-0.86921013209677989 2.04073373791968438 2.86509527810228004
-0.91412772286249377 2.79452014558387596 2.83292769047464432
-1.04429747111641946 -3.62621605411300907 2.86852650532123477
-1.51210964355503741 1.6553954737762071 2.85512887000595983
0.13751511964420901 -3.86600728700381158 2.82593050845540805
0.12938313389810679 1.72110352044055848 2.81453012147203507
0.06280532033391986 -3.86179384629713063 2.85740883875487484
-0.08993697377113073 -4.02189122555921674 2.85505179359279326
-0.05580122346337741 2.79383624736621483 2.86111651859180505
-0.2483139209729267 2.89761287178276072 2.8672494504163315
-0.51752007622178176 2.30266085935350207 2.86390436575933993
-1.03809308762652264 1.71314584742462417 2.80811829951774783
-1.06118554094187889 2.80790141374948554 2.78124414104505391
-1.08818447213099567 1.65598868900309415 2.81683820854185019
-1.21824626230875954 2.69024626668848477 2.82592202159939943
-1.22648667313745885 -3.00180969635875794 2.82224173811746981
-1.23679336864166989 -3.10158541063280913 2.79409877953294616
-1.48230648707106938 2.11762382414290018 2.85188757001137727
-1.55746875869531332 1.97235811093665436 2.84493595521797094
0.64946251417637724 1.81843011786252418 2.78686179208755114
0.33141819047055743 1.61460746869170468 2.82184018929036906
0.42665552743429547 2.53299166124115516 2.79899430474810984
0.26434103104744172 -3.77757354922294653 2.78328455989365331
0.20698171583955921 -3.84197167315179655 2.80156449438173105
0.22480111538138298 1.66752261607401286 2.79136245140334127
-0.17054409628272774 -4.04409432341632957 2.85636783103147707
-0.66526809896829708 2.36701269972805761 2.76375289941301849
-0.64646094806961873 2.86927232943300048 2.83916363064428845
-0.76795499130159828 -4.05580395353306056 2.78672340417907982
-0.84652352912341433 2.91160893263145404 2.807237677145213
-0.84250273909201756 -3.89351245356456888 2.84734694282306533
-0.92957720198099814 2.87388351117571395 2.77366962255120209
-0.93152490700426871 -3.78442053793224309 2.85024110398852093
-1.03972439221673185 1.85441404166727386 2.67579528494268626
-1.11865223477176112 -3.4816469677692341 2.84732671166389162
-1.14797362943156434 -3.42039908110046209 2.8417082821026316
-1.21339584329376393 1.60312237418884895 2.83344954627386425
-1.46856819650997372 2.18681069394181105 2.86867791444722497
-1.53806120462788454 1.7667890835264759 2.74577060890079228
0.5461824335026495 1.67909033550681741 2.76539603750839147
0.34906179356605183 2.64858767176708465 2.77109681181518663
0.23317352587925527 -2.97516030546452992 2.75096324876479192
0.11577504978710668 1.85922904723796156 2.71875519185324999
0.02457123658227714 2.94194994554404143 2.69034438623638206
-0.2047912562205057 3.05744175020261588 2.71131479539931419
-0.28280845885303724 -4.07251386413229799 2.80403789072087095
-0.27613000914333957 2.38269993991505746 2.75127770802478455
-0.36731425231022796 2.93076833686707028 2.80223345173607941
-0.69167110774766494 -4.09986932926791958 2.77682043369482079
-1.12882928690318307 -3.61715528484575977 2.77532277020211859
-1.40538333407920679 2.40547227491471149 2.81883338767322078
-1.55086320352757623 2.06852760559358018 2.81359196260611588
0.64227186259126656 1.88620737153487039 2.80889127050582621
0.58136212040760249 2.14336673316659843 2.78015919044167337
0.54891270537923043 2.29387292618585503 2.77018046251258054
0.40723670517489063 -3.43342008933726195 2.71511347300346273
-0.0009268484475119 2.83688917994612178 2.78946039473653551
-0.23541932396982507 -4.0995566726628514 2.79923735516100392
-0.46031462407668827 2.99727225539116793 2.76003733326504186
-0.84471053919636352 -3.96424580388873471 2.75555283168923859
-0.82616048989893787 3.05513304715587353 2.67313617544790905
-1.09933411142092186 -3.64134301290982076 2.80668095477303758
-1.13259011599694293 -3.53761519619704723 2.78417718144001114
-1.29089715165924535 2.6201440144645427 2.78793422118983525
-1.49706845889710261 2.25970409984392084 2.83377147604951229
-1.45685119648350025 1.74927941263539544 2.68275839596012666
-1.52182691829714889 2.17864077505802456 2.8272734382877287
0.64587016295980582 1.79287485388349666 2.74579659745731641
0.41432973051570593 -3.2427133948446385 2.71526030113441008
0.40459503677134967 -3.07312837468415267 2.76114760178722785
0.3398747860399991 -3.61575413143799151 2.71508340178041374
0.34518004227982269 -3.53917840473447898 2.72326532059913706
0.15382470054140418 -3.92143920551516301 2.68680700466960243
-0.09364160315426281 2.25042581486396909 2.74551992843580139
-0.37710728070054966 3.0258841554982463 2.72662123246189481
-0.48418775266886344 -4.07530356926204718 2.78624048245064504
-0.53531282630001975 2.99495542471985354 2.76632291533473262
-0.63363517520345169 3.00990915240001966 2.73188455624634807
-0.83321191645539183 -4.02692642558966618 2.74918183265427629
-0.85730325993424805 2.25151634974260695 2.72117684610387789
-0.91047600128422301 -3.943063082065553 2.75482159736090804
-0.90120225836656365 2.11836842981257556 2.76280846088090293
-0.97527417837178865 -3.8295727607257799 2.7944221988783946
-1.18622214193749009 -3.46227672154442212 2.80257327537076906
-1.20581680068586006 -3.06796629849843239 2.73767035617194265
-1.17055349837959888 1.76178068312989944 2.67348077623616032
-1.22683736505763807 -3.21038938018103304 2.77197948409597039
-1.45827598770057554 2.39971522119999658 2.80032230524474945
0.50394300693571004 2.44937690623464821 2.72520013860784394
0.4560668009856379 2.56831761349989263 2.72193393007015061
0.3866952199084488 -3.49916625307122864 2.72740486433895102
0.35080777540661323 -3.04360941900760285 2.72848105455709389
0.13794051242636163 2.90487743805557663 2.66827657809727281
-0.03157968586120573 -4.07918550866382112 2.73228550116089686
-0.11570727423156216 -4.13381059576697396 2.72750543369333309
-0.29747017549677024 3.0862406432641265 2.67913332410264093
-0.2256657024418729 -3.01363685189768882 2.70920592439820318
-0.3974219504036085 -4.1278615312061353 2.74544136249221182
-0.46714062749589491 2.49206031088785718 2.67220889289784891
-0.51205987791248275 -4.14606493029776857 2.73335364494374211
-0.59304523527840658 2.96338509519272053 2.7454049202078199
-1.0438889876038755 -3.84099090405161769 2.72479480349342484
-1.22690888720902791 -3.33163211948876414 2.75753068747888008
-1.23788947708511343 2.69962760575985561 2.76402743147543983
-1.36901442836692211 2.55855158575006225 2.76176171439627893
-1.54048040306892475 2.34536340122756748 2.73061461036723996
-1.55851141423954931 2.16441843982253301 2.75948965788189682
-1.57350242533685281 2.21015653212268903 2.73630304751063846
0.66458509313773528 2.08659586723796941 2.72855927470536219
0.60811650538824957 2.14677581743715562 2.73499476045658341
0.29797330052126575 -3.74790320432812596 2.72276442862831658
0.1956118078234606 1.78932732610612 2.67954572874004926
0.04152812216065352 2.18750298443193181 2.59697910847316926
-0.12672485631740885 3.01703302578291055 2.72675488212472672
-0.62082210595660314 2.47645688783034723 2.67309535996510439
-0.95432001527648413 2.16135667192065295 2.62758384598449002
-1.09553326147125096 2.87761781368109171 2.66802290844784373
-1.18601453670983314 -3.52776640593481661 2.73725280040151198
-1.21541532525791007 -3.46988609024844363 2.7324439275891339
-1.28421433072092261 1.78611236234387971 2.62451387163155792
-1.3235125070823881 2.61264555319390723 2.76479358305319156
-1.41441438463968105 2.55058491578647262 2.73729085960240104
-1.55589457558815081 2.11639683780234655 2.70103525885423901
-1.59638877637046672 2.03304418598046954 2.71866400727702118
0.63404893813088425 2.20836685119623288 2.73449346210444588
0.5724019437427651 2.35935952515488756 2.73693614495064619
0.38784393072382106 2.62652655437130811 2.70366123824888271
0.1967035948413163 2.84908751033379604 2.6842535392903728
-0.26735921191551248 -4.15720325816210501 2.71821442954811854
-0.46837879185781234 -3.10692659464426413 2.62275491239984815
-0.72157847064994307 2.41366611056042046 2.67978468171302309
-0.89499138404466572 3.03701499156165688 2.66065277388886479
-1.171754973179717 -3.13722266268378913 2.64298353478274173
-1.28512814979210477 2.70381583013687887 2.76466016598502318
-1.32463149918653822 2.669768566669529 2.75825842416839118
-1.58749841647479806 1.93858226916528098 2.58775310687332372
-1.58722171090040765 2.07321158497539093 2.71590278325120016
0.61861325477179152 2.34937916001973957 2.69911603914589682
0.43924026134603478 1.89103906291238455 2.50406587713322359
0.32531657277475456 1.8756304444776104 2.53048595495727824
0.31935581951645658 -3.12047948728776614 2.63831445418141364
0.26004074846790853 -3.87368375374573493 2.65122639369666135
-0.18257746195339611 -4.20647394719136081 2.6370905365857964
-0.30594046297277966 -4.16256429434834718 2.671190639592111
-0.97157287806364845 -3.14129685158277905 2.59149153552999501
-0.99973517094990771 -3.94237216482543484 2.67663839949575566
-1.02686868561860822 2.90839214394001111 2.65795851754447598
-1.10018913886882275 1.8161776171366093 2.64811796505164621
-1.14120083680742002 -3.7201762411468482 2.66957182522162517
-1.14370038244091732 -3.57391017706752256 2.69686531973321397
-1.22817786744042223 -3.22715035850494747 2.66244870226407615
0.68238542927036083 2.02099599459763368 2.68545667292386003
0.215948425695489 -3.91925125498639604 2.64910719490609514
0.18125986486893331 -3.17844814770574757 2.55725740425584824
0.07273858904122221 2.92041297938271516 2.65282966804235265
-0.31481166899129953 2.51015157043848403 2.64169687786671892
-0.3858398133355691 -4.21999351160860581 2.65263857608399345
-0.45075795334507107 3.04269334571940631 2.66019807689152232
-0.47743743067586891 -4.17007237368589845 2.67608261422770877
-0.55513759255166983 3.03603285598323502 2.66509497047011257
-0.77622345596233067 -4.18344847199935188 2.61853396118223003
-1.10452112413410664 -3.85002975957451143 2.63232956831503628
-1.14901811437517165 2.83344012674442691 2.66652816800844317
-1.21360983835350877 2.82227466692447004 2.68346375012284222
-1.31399851226752751 2.79585302488227683 2.65784294721611669
-1.37096964472519911 2.74702178885730852 2.63937466160504641
-1.36590537461003625 2.62543575295343112 2.68806567683672437
0.64629928504051071 2.14002583318647055 2.6286574042326567
0.60376717739639763 1.83769081332480311 2.61711849357397641
0.56876051012826689 1.84243870208143901 2.57979934329474236
0.40883124317660169 -3.30133159147939592 2.55680908850324418
0.38851088225075803 -3.20944746476624454 2.60617882963232494
0.28168078081187409 2.76858300291204484 2.66841982979205472
0.2057778504369551 1.98022448719427446 2.47600129378863887
-0.0850238578325333 2.31400103702509607 2.67222529802606479
-0.15945460328612018 2.42301376896585596 2.64033527765246978
-0.14194768257723567 3.11553296623771647 2.61573198702052556
-0.8438913784600327 -4.16554082537810189 2.56715889646706108
-0.82985565034743758 2.39610031827508863 2.61562980447225435
-0.9750312435678179 -4.02312735974963687 2.59299498284383789
-0.91865440473577731 2.26659042384373199 2.61973593061859811
-1.12232643247710406 -3.13906237442370761 2.61317078371342904
-1.17449013425764659 -3.67076223975532834 2.5343652053515453
-1.40763974799369795 2.68898772918530415 2.6219539829790568
0.67134480512229866 1.92748674660780717 2.59945147823518097
0.66435130456960778 2.2016151854904793 2.66215045235982295
0.64909055976536345 2.34233028297309875 2.63501445681919533
0.52648027117933771 2.55632954331401141 2.6358293345222803
0.41635797382766376 2.69019711464658906 2.67919176301666795
0.36849660757700076 2.75593293440253762 2.66737645963121706
0.39025550942039472 -3.50803838126353984 2.60085807665902413
0.25122082674890067 1.9206534309831973 2.5017676189465452
-0.46649856944720669 -4.24989766245934586 2.60952860447451318
-0.57542169141181665 -4.24977833352413281 2.59559094487629238
-0.76259250809981738 2.42704179033737732 2.62828682129179958
-0.89153209517244436 -4.0878121695656322 2.59821518486202852
-1.20251626358714359 -3.54351398478429491 2.6039815155520003
-1.45820586239981576 2.5839281882071643 2.59057271062391159
-1.56169679433561015 1.88229869040567221 2.6128060878182886
0.46436675967070784 2.61027086318154478 2.62592630373994584
0.32694112687747218 -3.6711747392922458 2.62358050005216192
0.16257678359621833 -4.00040518777467469 2.57926133153451742
0.05928877804886346 3.03815458058355148 2.54856102458949341
-0.24530149719430047 2.54733791310945401 2.56522206323195734
-0.36831317158242871 3.11577762395762381 2.62068790212533287
-0.54448741117199739 3.114613279943653 2.65611996893542734
-0.72299405615487156 -4.23777854937960186 2.57486140293551857
-0.90033002180125099 -4.02384669985309262 2.61122482370451658
-1.49095985331134573 1.87239712705071093 2.54621427727451932
-1.57956211090337506 2.41823006916915784 2.54182446317444199
-1.60365213925019479 2.17773917464491884 2.513218500666202
-1.60555880038371224 2.33947720017376692 2.49904960037306578
0.4733257327878303 2.67804955855859594 2.60792635494208547
0.41566194310593679 -3.45701424522147871 2.54030704463189494
0.29138099712839127 2.86340763352764061 2.62096565796806713
-0.02264284836602716 -4.22177627299111435 2.52532403653459703
-0.03637731901392258 -3.20635218645275311 2.52674698772436468
-0.19599895319249261 -4.23677878737853852 2.57098320955285686
-0.36644909773000672 2.59544847305308712 2.55442642053953195
-0.32535776756247292 -4.27715514553747944 2.55376643425228078
-0.42799849940760881 3.07342229717679638 2.62399169008556044
-0.46575915919242389 3.14488033242773435 2.62123741920377507
-0.52559365421076831 3.14592523999644991 2.63979670375643805
-0.58624959444424496 2.57828403790600325 2.5684888559969723
-1.16137988352104937 2.9758513175157022 2.55360679526560475
-1.22073960441527429 -3.35368802249553744 2.50141712404544059
-1.61598066941105345 2.09856590361188911 2.51264991375327362
0.68645014398083337 2.21175361139168514 2.55129759305940196
0.60572617409787544 2.52629275987277779 2.52305346804028074
0.56462206070360921 2.57998766026477711 2.55251930988585762
0.38425436257890278 2.85883210804292576 2.57387436851003093
0.2034329923787041 2.93691142030879115 2.57013731484048558
-0.22062588923439733 3.20096209751689331 2.54293075498443644
-0.51887718186312681 -4.24992158014153532 2.56576743372507954
-0.61730174704269281 2.55573528943758044 2.57476420366930236
-0.83521118037639708 2.39106577028510792 2.60048796076246447
-1.02490951467520675 -4.00905766652669193 2.55271350733147262
-1.07305501705615502 3.03014793477874056 2.52870904584132949
-1.05282147880001165 2.02075721656802809 2.50407371297433423
-1.20490496245562917 -3.30164944320753451 2.5174338473687925
-1.32825768103039277 2.97450596475596329 2.49673581601895567
-1.58443137158162606 2.13325494316563047 2.51603814900005274
0.69860682935022167 2.07386139087374488 2.43910680931582835
0.45657329465532709 2.83132145865805862 2.50974402703253352
0.34234949531952469 -3.65675424841115637 2.61354579450481639
0.28192546324918294 -3.83736472733984968 2.56671394791457264
0.15409755028345976 2.98992524179322317 2.54423871529132484
0.06736980155694725 -4.15946709333192288 2.50010933214108944
-0.27719654432744673 3.19991473791806147 2.5476373294415513
-0.68571318203969878 3.14892462369586612 2.53542892079234905
-0.68153857847672539 3.23650779442125991 2.49721098582597145
-0.6739481203767127 2.55993257021192289 2.55075972197417666
-0.77825262102003168 3.15030210752199391 2.55631109976999316
-1.16136998114285683 -3.58611116766510474 2.57218605363682951
-1.41854082153832994 2.94209546440609948 2.46203230329321876
-1.4261915671355081 2.63221274234025016 2.57378100958855915
0.70012156187984065 2.11902185220949901 2.43086800691932003
0.40195171385344769 -3.62497316351442045 2.5480464082745824
0.25135619008751842 2.96131315404788475 2.54492706563399551
0.17222627351842956 2.05979445874273548 2.44418129093583003
-0.08956440288579415 2.51272226944142618 2.47830250508079963
-0.48248404311881443 3.24418873156484988 2.53381231984435917
-0.63170741180555012 3.38905029561111037 2.36243725691587025
-0.73960808357668428 2.58386988267151985 2.49686695075610476
-0.92967695516024629 2.29674341929410009 2.55752723224868816
-1.14882546775618777 -3.80572082133248957 2.54189955940789769
0.66953842667475838 2.15819044775836089 2.46612848085940639
0.50386921085343372 2.64365504140539942 2.52190884061122089
0.3492617822952831 -3.8343677004075829 2.52391627539482455
0.24474249608346976 -3.93051114705233173 2.53490469723043743
0.20559296332896945 -3.95631807573892935 2.55134662530532941
0.01103359187219541 2.49940687125844585 2.3600449198120943
-0.20613576682364437 -4.24907166563765948 2.50011520625830164
-0.26199097667714072 2.59105340703099607 2.52480206471217139
-0.51547278771114824 -3.23120317316117456 2.49843827657507767
-0.32789308665030342 3.19700329761416802 2.48961891112090994
-0.47100632686634825 2.66023531251033285 2.49421515471438271
-0.46573391527872154 -4.36469073855179879 2.47471863431724159
-0.850860579806204 2.49651602368726921 2.47538661447167474
-0.94942306180701352 3.19171941904892709 2.47532235154285818
-1.12976360060220493 -3.29158406578592366 2.46471255205600048
-1.21991218096843412 -3.48618602918693687 2.40763947129176792
-1.52667198223382883 2.70703972323040265 2.45317170362524584
0.61334918136083472 1.97670348693834841 2.42393490802425049
0.57208633608320203 2.65340146149220812 2.44420619506658054
0.30954633081263166 -3.27010356811263136 2.48138097465719021
0.15265107846618292 3.07154912175296602 2.52159378909240051
0.10522300421264233 3.0701066572019986 2.53883590940311832
0.08925425887570373 2.38384248168844159 2.3368112899233795
-0.11846316454319934 3.20270407728138018 2.44472929209286782
-0.22752484722822722 2.62669659164134917 2.48112507172824737
-0.37234081003262293 3.25414483175037228 2.48820934504636737
-0.53631095987848865 2.62815745857643313 2.51551266478418922
-0.65260917188975665 -4.33483185667283522 2.42344369784387181
-0.95273203315314237 -4.07146766710014152 2.46106523327783711
-0.91079170325839531 -3.24745782874131228 2.48225588420494292
-1.12183523454161316 3.00487667667554748 2.51338359469066797
-1.08638522524252568 -3.96721599464681463 2.48580688613263145
-1.21176997721106439 -3.5668794439070326 2.36547610888074411
-1.16313495039583015 1.98276597215536432 2.41326896430205862
-1.52745734803485034 2.7891475423787937 2.42738554660998718
-1.5548359381388841 2.55486335541353204 2.47269883304690241
-1.57644146935237761 1.98994510054457585 2.44910691220848786
0.37546059387738084 -3.82442768430270386 2.48311162087573489
0.38918662493546369 -3.34546101921707351 2.46128599161630257
0.41796935332335278 2.99945086534371574 2.3714676328353983
0.22161455063586255 3.03303932072367344 2.45348771019050993
0.21991082401064205 -4.03574177333050166 2.48485912173551915
0.0307696845959284 3.17131813809515029 2.48584634275056704
-0.03275652334274318 3.12188070636615711 2.49942082743150618
-0.08933344010361489 -4.28538133818709621 2.43915912631715237
-0.36773453544398987 -4.37987347329809218 2.43850444525428189
-0.7844678233398501 -4.2641793340024865 2.46681861399842273
-1.06265416145116509 -3.27655977670840848 2.46157315434231494
-1.11339415166479805 2.0549570622533615 2.37238996836694138
-1.1858875355817371 -3.60126216931376142 2.41610035335905105
-1.61236306717226552 2.04000815259114576 2.4379561875136031
0.65252508344504934 2.07089629854010004 2.32328933449295238
0.66946240760611853 2.42159021206301084 2.38533181968417196
0.54760752831958803 2.7852195054953901 2.3941998446297319
0.35801454706847657 3.00719683159162088 2.41818693558667119
0.13246743734570635 -4.08092931340526999 2.48133371657887825
-0.89456198868964498 3.30753543207430001 2.37669437611104062
-0.93526785233804088 2.46555031193665464 2.39301118812575897
-1.03015929553473895 -4.06691187166299795 2.40100454734889768
-1.09265802673082235 3.07264301719163413 2.51281470647922456
-1.19715904217179792 3.0443321281929534 2.45603670918323846
-1.49971694945730771 2.64491830248552562 2.45908074040961111
-1.54490243439137376 2.00052799445698781 2.3953778606874585
0.69375260980371567 2.28643397868131037 2.38663948600241671
0.33432805997799242 -3.91951164228751825 2.43150126352057638
0.29036742793833781 -3.93975807111415666 2.42558949447081673
0.26605000196419198 -4.02288707005502033 2.43533688854900099
0.14905490164598603 -3.29047483222060233 2.42879702538956188
0.1952796453427682 3.0913122318106625 2.46707543028145748
0.1406685568002472 3.16172368353865041 2.44975361373916911
-0.21788035875796627 2.63772463323478767 2.45409093688070001
-0.25152027912227892 3.27706415574862264 2.3826341511436766
-0.55633185107184302 -4.37087919593385443 2.41176611331655222
-0.52162023759535669 3.40006401129500935 2.35629496061405064
-0.57777343016156213 -4.32068522162634139 2.43642902861093535
-0.73664818069794524 -4.33021626542826166 2.384112434117859
-0.94749814423155754 -4.13813194052406708 2.41214012621430962
-1.05965978029560048 3.16711662442676678 2.46452574394180779
-1.15370536900135168 3.13652356114225173 2.46278594761503378
-1.21088337813001812 3.11104631076697391 2.44429722080755152
-1.32800707075772628 2.00493787767496601 2.35719118465454258
0.54429884029248266 2.69085237898502294 2.42377810906011337
0.40147587982026456 -3.77401022624878513 2.40011545675895466
0.04976105082686274 -4.19889424386853616 2.41592725941779829
-0.02930649139330355 -4.2749160940390345 2.41792309220825974
-0.17724400379397215 -3.32223483162773681 2.38435867274401447
-0.20407534353972387 2.65168876737594505 2.44028787870339059
-0.38016809443712274 2.82776957224717052 2.30010903375780051
-0.85663690038854912 2.58589530087442032 2.4008027600053552
-1.00136684700342915 3.1667113428142124 2.44368626251039789
-1.07817311172319363 2.17306073301661096 2.31574270668946447
-1.11363864760552667 -3.95484189237707895 2.36217804931798625
-1.38315683869183403 3.08078353389613735 2.36015248572579583
-1.61956289717276536 2.18604123089996616 2.38133399211901953
-1.60498929116391609 2.50335193128326905 2.42461475224412126
-1.64093587266136343 2.16451975463872515 2.37143145425742707
0.68886242226328931 2.20654785473407333 2.3937952294942364
0.642047944497947 2.61119717250520011 2.3441557895881
0.31490373443194569 -3.36620682825833928 2.35839149510256174
0.27494385170900215 3.10704229727884007 2.35952339758364005
0.11804173476970443 -4.20388033295365648 2.4000581077799481
-0.07288287499755343 3.25899722944487813 2.41993384586847426
-0.20959275961215865 3.28108387584098526 2.37919037458677529
-0.53551887565457179 2.77772243728098056 2.36074982193162741
-0.6334871168977505 -3.33019130405091035 2.37475989048843195
0.63240641745476733 2.69298884790603754 2.308967509130603
0.41043038132561527 -3.47086647531690318 2.34091272382501847
0.37739005796718117 -3.88551155065142506 2.37066284172184094
0.19479540295548467 -4.19545003349644485 2.34144458989925264
0.18993450356225081 2.22687225946180201 2.2430130895452578
-0.13141407950510747 -4.28535255888438016 2.40120081871272095
-0.16881582395049569 2.6853215159021242 2.38199106427744445
-0.25680145562797702 2.76645735540404214 2.33241570529109499
-0.30454528305683032 3.30382114025050022 2.39185443929987418
-0.38315621766407859 3.36952205689962536 2.36236648013601647
-0.6411223313005574 2.76301995404383893 2.36045120469996439
-0.81194174115508677 3.28897068400379977 2.38201668897240104
-0.82134280142960925 2.73081197743911241 2.29579698534293231
-1.02545311012100804 2.4330409386473435 2.24377064244144986
-1.19043044092030836 3.21693166452713131 2.37778045874324295
-1.16132194499648733 -3.80426741826538262 2.28857602450604958
-1.28220329568377323 3.16089840990579862 2.38249620584413391
-1.61498402324905777 2.63922836235983782 2.35384092916744647
0.0885490878900296 3.31652953291739649 2.31288699408777987
0.00194821491831993 -4.25092773479072594 2.36904636432554572
-0.06122909562240129 2.63992127570713997 2.32799329156899537
-0.18440847055926116 2.66975514704692518 2.39891052220085044
-0.17726864525032535 -4.38111587113914869 2.30934619648794559
-0.50301174017519146 -4.42312682166004123 2.36345428663128843
-0.72776751678933604 3.37148064121248714 2.35539779959203166
-0.8218185372260437 -4.31009788557384077 2.27108103432874309
-0.90946705402161299 -3.36654844344877091 2.32480323090291385
-1.18277905828144614 -3.42434780280052387 2.3303334042396644
-1.21393546795517548 -3.4721474787022566 2.31844414446410774
-1.49868538048396216 3.00800657356090895 2.29743824485098891
-1.59706596145536439 2.69426156309582376 2.32520822145527362
-1.58603718677170447 2.75253801847043444 2.35522420408487809
0.46152020821090967 2.9885784133658011 2.32065757882048196
0.35251295695558793 2.09228136841071644 2.24925325256208586
0.30100039224455305 -4.01881701424028659 2.31083711009650861
0.19710207520218137 -3.39079332838763303 2.29451745093470993
0.26699170425582941 2.08346344476411716 2.29292341446662951
-0.19157753198616317 3.37401137113757699 2.31519383028769843
-0.28016267259600147 3.35055444510373768 2.37305196610866842
-0.29835597104716272 3.47055864904984723 2.37347398061481973
-0.40928349261327207 3.50008415073522849 2.38318216159927765
-0.51681718470331361 3.45954324603676211 2.38050527685254831
-0.54566906122010383 3.51868177086441181 2.38514361052277923
-0.61731773056308425 3.61822967012925956 2.36618449079814841
-0.77131363958982302 3.48897268406422123 2.38060732147948739
-0.78968766001219792 3.41420946580451723 2.38218217071003169
-0.95388341162935697 3.27667752665005718 2.36840447224285944
-0.98096353304775685 3.30052626810207528 2.35626728458446211
-1.05617336753604407 -4.07379686199614977 2.24193294428041368
-1.64301864320567725 2.49961867293568263 2.33291905939998978
0.70574053491205679 2.15186679583250973 2.28997168989028133
0.71245241185952934 2.1950539918403682 2.35379437098923283
0.72641708764756474 2.28158392040363545 2.35339057689578857
0.41719266189082371 -3.64553255674164323 2.24033508958626326
0.38567135832448268 -3.50811540792989884 2.22067612253927038
0.37088501295195642 3.14689449009559841 2.26514828658926781
0.07483963560406287 -4.28310640070172877 2.32437027797521001
0.00181042596724407 3.38565077756027977 2.27840211592866515
-0.05755734020302496 -4.28816423103961064 2.36054902426059465
-0.14719396787089711 2.70734306665753843 2.34223409193647081
-0.23774218126814742 3.32316187382377715 2.32805261295051835
-0.29256396645867422 3.61083760747706339 2.35621837006214507
-0.36307138389892046 3.43890332132510057 2.34568672375726983
-0.50422385485047994 3.64856764882017304 2.355954836020135
-0.3942975756983918 -4.45869306063514337 2.30460255230121103
-0.66680265661889171 3.67067672326907823 2.34297337227465441
-0.78936871837707723 3.6011765211549247 2.34933529559517185
-0.89094046789279646 3.34745182374456185 2.32464126154631856
-0.90252313585652089 3.45238154984746215 2.35983259902574849
-0.90897954072586162 3.41073317458021741 2.35383478890135667
-0.91883583182617368 2.63637201928783949 2.28829668849837864
-0.99895934635867645 -4.10292351685359868 2.27566339854761779
-1.0745587725398571 -3.42324106061239153 2.25892114647675379
-1.13821668766175366 -3.43814361024456838 2.2654151852269897
-1.3443861222674014 3.11744665802905629 2.33198792122706422
-1.47162450552649715 2.09652047882467585 2.23900793363308015
-1.61548171624986758 2.10999103777481256 2.28029463779995911
-1.65705125059237246 2.18237678664723456 2.2998156787138746
-1.65326655810685086 2.30039022468202026 2.30468837584912611
0.70933693649143437 2.49551050851161493 2.33420059260524004
0.61580338558423975 2.75164711984572197 2.29098563088990481
0.54275688067476457 2.08462434072638025 2.25828212330406952
0.57043977805818058 2.80489969643439974 2.30353232033172173
0.259590660432579 3.18515672813146367 2.31656060208243897
-0.1188626898050114 -4.33291060922458993 2.31554509094662464
-0.0374379561450791 3.44205292630901782 2.32014993114503287
-0.12222842685268068 3.61877828960094705 2.32859830647662491
-0.15021734906630088 2.70710616999838827 2.33393563619058542
-0.30008868167064945 3.42782101744722967 2.32775755337085233
-0.47153995945987576 3.47752322133828207 2.33446496558265482
-0.5514239486713497 3.59151629685380502 2.33069378037330077
-0.57924203490375847 3.67428287533120379 2.32921696639091191
-0.65476122820677096 -4.37583176703448018 2.28648060736457381
-0.70262759427495602 2.91002706293611135 2.17742507042744204
-0.84342815885475586 3.35783443818312932 2.33647440021339792
-1.20170395864697688 2.12105762343365223 2.21649043297633064
-1.21893137332358092 -3.70556149901618737 2.2060298598453052
-1.35908261109489059 3.2256217348071905 2.28303926484665975
-1.65190994950089021 2.6219275231606467 2.29993095279331383
0.73895046742401183 2.54514219588030688 2.26943588740106961
0.69846548603883019 2.65189449394067633 2.27916779164719818
0.40475197248910355 -3.90957617975947347 2.05357616989592096
0.33880460155962355 -3.9418715947475782 2.20855296425377334
0.02185838215781735 -4.30482238701116504 2.28212371380594758
-0.04597323859304793 -4.34156931649119038 2.30140414848249408
0.0895462555027164 3.60189575245052929 2.28725945089463201
-0.11243424046612403 2.73938302286483548 2.27523133717281789
-0.17546427357611202 2.82667253212523617 2.23036995493985035
-0.43119651002754189 3.44248979106555497 2.32329176454280484
-0.48645105165753466 3.72072320755378172 2.30785466109424808
-0.59194727997344876 2.82651139098906512 2.29725152548455558
-0.62471377926659089 -4.42765841925965109 2.26017549025337772
-0.91254196471454518 3.57335286952056874 2.32607606238219322
-0.96217744105671466 3.36497667517779275 2.27899771687122366
-1.26466071083391229 3.31358071973050716 2.23650211617218053
-1.4174989651643819 3.20229063828520522 2.25367866215250467
0.74704032812755894 2.40082743737827231 2.2912110786860258
0.51518265028326893 2.93259812506869544 2.27368137185258101
0.30421178467303045 -3.47961541142864528 2.18630361745264068
0.20251194198732364 3.29881645685636116 2.24596018211855331
0.15427307299247955 -4.2934264747713522 2.24464813718545875
0.03920701156944475 -3.52581785035130135 2.08841360985205959
0.13450309968541699 3.53209432051415106 2.28173486472737563
-0.12564162024084702 -4.45466292905932537 2.18749028420733849
-0.1477824460283948 3.40485982021116929 2.29724948465857226
-0.06528810222413435 3.75407421967049082 2.26035415348732815
-0.24676505314201624 -4.48374212262317862 2.17545124891646546
-0.25413009455474195 3.40225911354906208 2.29631856829499892
-0.61038425694911647 2.87626843849419211 2.25299024355697686
-0.63641433751231891 3.67731032205291219 2.28697462986700017
-0.64232090613055137 3.76148755303436477 2.3097012335326963
-0.72253161666023902 -4.38596934446967968 2.24831274878776322
-0.8087602327314064 3.68941658199991007 2.31232271247773724
-0.94404811395702548 3.44109996029231535 2.30482669149801644
-0.93573921868314602 3.76592667759698285 2.26593706126359562
-0.98153830988668389 -4.13310651536934071 2.27517640978235036
-0.99968129377772585 3.42977097788991436 2.31724324946080085
-1.21443611881775126 3.47709034564898012 2.26019670327937483
-1.20882645815456535 -3.76447049938623879 2.24905153510351674
-1.47784592737478726 3.18031412689408333 2.18994633230442393
-1.68841354795027554 2.51211711682456507 2.30260157062364534
0.75452972707101529 2.27568686321821279 2.24958780786914314
0.72439661619958773 2.62273760965307901 2.25289822028313358
0.6891983257890415 2.15094517365067883 2.23830874037968863
0.5838623911815416 2.89074424101271044 2.27453286207265348
0.34194087792149319 3.20914345128805945 2.26859452270446482
0.2380025307908441 -4.26812930955420722 2.14366977565436834
0.24982902962622872 2.23029775150943355 2.12228089322719082
0.14028114398208627 3.3277717768349242 2.2683649046194736
0.11000839708282029 3.43814273429304906 2.2786751805826384
0.10813711083516471 3.36798141543318108 2.26890129185461831
-0.33581864797804273 -3.45304052844843801 2.19635354082459511
-0.26367258768864255 3.78403968234439692 2.25781265531429653
-0.47653512300909567 -4.51529986338990241 2.17720411012995996
-0.52104594893928713 3.78572875552349242 2.27274403642171796
-0.57247304725297909 3.70829600274301052 2.28228084388684804
-0.71078984677903623 3.6799942909983212 2.28317317245750129
-0.74338096885010163 3.85785748054409483 2.24880147673510011
-0.76448976975652272 3.66071423797891571 2.29154112234890928
-0.82260088475100113 3.79963231137121848 2.26818085982499884
-0.89551988651075176 -4.22800180428715056 2.23522531276988534
-0.92774314083334664 2.62571588042626214 2.26187006558542869
-1.10150229147711687 3.62029200465986056 2.27102352153936238
-1.22499711348814411 3.40185487920146157 2.24419770063928059
-1.10585326525067829 -3.9828276103653133 2.25526388332138472
-1.31836070764430824 2.12775432468323666 2.18683844340379707
-1.58025889656558638 2.11867067366107165 2.22607267692074817
-1.57056639871156678 2.83757061745293271 2.28010049963003425
-1.60158277039903862 2.72354015080051326 2.2739898433905088
-1.61287272525891945 2.66906970163758439 2.26105610152240111
-1.68267448539899855 2.23793242368685785 2.27843409582515743
-1.7089024570406055 2.43666524888027203 2.27322279780223857
0.66059965179421487 2.70204573982262719 2.24032985783137439
0.64713460737213324 2.78602776228528404 2.26666967973732936
0.431978731096756 3.13433166181975453 2.2200689399030038
0.30345884602549195 3.25467532502246248 2.2589627788657265
0.2009342868253029 3.36467428786970624 2.279227252522952
0.18595290075595172 3.41612736871459921 2.2691516039745534
0.22547603671605407 3.51176644074278865 2.26064096972628192
0.33179217543757378 3.53632850030491763 2.24008877340212376
0.18854121124086609 3.61191257032861435 2.27291645761720984
0.13399022899475732 3.71628457936269907 2.25936551747958791
0.06400410010014156 3.72943244185827405 2.26146662368118934
0.11182771824127261 3.40612697390204655 2.25909180676748456
-0.3571478154065284 2.93686944885796786 2.19112809394286989
-0.8046206745950657 3.70971528266982542 2.25115433330482029
-1.00695489002697092 3.37579948548777198 2.273269849816689
-1.13097816897690384 2.30631179579300349 2.06985885252669721
-1.12958373259635869 3.36541832807247276 2.24856565848943868
-1.63764125930298565 2.79119648649041396 2.27106526923742358
-1.62014026633031283 2.91504478827999414 2.24878509054373987
-1.68216106105807195 2.21930792404955302 2.15966311573256764
-1.71456584550602198 2.54420020852267692 2.22767818631033832
0.69944416090405614 2.74628217741753611 2.19541168423353206
0.46578207028034346 3.10925848900617652 2.19470461119531324
0.49416202603448423 3.2841585298940239 2.17789600490456303
0.30205207135435347 2.1605134842572653 2.16549454832283672
0.34082897242749788 3.44731142872280483 2.22830262950361657
0.44294448716218093 3.61114448952777378 2.19799513405293823
0.30216803709355478 3.31993311354945853 2.24324779941183161
0.11896825833787748 -4.34594183791584499 2.16031720205588895
0.03436843370301491 3.79650562929887414 2.24870857961933357
0.07830204369813358 3.65615116779585758 2.23964019859072527
-0.01469722453737371 -4.4209859237663931 2.12162344633796618
-0.07087864254639541 2.78621716018608279 2.19250779540254959
-0.14536412321895545 3.81492291991679799 2.22772023577192524
-0.31170944358077557 2.93008829951351091 2.18077691702901388
-0.44811773866025473 3.75302925231563966 2.23818216515874502
-0.41143687260304768 3.8327369766078494 2.2280773602199373
-0.36542989080612331 3.82435438943443717 2.22502828911211115
-0.51389960640121879 3.89704141405163851 2.19140307946936597
-0.98756379260068405 3.83545415667342082 2.21657630049825149
-0.9372445566397325 2.68935894758027594 2.18537200565766243
-1.25238031087249135 3.61701702844233086 2.22660285115998935
-1.161663907505329 -3.98742310324507532 2.20781157483792079
-1.5337083187058882 2.95971458456619496 2.25142409558516876
-1.57390677524218825 2.99688790874654432 2.23682162867295276
-1.68213903539734511 2.66759084835944549 2.22240250598117717
-1.70208981859240027 2.7341876163770289 2.21443004354134931
-1.7207001804905695 2.37405708519136383 2.21481867192812887
0.65187795895144418 2.87045580509927545 2.21338433776132115
0.55280093508449879 3.06662698151964008 2.16557795484335802
0.32524539799053959 3.29428986504529098 2.21191551364701899
0.3455483496398199 3.72484836313326628 2.19567453637984089
0.17444240415651222 3.47183576020878215 2.21997402632029939
0.15042723375475706 3.56877905361653402 2.24189301137311015
-0.03156316310453931 3.7515914156904393 2.22036090009823583
-0.06148101419679555 3.85484360139583471 2.21909817167754442
-0.07668045594755726 -4.43967302392548469 2.18205232249495085
-0.19968546693379757 -4.45905035222604784 2.15866205787456522
-0.3089635370585318 3.79000505800261367 2.20465682457297918
-0.64608562817632675 -3.57313857429491177 2.01687232261060512
-0.76236866286480454 -4.38695974140699452 2.15640170160310962
-0.80469263288182935 4.02377997649591901 2.15803113063952745
-0.89817477452963335 3.77606858879524321 2.21008202863885428
-0.94939602002064338 3.89120530889336003 2.19420802664112236
-0.93397899768895776 2.70075471640602993 2.21109229421599451
-0.99533425352076743 -4.19836373269642849 2.22210655489111097
-1.08315764609459309 -4.13433789474975288 2.17181952771678155
-1.10831011293250192 -4.08672337869728075 2.2020201074860597
-1.27058982871130932 3.34606788181177839 2.20851252938901288
-1.19730703999162658 -3.88127538585046139 2.19670302515529015
-1.1909189974812382 -3.57561665329087308 2.10640862902305148
-1.21364451667260198 -3.63374300918893178 2.11679328107301812
-1.43220219886029354 3.5291364944889354 2.17916863181367315
-1.66563341527640496 2.60285230580582949 2.18584557972575677
0.77242455663918286 2.30312024489312162 2.097765856476141
0.67954702495042008 2.20610622603031636 2.10886320962784124
0.51581055651522456 3.11771036537482971 2.16467862330339766
0.52928460436045899 3.1919435308366535 2.17844464596679099
0.46698822963868014 3.56969672677808303 2.1904760575336355
0.40845650171581344 -3.61068299540849047 2.1162069516569364
0.45831474016368262 3.3420177646744631 2.18429023734443239
0.24864600614925705 3.47585737934091243 2.21416640318832636
-0.11154299203083565 3.82175701398713485 2.18382876740150866
-0.52249841813561893 2.96414349389087839 2.16862000016922796
-0.64676259972307015 -4.44585016673492017 2.18315533439028808
-0.75598815308747425 2.95893376048663059 2.09573564314852501
-0.89705544272255922 2.77424635597754277 2.17736631278545056
-1.07144924527781837 3.88669351297284482 2.17932324409599509
-1.18491301462409826 3.80579634935238698 2.18266632116575643
-1.16971613112076489 2.19932775717743922 2.12854933995758921
-1.4574438122490232 3.34314065961958118 2.17360686818968984
-1.35569922935078657 3.43575287073048186 2.1922781354967622
-1.45039338936752493 3.29716474830026218 2.14470371730626175
-1.52069355866830502 3.10933419556756396 2.18748527608513355
-1.69257759246716422 2.5842192340463308 2.13448917924404613
-1.72686204248156394 2.63345379685314285 2.16079227798596474
-1.78202303551964425 2.52268251372890306 2.01274115128250264
0.76937167134293782 2.61606508367163704 2.06668010505124444
0.56448836638378863 2.20698377255405997 2.0703451045768535
0.57323059955338496 3.26538949173559612 2.15833677560839021
0.53574144433616933 3.41116794809450319 2.15768666492681005
0.56061011989758402 3.46796179033271468 2.1352001515898662
0.42018409479537894 -3.85651478732871089 1.92699258033297727
0.3604714523846192 3.48497908527510702 2.17665225293621001
0.34991154932514545 -4.00161306657608051 2.11784385415078003
0.24206352908142922 4.01499547439059601 2.07383385154818489
0.11962615848656111 2.64798344319014811 2.03874891711620521
0.09249776182957387 3.95072586318587105 2.13490374052945953
-0.08344799588704815 3.90521326240606115 2.16064112919116535
-0.15391778031259834 3.89968779271292343 2.18430343951274919
-0.17078017807467369 3.82785222449108842 2.18270069030672742
-0.31108928191917651 3.93251445059766924 2.16659414583024956
-0.36780174352801936 -4.58083339807938561 2.0166903814073156
-0.70013433222705324 -4.40447539485432493 2.13577717928169353
-0.89958742479314624 3.98114338785496313 2.15916936214648825
-0.81874597446581698 -4.40586246990906982 2.13008791930183961
-1.34968406227028703 3.66330509421387029 2.17174682982867839
-1.50499196844761074 3.49192653017183074 2.13479099086381297
-1.57083614250401915 3.14934059424917345 2.15108644594681797
0.55865688767861776 3.59262231113666486 2.13600084447661054
0.32534525674379677 -4.12755574901158973 2.04872892648912153
0.20490206295903951 -4.34439825737436713 2.04327608848472275
0.05861628751355916 -4.35615725464599191 2.10544817753008484
-0.12591905069920822 3.87036662554926769 2.15745850461378597
-0.05124403495192948 3.96870291941107256 2.15605417136772326
-0.16988598352725498 3.96728417977245185 2.17959850338391847
-0.25486965066718148 2.97426019416721221 2.12005254543336985
-0.44163317944119568 3.99176825847096284 2.13521657322274816
-0.66278505470971272 3.03329159096082668 2.0828812557548817
-0.84847061162068405 2.8497033885305334 2.13910128847586556
-1.00527186309202476 3.88282144317070133 2.14044017792772401
-0.99797376386177039 -4.25529989432799916 2.14709289901059019
-1.18100907612855388 3.84687355335828052 2.15633212900558346
-1.45787463858764355 3.58173338084410942 2.14166726818168351
-1.66704765671351507 2.28127023522736128 1.98840193456007652
-1.64192619535626383 3.23080194561793199 2.03815414117466176
-1.67030950317716265 3.05929015342917143 2.09803092185250506
-1.75065637373692295 2.3576489021622602 1.97563193773743762
0.78872679207004281 2.55637492544447475 2.06347835158115611
0.56925199722987541 3.52911740388389106 2.13118343420000445
0.58790649192887912 3.08510288661545928 2.11879613465216243
0.47173704184448817 3.69985373276777452 2.14471581065373851
0.50294955398405994 3.31886319781099193 2.13777173196028469
0.2888697040218029 4.00779290295495461 2.05864981183760998
0.0514712272039573 2.86021072439489554 1.96942221402400275
-0.02717097740935343 2.86276068401803929 2.06423216228048911
0.01934100958155105 4.07394112071945713 2.11487019424393097
-0.11746211672944232 2.93580356626614947 2.07524649054832633
-0.05815885084770087 4.13003306511276325 2.11375759283688947
-0.26170904993717908 3.93651641391949614 2.13744230961539206
-0.35884799598766504 4.06027170581681318 2.13070542567824406
-0.47989660922243615 -4.5720321994320523 2.00984319916037091
-0.58248069806279312 4.13991347235775908 2.08225057463586172
-1.02071682132852759 -3.60977100039296595 1.96492306843520659
-1.01286273002652694 2.72926958566138644 2.03619526509290028
-1.05822123309841332 2.61232338253327567 2.03659553598159437
-1.48053208262411551 3.51823184149169732 2.12547071189670067
-1.51398757262195716 3.24163823493123093 2.115445392912914
-1.75117659151184757 2.89195590441345152 2.02070639512926542
-1.76267247411764516 2.66249238734413973 2.10769063579272187
0.72172651162577772 2.28325611592477307 1.99562478621742811
0.67908228226610357 2.97342953821252953 2.05534286168466185
0.72153115955819436 3.22876987141012783 2.08490759875381748
0.67944468820283455 3.32548541279838306 2.0899663153419703
0.64367795894001612 3.39899182462574823 2.09454080865206382
0.48622371741811254 3.48785238247975604 2.13228348546881552
0.3860197701259605 3.9399283643049019 2.04732720184094719
-0.02718214002052711 3.92712057035970696 2.12933902564622235
-0.14816035330479632 4.1396201429108368 2.11544503925119631
-0.3386935301402727 3.0932771800835801 2.03530728941289007
-0.67746024541449457 4.13510356591092432 2.08288232177726185
-0.78691770972130382 4.07758791117596786 2.1057311909480867
-0.83855945373869523 -4.42742931188191591 2.08884576844510494
-1.0004143135392769 3.91683922115757843 2.12951202200433665
-1.03859501642500707 3.97562727431706708 2.12446071975765127
-1.10365769586016427 3.95521451422907466 2.1265044971711875
-1.19453005378781252 -3.98916644668480913 2.01609128702349327
-1.31715084764860491 3.71618181297416683 2.14221665301627029
-1.61197180416352515 3.30722369036198316 2.08949947553634185
0.72072713553398016 2.67182863576394736 2.08856167309034912
0.7344831935484617 2.8981258309582083 2.00190161832670199
0.47598644571067028 3.82175845555869165 2.05471022165968442
0.41614207003290155 -3.7475508767266752 1.94496480928532867
0.36501447113842495 2.2319377238429432 2.02996509453078477
0.04355429919565918 3.95718629023959334 2.09443369094171583
-0.4699867479512711 4.13232191821304617 2.091407568416213
-0.42421846491090159 4.01460288196283788 2.09147186325095813
-0.59445608066013111 3.1098008934522765 2.02536906599934863
-0.88882675921349963 2.96902680517338569 1.99660959691811413
-0.88117934681006416 4.01643661429000343 2.08948325582909211
-0.92370575158896184 4.04565066013587771 2.10714365260114977
-0.95749755130743275 4.0860321296803912 2.08464746646330568
-1.10069665847385401 3.88879969401109093 2.10529890928900398
-1.1845267580726313 3.9347041268173033 2.11579995307189384
-1.14834063329954095 -4.1470782391702441 1.95201244820414965
-1.11710338597592873 -3.58022029617722826 2.03288165530635911
-1.20373317696216087 3.82932162728638259 2.09683105843088402
-1.18201850975452549 2.33585405002648283 1.93656856322918025
-1.34337926741178326 3.69589159502908249 2.10255704202909666
-1.45834280237181257 3.59107515111430819 2.08817045255414113
-1.55751077505027413 3.2602745402037927 2.07830389002649341
-1.56471452800738375 3.49473845884033718 2.09234858568076731
-1.62528317367634934 3.35827727893902139 2.08051537186306845
0.7583411889443904 2.74421000089178913 2.03169018334134499
0.76199438521420693 3.05442561913233401 2.02236943900462762
0.70406378093826483 3.49811906678891837 2.07923790282147625
0.72802064620438889 3.60066744813905526 2.07183962979203073
0.61648553744816137 3.61943547360484796 2.10770786812500077
0.59656251367233171 3.70724471725363314 2.08880929774878643
0.63928270882630645 3.36027883940366845 2.06818912582318637
0.58441992246502561 3.48848694108342761 2.08680809705581494
0.59331692114539014 3.5557008267256327 2.0934135344568352
0.3711413955234073 -3.94036114261951553 2.07474963361280684
0.33597037605644214 -3.63065288408404596 1.9703624656198464
0.32064796642479509 2.32574775922355492 1.90899829583695868
0.2529943851067098 -3.62506764622482347 1.94514157867464021
0.12678453265948064 4.03988338350094267 2.06851835881742785
-0.11705168733787001 4.21400312612613259 2.06514846119846762
-0.20471504134040247 -4.54071168652948121 2.04435010767182002
-0.33395621901489581 4.17302899109202929 2.07078233419794255
-0.22410535908718046 -3.67629304877507579 1.85253919562382574
-0.46097404452803964 3.15025544026278981 1.99673395683941557
-0.59372427397352268 -4.49321161736111563 2.04022098163138965
-0.68706909141169481 -4.49476386631561997 2.05334007751027325
-0.94357798808621296 2.91909286829457493 1.98526777584897784
-1.20188064421959373 3.88770018251258209 2.09090963177030176
-1.23394729924455349 3.88599315187500505 2.10500058951108482
-1.43871139475395271 3.67669048805913246 2.10725046993642762
-1.47332851778242602 3.78925498056608268 2.06150747871747386
-1.4996291537103259 3.53379436706460259 2.06177804961350519
-1.5663942630455312 3.59805143485788603 2.07412914690886474
-1.74976549354213917 2.56240442802672019 2.00522313973176569
-1.78508356180191852 2.62910493715890992 2.03038259481365868
0.76109220112191378 3.23108865118127397 2.05595777337492391
0.75657517851734213 3.50112853016422765 2.05856550795180704
0.65747803851186759 3.73614601109015521 2.056897443999405
0.69482315928198413 3.00538450788916478 2.03285592177382313
0.64130451761540808 3.46122810627221789 2.05840622355484992
0.3796224427568346 -3.66573756062431277 1.95717718569872323
0.27760960405949175 2.50478861827692656 1.76988517485596342
0.09658104668753689 4.13288126993325022 2.06000705585060384
0.17708436448143131 4.01633413250585303 2.03320619479152409
-0.00659358440782393 4.22791185917456591 2.031473923943524
-0.08441435457641358 -4.54478354325209466 1.98653328186282363
-0.25665813941202947 -4.52890720461466323 2.03519869338093784
-0.4981321229960497 4.08785631866612142 2.06383024157777895
-0.75002787321639863 4.10472629908222864 2.0452038728197488
-0.79319078790816755 4.14415511624165855 2.06032870480736108
-0.92165416374941322 -4.38896463366208955 2.03022293704478329
-1.0558561505761932 -4.27570096877130368 1.96939033862380874
-1.19755283904862719 -3.69467146910525068 1.93967703669749092
-1.34438182870146683 4.03022649881951622 1.98835034968963797
-1.42774980502225368 3.97661139440943368 1.98749559533828979
-1.80118581853398974 2.52298463400362349 1.93845905836294907
0.81258531825145386 2.40772508359047377 1.93506056696377327
0.82649493686586128 2.53032170369371912 1.91822405133637197
0.72759247880361244 3.32823921836602565 2.05054148585240803
0.67163348084790619 3.40012627383316079 2.02088208557074278
0.58308917749051015 3.85164355452358453 2.01354963490154315
0.5247967280983008 3.73549574466703627 2.04765267706904153
0.53646566162326603 3.84645548607828536 2.01725821202097411
0.35265449900176454 -4.04085028224439036 2.0119710471644332
0.17962294231424364 4.0790756053876045 2.02439741844317389
0.08865082209311151 4.18505980518341492 2.02167097709587251
-0.12062107891624077 3.14729925495902174 1.8915111122441739
-0.48272732819467412 4.18422592010472183 2.03742697150582774
-0.50174465994272932 4.1744106032178232 2.04900572971735651
-0.68811251431643083 3.09967661159391072 1.99927787916819533
-1.24794266133525911 4.04870157695631416 1.99892094118297203
-1.21355845842995458 2.30177557967919455 1.94433373648585506
-1.55075013496869429 3.82824898741192055 2.00376080084050123
-1.59929220318415433 3.47761052929360259 2.03957492551597275
-1.67165906318878466 3.64757064799127884 1.98406846650183444
-1.62962594005855665 3.27930491559148019 2.03498203783654263
-1.68864810632640139 3.20092890116323447 2.00593478309313822
-1.7330980949477186 3.07916561107723963 1.98883542675467773
-1.73694670308951626 2.34802765013910175 1.93379981732124584
0.82217550827554253 3.66585481097029575 1.98149340983153266
0.73589686780877983 3.43568962778848075 2.03222958809890564
0.28849354396711746 -4.24601746681373982 1.97973541829120459
0.25681639572086179 -4.31243989682254814 1.97092760034246361
0.12601520307638991 -4.38392135047140119 1.93439631641845056
-0.18031632561602087 -4.59620697665496269 1.93690977396324016
-0.50241998828126122 4.24276211903707612 2.03578917277623495
-0.55346121387521263 4.15075364156566184 2.02353493029208398
-0.63094823218704188 4.23904303387377013 2.02101579756159788
-0.6337163933540686 4.15474322551356323 2.03748661823456523
-0.69955035826197109 4.18158940469508345 2.02829329695836069
-0.80358391979822374 4.19971829504027561 2.00412637532664073
-0.73163497093057916 -4.5281373729085086 1.97749486645696781
-1.57524547423592254 3.52308324030259223 2.02379786330977796
-1.64266044166768266 3.33890802082609284 2.02477002380153248
-1.64146327722931429 3.49357042886392888 2.04844315139560607
-1.68452996103735941 3.55060213959158499 2.01346522599961686
-1.69801221960198312 3.32531071760407793 2.0329220117206761
-1.72071885672412273 3.37963684835094824 2.03112558059156534
0.82703756054118394 3.43399224271493697 2.01871412527530092
0.91979515199717765 3.43454522379446781 1.98348911841154352
0.83816744092188766 3.53049885105666084 2.00702493841739082
0.81173299204558735 2.63901747285769739 1.9278120097423852
0.78044512250951903 3.50351953886515632 2.01920222632781599
0.77388131349092759 3.30025442995396778 2.00209551136254404
0.79378743508796212 3.77849143777393026 1.94638968333928952
0.72591211849419623 3.36293205266016093 1.99608859828274099
0.67554918143834108 3.82634519941547779 1.98564842139505493
0.49113906180588029 3.84766051740163118 1.98731983755813713
0.44053971907575601 3.99985531803570815 2.00697677062835922
0.39219451444568232 -4.03164940997612131 1.98154221195711
0.33029895873811616 4.05730265024214543 2.01599949224090524
0.30991184920717896 4.10063807982886974 2.00485873092374378
0.22849241254230701 4.12464437390838423 2.00531624541483122
0.27974183253946538 4.02424454489376426 2.00312578202263225
0.1750606013053469 2.7199748795668186 1.86447008990157603
-0.13484354752318933 4.29590548787371063 1.96614836106949742
-0.23183431917622596 3.22561189804773951 1.88394622017319069
-0.37885092609890603 4.24007868774232488 1.99102179551118175
-0.5592152487620583 3.16789062739498961 1.97583009564856704
-0.66181129518847792 4.18807098951378975 2.00592424510925449
-0.59045427805048867 -4.56609032059823949 1.96227051483022996
-0.90609801432462445 4.26877690959152467 1.93334756196366642
-1.0305314294502983 4.23230676038386289 1.94216709627569184
-1.21428836833934573 -3.82459389603073641 1.87400516484470181
-1.28233782032056376 4.01454840032208349 1.96629124300518821
-1.75367829084602711 3.24084431160117914 2.00476364889444492
0.89768698783107326 3.19900830314937057 1.98772880392125573
0.83156644987241257 3.14054027023888827 2.00542581905226713
0.82693570390369775 3.24884624672867073 2.0106393725270153
0.87534072133745755 3.26002510277694357 1.97945618457562333
0.78849248761744217 2.39630996513139616 1.85230492276970105
0.77452725618284368 2.69515047294658761 1.93520251556477074
0.78298800517484679 3.13700191579981746 1.99311063049761494
0.60837603895434023 3.92775063681562608 1.9735758368408487
0.43602092303473228 3.91058273894074793 1.98898271614456101
0.46722403241832278 4.01877003062621707 1.98296059856787643
0.27084893702607898 4.16538510523155203 1.97136859411533427
0.20647412418639449 4.06506894401979579 1.99686459670628791
0.15394805912188794 4.19469021077293824 1.97917904727987537
0.21124345385897828 -4.37832182117624313 1.86270308801716999
-0.01785903408678696 3.05155956063187306 1.89062562225271336
-0.27533418816974881 -4.61439349886702743 1.89650219541872467
-0.32731324801074463 -4.58319861312439603 1.91326077187975607
-0.34533599652501212 3.2409284988284397 1.9030813520712071
-0.4276619491187062 -4.60947148637735715 1.92226506594745272
-0.47129082721401516 3.15632019147671405 1.98217746428221875
-0.38887356851111643 4.32124113907288354 1.93772600186641819
-0.41713119387752945 4.34595077424646981 1.93031869029456971
-0.7493557137932545 4.26289867668736822 1.97124986149365333
-1.11415606165577952 2.69194250931748957 1.85843127351155446
-1.20604840661945834 -4.01488777935609864 1.83244546011043474
-1.20546300329566702 -3.75528163511161939 1.87351463703228993
-1.34916792744312719 2.36196925356879417 1.81239984626412576
-1.61273210654220622 2.3813411573276726 1.80034102781219629
-1.65482146823635001 3.58313921371955235 1.96636867403657045
-1.76372174046678531 3.62911540766685148 1.93186246466662359
-1.73202327418948809 3.20534280095066793 1.98023896517853415
-1.77184656047083178 2.98640155549043129 1.94143710941658609
-1.84537956643965351 3.19453799112388648 1.94821156817311492
-1.92889306448548381 3.35413968683220354 1.89336462243730419
0.91264106191921446 3.51979920733053531 1.97472892560728996
0.86366288708532446 3.04509534713955432 1.966689284260976
0.96359278673181559 3.34172552359926023 1.93058865744836661
0.88641930027016769 3.63926661296948417 1.94482503649023664
0.84120351185268316 3.01714650717397515 1.95344227851149554
0.82481521789544232 3.61644740998966618 1.95142335479071694
0.82849695141388924 3.31812254333388434 1.94211965880302229
0.82031711500932192 2.79891141571730317 1.82848839733460045
0.7679248851690077 2.94944970490736313 1.93790586987773894
0.41305037878171863 -4.02345135731168568 1.86509711696444702
0.4000282786308455 -3.75333823305268055 1.84384299274339702
0.35725003343709932 -4.15522900822311136 1.92301023438843899
0.31214060334858179 -4.16846555696979326 1.94081538444017498
0.11802930038894796 4.1579654586662711 1.97372838666509254
-0.01518424316767571 4.26721270348516679 1.95741659954493508
-0.15464713655964329 4.33942286949996792 1.90305168230275235
-0.24327531079164921 4.34242258957052218 1.90806477798293384
-0.49476862890582862 -4.57389571577652276 1.91692168281586417
-0.74837580722316044 4.2010837569920394 1.96579458297363407
-0.73291182403521415 -3.69041769863504632 1.82733951101258851
-0.83091642833079926 3.19394208328089357 1.86095514753943481
-1.06217071678764197 2.88533785052583136 1.84830667493796308
-1.14104286047539638 -3.70406474833778043 1.84826092995105729
-1.39747844025174928 4.05724149311855609 1.93956674454090661
1.05895997497377325 3.37415765506196097 1.89683755325638881
0.95573642619331889 3.02494179182932177 1.91298882505475287
0.7921418826120542 3.02321171003555822 1.93581114211737937
0.84599145205077808 3.74010163276278407 1.92033496692236283
0.70195989356031374 3.9101968357852499 1.93907837384601933
0.63382183236696754 3.84673897494370998 1.93884183658283216
0.55249322445647442 3.8672029828332728 1.9580284143122122
0.40203269370764616 4.14488382296910451 1.95133973833050756
0.21737883047213233 4.25267643607756618 1.91887562327620143
-0.36661207803432022 4.27549597598936693 1.92787119967094545
-0.94177288692391303 3.12123436935147902 1.83862516285915989
-1.19809140519711166 2.48773607407187658 1.75855876710418313
-1.32107075224446691 4.10911531015090592 1.92873409287719833
-1.82080212863957991 3.16243538366680266 1.90475787810093422
-1.82558568077674632 3.6535079286338199 1.88964582558883043
-1.81239688830800039 2.65663886122719006 1.87971465930257176
-1.9052065600641146 3.17720831055223396 1.89766960015202057
0.92351288710756974 3.6677999488083417 1.91692206765142958
0.79834181526736447 2.84687590957739101 1.88661903725896485
0.80317415453660157 3.85680917977953408 1.89862705319624947
0.74725332821218915 3.85387611383967332 1.92270075559269871
0.62234844404961032 2.38346534182660941 1.77785511948111408
0.53825882236232758 4.15495230476177735 1.88754523815435049
0.39128756733071113 2.37451521385756514 1.79324886142823203
0.39679730505601463 4.21824794911788814 1.89736304575815962
0.14536120973664807 -3.70949629424606098 1.79666501303021597
0.023066913183917 4.29775822520259965 1.89818191188442564
0.1362847389451296 -4.45494867899235469 1.81643214906831219
0.03759356412314512 4.22465263906899668 1.93100239633636073
-0.03933621221344454 4.27150709698027153 1.88598544508437516
-0.10622965225105274 -4.63850335310371786 1.78194407233091923
-0.54509345330881298 3.26029885315556189 1.89653858288377131
-0.67011339817929727 4.39005599074832542 1.87485674864648266
-0.84226321624061307 4.24669975180004755 1.90809924992478441
-1.56315189702220114 3.99387436757666503 1.88970762036812223
-1.94645577688932669 3.49047185278769856 1.86040113284720254
1.09588483364862155 3.10023434684371768 1.82909597774613775
1.05400353552494153 3.1673954828074371 1.85266473206706506
0.92624013694261298 2.90699393280583918 1.8563150961993804
0.92131672845481183 3.26945203956439334 1.88871260798177643
0.75035609784463886 2.37905189436667941 1.82713188228046208
0.38583892185128571 -4.16711920005628489 1.83767719865836043
0.30592985403298678 2.46669974748829546 1.74673331094569351
0.04178570070584389 3.07592476755485178 1.8197516445989701
-0.40333679374868658 -4.62876654568545121 1.81291343234482905
-0.53708846628035389 -4.62925423354332555 1.86181874438031825
-0.8582880722969588 4.37217231525925243 1.86408537037307909
-0.94001914786226248 -4.48951540700710883 1.76186055526980612
-1.31086402513110523 4.18781263164796158 1.87735928835570753
-1.3443378842063396 4.06455175146142 1.90795623835520112
-1.72586071789961393 3.63922838730158471 1.90003486641785879
-1.70666971235518283 3.85907361333109922 1.85559344252966096
1.14408170021996636 3.51252142326044359 1.81258975554933932
0.95499168263038736 3.28023428070392198 1.875750608549277
0.90526947040883177 3.71624147070397104 1.87928837564892648
0.86469551307348458 3.72880371728948479 1.84504426358962426
0.76370449947416308 3.79645607867086143 1.90140503394966021
0.28086927363815772 -4.26535224602483254 1.83478985901226865
0.11469828875433513 2.94114127660807689 1.81684001945437967
-0.27346752744915298 4.4005590325939874 1.87375196745515615
-0.68292668003505885 3.26945588894216632 1.86472826412668802
-0.69805016761594374 -4.6311179977745498 1.74905470032481913
-1.03159591368709558 3.02899355240120594 1.80960098156606097
-1.00088559523553555 4.34438191077171787 1.86366311098148763
-1.08366543104216184 -4.3642119307373175 1.69891689996537498
-1.07915356532262696 4.32450461914951312 1.86585455466730687
-1.20134154380991642 4.25411444142734041 1.87801085614574248
-1.39783534306551349 4.11452230679182396 1.88334368763863313
-1.43116897364299445 4.05853643819861887 1.86410104748052019
-1.77170707900710744 3.73099889681337649 1.86480602614060942
-1.79192730368535091 2.60534465163722961 1.87208372349016861
-1.81835941309557692 2.88149993614535749 1.84721012946367491
-1.82915942094842832 2.58619150598879299 1.83631869421524963
-1.84925468044932151 2.76530428806219986 1.72996589974730508
-1.84974864767468139 3.06163444117567396 1.86704293587655568
1.10049299229050557 3.28924339604791216 1.83741270946563029
0.85241343151379056 2.91469143488135218 1.84061351707802934
0.84507814093808664 3.74863013404201162 1.87011917028864616
0.90959792641166093 3.8115535800059237 1.82572747117380962
0.83067826267398603 2.87981370400525938 1.84252407507439098
0.3504289389454418 -4.21654880782973862 1.85273130242961859
0.33461664504213656 4.23880532243804886 1.84917038733284933
0.12997193020692885 4.28232649487302819 1.88963540448624023
0.17253144733700709 4.32087616559728982 1.88144767856283468
-0.04359816747215318 4.36952974821456586 1.87162380857300392
-0.19531404604104946 4.36434005836157812 1.84899754634022173
-0.26139172127400601 -4.65585053098707924 1.80284200241215387
-0.25855561714758907 4.34791548307379827 1.86415889255890965
-0.46658306386065401 3.31517440146669884 1.86216151434647115
-1.25983879529500853 2.42240434257465864 1.73826837345218177
-1.52526801182433625 4.01366274968769865 1.84874367684426444
-1.84962917703745355 2.57640482510161517 1.70898244425045354
-2.03583456710157362 3.58356225341378698 1.76630220264474858
0.9949222991946387 3.22975821214801861 1.84131106194223726
0.97333458353731794 3.77151549962372901 1.80715424208174547
0.85451521375334138 2.69345818327342101 1.80897338431944199
0.82396783279169084 2.76389491599887238 1.80961905288965652
0.68000429353022851 4.15081794623568179 1.80095981894919044
0.38512677593596856 4.30480100984990255 1.86327183558217513
0.39297189607913607 4.36978951847268604 1.83457216542217361
0.2508105304857059 4.38621312506006689 1.84893967874015841
0.2597864238286518 -4.33224738243338781 1.80004094397791414
0.20594568499308075 -4.40393637759806644 1.77975747706667042
-0.06550124369242227 4.42369854073602919 1.8409043160304257
0.05206696980843442 -4.55639505162233149 1.73650211578284308
-0.38336967706601344 3.35982090614029261 1.83648187838724497
-0.92156517230814783 4.34401087453704005 1.81740783083806123
-1.1814977192989935 -4.1482813143017836 1.76024647441033277
-1.18789902633440669 -3.79062698715479662 1.74767625521769743
-1.41429998320869132 4.10532906191259706 1.86150175563383113
-1.459455038023453 4.11857734025298772 1.85893166618631467
-1.78739779843081381 3.69104018083858509 1.820530761552001
-1.84029901735622703 3.68069299259090155 1.84801648450775668
-1.88696975485383889 3.14378128944303548 1.82774261438355912
-2.04600623872295895 3.23050557102255986 1.79757851772734112
1.16107273135619349 3.03115151627039126 1.75994197081106041
1.14071827325282582 3.64795176654388964 1.75327172952323895
1.10137194135668426 2.88570699060984781 1.74742713136556671
0.85902979809787061 2.51774006162296216 1.7552814458923911
0.54314138038730242 4.28307874206412453 1.82275886064366111
0.49259510967261066 4.35088565121088333 1.81279684059109458
0.41209369479509095 -3.8674168059661076 1.66150668085316267
0.32760377966223758 -3.76787940950066913 1.73010980523422586
-0.03464302556804903 3.17819031508346628 1.82568285160913968
-0.20533168197506474 4.44158787458458715 1.82188022368827141
-0.13014564741453266 3.28991966060199958 1.81758654139910103
-0.24755164401000954 4.39736322593999418 1.82542842783080306
-0.3070682763210682 4.5022773568533756 1.76089953871606375
-0.33975724344981606 -4.62324657153631691 1.80121145804402549
-0.49883146359672387 4.50361350749513978 1.75535136671149017
-0.62876508113777574 3.35877273112707497 1.83181536068834383
-0.55066580938358367 -4.66889614980301104 1.75728287036527542
-0.79361508960623661 3.31462448622952799 1.81842702487780894
-0.83851503805288286 -4.63268194680733547 1.56343422498827445
-1.15087635323832638 4.29787466342254376 1.80794556590169164
-1.53111319867740625 4.16109466680236384 1.80152832611361524
-1.59903009098828708 4.03330320444552104 1.84529171996918917
-1.62696484871431868 4.07207757741358378 1.82060944213019127
-1.65716823144433034 3.92118061394720785 1.81619876759630205
-1.8016421046781399 2.48322954439972277 1.72539347824426104
-1.92560915525279985 3.64709170488690448 1.81485632387465246
-1.95796658172529314 3.17743983172770994 1.81135999240332368
-1.94072318861123772 3.10498153392482878 1.84230191607024896
1.21227352320619031 3.29117110432236659 1.76246417927373722
1.07121644627728219 3.22593137894789406 1.78471727989911422
0.99795414035379237 2.85866492496814262 1.77794711271677097
0.9087031039984268 3.76558862650132564 1.79283682500678676
0.79505554585907023 4.12606514026647897 1.72038934018089384
0.59361060826301615 4.24489596451700457 1.80151289417947003
0.48919400240186373 4.20836705299195213 1.81307030653364309
0.20804878984773811 2.98227097826754806 1.70771917551154084
-0.07769445827530203 3.33919036839067962 1.8016783686084159
-0.34308222994999626 3.43020478949808227 1.81447712616485046
-0.45798461962433656 -4.65610971915079741 1.77963607999690732
-0.64811604845167103 3.42096875588609572 1.82106936658250151
-0.81206990778385224 4.51456176182191982 1.72776201964715859
-0.93862130234659014 3.246124748978791 1.79384298044895174
-0.85674377732826645 4.4324515341260593 1.80482835314436629
-0.99111577666620154 -3.73614600507224104 1.74914789411687854
-1.04393746795123077 4.33628917660436741 1.81401056566615426
-1.2579932595584935 4.2383220691702812 1.7893160848152263
-1.21295693844548835 -4.00186349417339304 1.64687009883260038
-1.35735165440268379 4.23030393145880534 1.79713579019792435
-1.7583884424631282 3.91786851422449844 1.78426535738903524
-1.74802756044098073 3.87389465748695283 1.79737914700068635
-1.76111685369023485 3.78612170051470764 1.80161404791602808
-1.83485379638720691 2.66219583468985155 1.73250129443025624
-1.89572852952793824 2.91800995758407522 1.74510763925924839
-1.88832443937363004 3.02425715446760091 1.80112717205031214
-1.93312898893667562 2.96702892249570604 1.79532343689340568
-2.05753037270751138 3.17899272819783096 1.77517123308415847
1.24551002971732983 3.34969422682497742 1.74995307769896447
1.10975612782892741 3.18241251834172267 1.74918614034049069
0.17228565458825254 2.89440477170855059 1.75958641331343024
0.06940562093788458 3.18414760165645028 1.77594273091135957
-0.16386481786230925 4.51467957251075713 1.73724576335526271
-0.02009458510027188 3.36144877600465763 1.77836240650510136
-0.25345954769358081 3.46377612372351429 1.78820964887800793
-0.27327185477136218 4.47009830984446843 1.74257603887742429
-0.60798383894480135 3.48109532597290805 1.79415176742373439
-0.79775602413642877 3.43195116338275463 1.78990106654426695
-0.95552204544364028 3.33382118878341815 1.78937957262690239
-0.88311475668286465 4.41847266198967326 1.7778733622425551
-0.93895289112574309 4.42076924779673774 1.80812000114112825
-1.03315388967696031 3.11431561347000274 1.77835657594225038
-1.06260927946279726 4.39033725628731464 1.81140810940407038
-1.11859492694004881 2.88704365906238269 1.75551056169931363
-1.25491899718577082 4.38041543958507695 1.76940232366412786
-1.22316139405803614 4.33013873758017631 1.80435710858287357
-1.64138188353975178 4.15560469379377384 1.73585408338747449
-1.73237753874704836 2.46943035455561111 1.67157787595321539
-1.81442106896335642 3.69298589530385923 1.80419677099774689
-1.87372611920504539 3.75708867185555917 1.80216719596380215
-2.10921118710829569 3.49208490891016599 1.73408210123840245
1.24316050245442078 3.50709402563672645 1.7304015614112771
1.16761615183376399 3.10123724005197321 1.75239365889584353
0.9502405221374649 2.84852120496004968 1.7461846946786459
0.97842984561463187 2.77103871866555362 1.71398321103703788
0.8843113456978009 2.62671071951406132 1.70955978420048904
0.67764251898032868 4.24524393517853937 1.76297174921013355
0.67686600361361804 4.40981776407770898 1.69243892485287795
0.6094099710789973 4.18142918109424322 1.77035328655134894
0.41768295834075064 4.4443087183300598 1.73167578009782064
0.37699414485675647 -3.83143639817863413 1.65078494477763105
0.34374745308897098 -4.25286392387001388 1.77186995829310301
0.17262417463507806 2.95022926728128665 1.74292765010147721
0.12169889776023464 3.2264257642751546 1.76591806581046407
-0.35565431397232211 -4.70089107195938904 1.69556864766393267
-1.02512867531379315 3.34300479231652536 1.76199481595922847
-0.99877646222818606 4.48922192813945475 1.72839537644939378
-1.11555553351443582 2.93472927659174454 1.75034054760948243
-1.24010549136768611 2.48760114481526973 1.67715834189333934
-1.20368481178103059 -3.86584035893070732 1.6413777979177282
-1.31342339011527032 4.33552695621617268 1.76832604702464757
-1.36883700227232241 4.25521295280430323 1.76084538646775846
-1.54280498679857891 4.21734760990380497 1.73435249744383047
-1.79769521941604338 4.01556341928420935 1.70394991602816592
-1.94693578685247015 3.69550401381486537 1.77322930429318726
-1.95729274713748724 3.63144108184309244 1.73796567039243954
-1.92834763192398584 3.80927069722152467 1.7530085550206953
-2.10310156773051382 2.9331775129686295 1.65804290653740383
-2.04603687565229952 3.2141485394282272 1.75127269502488359
1.1524072932670506 3.20043667722445191 1.7115164197868844
0.96731034124053294 3.87330865468379493 1.70957568957042882
0.88588490709915291 4.00105830359859382 1.69976399731024297
0.86588988696711167 2.68835963783848708 1.71418846370667244
0.86306915953282937 2.54956775307274386 1.63973461341788473
0.38956661400002085 -4.20464829817765473 1.67821998959030183
0.14275055063507047 -4.47527199222121119 1.73742454349236808
0.16244585079656251 3.26453300666595592 1.74269896452128337
-0.02663300733638699 2.92187484577918344 1.76367985704093133
-0.14667922478352916 2.86864754957277324 1.76024134679826427
-0.02133100350147976 3.63942060470817408 1.70502035866795465
-0.18374707934305573 -4.69512446553186447 1.66590814684137545
-0.22940233447509659 4.52780876104466579 1.70983601586309053
-0.43348825934594082 2.90920673072285174 1.7719277054331346
-0.26759307501285345 3.61832868957040787 1.74149178931453141
-0.35050666904270578 -3.77088849758184264 1.6814415489813328
-0.47411717090487965 3.62768285554841974 1.74823652024527409
-0.7525698939031179 2.8909324587850147 1.76698386479290326
-0.86975009255184266 2.9478412693669358 1.75039043784056925
-0.77521293735997387 3.62503910251636885 1.73175837782122621
-0.94521237214106268 2.83829164460860328 1.74195653109112181
-1.0728186122524741 3.47063594830588329 1.72518262989795024
-1.09176557292711873 3.17085073285789631 1.74379550985248999
-1.15943716077523185 3.23958470683311273 1.73324277515759539
-1.83252696766270451 2.52914297299720925 1.66710450483493444
-1.95834108689912534 2.84896538744249028 1.7103697047296571
1.27385038740657697 3.46691884025104669 1.70500151182647164
1.02782895960180243 3.80443785497621878 1.72670792748084878
0.96724272290613822 3.83574214201417663 1.67518394996063402
0.79580253193147821 2.47087769838134186 1.67690464058163258
0.73423888838151785 4.21847226434396116 1.72790739633222978
0.23372570892564049 -4.44420086915439416 1.71972090090063601
0.28350128799234114 -3.80667039669015983 1.63291794111308097
0.24230529479372101 2.7762882281846859 1.69421288007032289
0.28185067128861174 3.13168021782449335 1.69736117541058285
0.19098709387005694 3.06812579990689471 1.72108413255880577
0.2107008958897402 3.46029849778327714 1.71411227369984953
0.07552922794856863 4.51834190089316401 1.68175785386181276
0.11025819715477905 2.81556875054826028 1.72272441183268032
-0.10778726348188597 2.96636723673753933 1.72761927688720252
-0.28434870505314092 -4.66221080601694293 1.70878504846411849
-0.69607266159378389 2.97171675378356603 1.71742949432692371
-0.67820199438762174 2.7856352730849574 1.71732150267573114
-0.57023897363781206 -3.80012688690584133 1.62478354092663535
-0.95406506971337812 3.57713877642353717 1.72217212966843936
-0.90547319707258167 4.50276286357819444 1.71622833766747962
-1.14935137493738448 2.98222801420852157 1.70903393073119991
-1.16611740922345031 3.27923493870251326 1.7219306581291538
-1.15309866098579072 -4.28557282953196594 1.61447450724090813
-1.19470951281413162 -4.19640755179344982 1.51802774935503937
-1.33470580169790787 4.27408810456236576 1.73692325937934577
-1.41677287532766849 4.40003256874555859 1.6586645186171638
-1.40333304657234548 4.30419408230330802 1.73703610706747558
-1.47810541581444044 4.24414952504996368 1.71245331184672334
-1.77651684969713908 4.11282704253477327 1.64934026982677184
-2.02291557125277599 3.71631846082023376 1.71536544991813611
-2.24789190965235885 3.12990079261574428 1.60213274869320355
-2.15324365875658774 3.28462788360150837 1.71123428354434082
-2.16194215970579728 3.3449102898354548 1.71335599846434428
1.17338359110054924 3.12495289899078799 1.70024506205424353
1.09333168675890158 2.8599528588875307 1.69032427351619785
1.02459220741100965 2.84210400291906229 1.68680456491339847
0.95182697717990572 2.70714155940244572 1.67299909601718877
0.76024322543696932 4.15319713573245508 1.68671401515934405
0.55309648732901284 4.47429207405558316 1.65944490042128878
0.40428394266890877 2.53425548254858457 1.53150620064154075
0.12986450340195807 -4.56154333228298192 1.64473642525674979
0.07408506353313164 -3.77796042791282982 1.66898275924844763
-0.1372580127855853 2.74004323871683964 1.68253082660079434
-0.49068407854020718 3.81197407867834936 1.6741713107646099
-1.0617663345543944 -3.81283252959625507 1.61309045835812181
-1.21176624974481051 3.00586078493064468 1.66967168225769824
-1.21237440628757409 2.68404579234160501 1.63008365119637988
-1.17716820117946663 2.76499296163598141 1.68291964687647622
-1.48169713198468722 4.29670471497818429 1.71359457831445705
-1.61715285164679234 2.49701800173638722 1.58261583662632033
-1.8857942283674527 3.95571595330185621 1.67884211724681309
-2.01223678356358215 3.81722578473734586 1.67428848268594654
-2.05546352497525575 3.65909321900049722 1.68947988635129653
-2.06464208646880376 3.55746829911037921 1.70106215212139511
1.31662321308641506 3.34002516745774303 1.70861060510204377
1.31892027078969809 3.39832638610984006 1.69883735997362151
1.2612702923804282 3.25186793475760316 1.70420691797020396
1.24659450898951762 3.32071722848580642 1.70424857920805395
1.27171622161520848 3.59407917626456452 1.65238715664524261
1.17050386779353799 3.19079706689721387 1.68480975260488264
1.16992275952595559 2.9257754367662252 1.69023359747816104
1.18883200021425339 3.02741281746795421 1.68144216283314263
1.02471293182454737 3.83422372129809075 1.6823320169840521
0.48714869819896323 2.49394291517204492 1.56255554834370902
0.41700908408832915 -4.12478342235092921 1.51328575741301963
0.39835212857307783 3.31428745190289442 1.67307373934657422
0.25451074221275249 3.61856901634325379 1.65843252102426697
-0.32802876267222986 4.59706260540581546 1.62813325261431308
-0.54036839175156626 4.60089312863312649 1.61979064480680734
-0.80399647208868585 4.58006359414844155 1.63446747669441561
-0.76550619225082117 3.81303452334485593 1.64169716479681194
-1.01516509491017848 3.62893099385078255 1.68973739299766046
-0.93769060599222898 -3.79878113625097313 1.62923463921641076
-1.16776776307340779 -3.86298371188779699 1.56698120723777001
-1.33593733617847743 3.42471309525449108 1.64921156807999081
-1.41925192306722714 2.51472839648209501 1.53723193386824808
-1.41759874048578993 4.34266518743159313 1.66741707281795781
-2.13364742398972318 3.25081478506068056 1.66316245706859189
-2.12314796478072498 3.47075787363426524 1.69100057903183654
-2.19344816620163563 3.19710354315949541 1.66182113892977368
1.35926030665316233 3.24610514342540313 1.65258896437065106
1.32104314849398219 3.22006285911418644 1.66078905708839697
1.25094388513118582 3.02057558612232313 1.68337566156098295
1.28756800604819222 3.04140299988224783 1.67063190762304981
1.25470110945983637 3.09649797309722619 1.68951390211498764
1.28153273707208148 3.47391844191798027 1.65702735658578248
1.08538272350044362 2.80292102348853289 1.68664248275737316
1.19617538394036127 3.74782502725433542 1.60284869051784873
0.84181140267665355 4.31776730690897903 1.64650780943005937
0.34473728308566759 -4.36652622701110182 1.58534996909316162
0.4421956860058176 3.43103119392229372 1.65117660975024805
0.29369104657174805 -4.42228893179648885 1.65136820024876396
0.40711572805744922 3.52595971196861546 1.64498161792732489
0.30020224152305586 3.01107425091599712 1.663900848435651
0.30001069364641475 2.65685359823423983 1.62011212965941831
0.21374695651789288 -4.51520105199387523 1.63813967684612471
0.05550495768700704 -4.56426805102013944 1.65645127753554977
0.01719218203821383 3.01172758062643053 1.62936549981783596
-0.1442402538234181 4.58395736126957321 1.62337497461948499
-0.20879318266573127 4.57714370930964076 1.62242994928339512
-0.26375316739827281 3.813431919325176 1.66246484591319676
-0.26930308334067454 4.53285816098784977 1.63474503163243035
-0.859684705696938 4.53248855672864792 1.64229343112430159
-0.91012743925910777 4.55923525959345266 1.62947641043431668
-1.20939725839806322 3.56136940745848607 1.65655054857601236
-1.29193531206676671 3.1436522635631543 1.6653631512402336
-1.45029330207382645 3.31762027554628069 1.61579094806025436
-1.89750255321013883 2.6763428590387881 1.58169396923164762
-1.91746390836288394 2.78610354923944969 1.63488256095159046
-2.05932687844215634 2.76494965991288755 1.5848040732751123
-2.04828034706353268 3.60645000696479157 1.67543785065328721
-2.11417930574906165 3.59240179313004893 1.67893151536669105
-2.14313256531288943 3.52287929484251539 1.69013796864952037
-2.15293769205124574 3.38113958751262311 1.67097106006987461
-2.19067081787124796 3.43413476056339872 1.67688773681004122
-2.15330825234720535 3.28245207449677245 1.64953336550521867
1.38104534832135273 3.43308091194759157 1.65988050026053813
1.3337718282597848 3.53174416969547966 1.63944979646793176
1.23812638948341958 2.94837953912459216 1.63902006899832542
1.24298448381465243 3.1674044134853947 1.6443284761722039
1.18548528515787033 2.97949810524093728 1.65052733653334682
1.15333203726598366 2.84783368890963606 1.66053454788215382
1.11617774112901058 2.78160372190015615 1.66016225974230136
1.16227121232047903 2.92156196163187909 1.62630096414012781
1.02077345654537965 2.76163510921063127 1.64590419153162681
0.93058487417568181 3.93370208129364318 1.65556193924454442
0.85848969512184403 4.24439659059389118 1.61360281893771118
0.91199372856141803 4.4532551621248011 1.57139760359359038
0.6461678278319084 2.50420381577443774 1.54794221815725019
0.7612585534661479 4.50652675828619476 1.58942568567511522
0.4215712836586934 -4.03199584232566988 1.49104736890667122
0.41155519769158289 -3.94741545944793959 1.4685920920121065
0.24192245132971696 4.53016781971463178 1.60278420031194369
0.53728631637662072 3.22934755419906505 1.60565515643699208
0.37479184632975321 2.55244449976512833 1.54235344278123421
0.3386281626628852 2.58729542156857839 1.57621771216372086
-0.43222195124127921 -4.75774245147794872 1.52865604933302102
-0.88696388755613786 2.60415617313502867 1.58967275534911456
-1.2695823267739117 4.53194366270029558 1.57917616288214724
-1.34132082823253262 3.04348363002799038 1.60648009737100184
-1.60975101190013348 4.43964463697088618 1.53140983500724182
-1.68862925740054104 4.15763826394832225 1.64240827101836895
-1.73184974819948012 4.20111756987248786 1.63635380721118451
-1.88204605648445544 2.6318982939683071 1.55139826053779895
-2.00419914506736507 2.72060120828138263 1.58366124726281732
-2.2883083480782811 3.5578133654783004 1.57884885011407827
1.49816133610400581 3.31281157066145804 1.57283351108349123
1.29467775410709351 2.9357179674011844 1.61954938181802044
1.239360980913494 2.8188870031382165 1.56115002756181553
1.07642160263188957 2.70345365907951996 1.59851451517129384
0.97891484971809672 3.8468243324176643 1.65050752599085127
1.04809045623333552 3.92069808338068482 1.62666237273343284
1.0451585004428865 3.87494827953069043 1.64410371704082392
0.95125449269981344 4.01271677971605367 1.64093342465107139
0.96247749576678521 2.67643739122443458 1.6077556846327441
0.83884195194919409 4.07519838591294903 1.62508857262530992
0.81253923849365473 4.1420486073126952 1.62171534477829238
0.4130526483553541 3.04955114626782375 1.6123522383028841
0.21711844656383933 3.70244151465799387 1.62625846789581097
0.03933399564754231 3.81565263997475324 1.60377775431835223
-0.09676083730407792 -4.69974489879645496 1.52507140039197187
-0.38693974157965694 2.58805138853772787 1.57579270249955949
-0.43350676029641289 3.05289862055203676 1.50816250956391418
-0.20908706893031892 -4.70082031894157826 1.56724803057104878
-0.43935683512613682 3.92944001950920097 1.59654400255208673
-0.52373332371138404 3.8966460344956495 1.61737559128870201
-1.06443564877527597 3.72200722479060531 1.62453512168114433
-1.20996143193214079 -3.94333223322852655 1.55929773206823263
-1.25314875091091427 2.60066222968624361 1.56730208654647618
-1.42197439375392776 4.52462471162889557 1.54758566341970161
-1.51681762285605548 4.48082051409601601 1.54367275872155307
-1.7563453866750145 4.32295522257904086 1.54492940315202176
-2.09557276711798757 3.78180885846152703 1.58041452340648059
-2.19130879019255786 3.3017871093326665 1.6316275934579374
-2.22896102749527536 3.34910283238579609 1.64372054824241021
-2.3455040906871627 3.41989988518329291 1.55307519928836291
1.45118089784575965 3.51542131911866562 1.57073608146099919
1.29955352471547347 3.15749611173897327 1.59848347730849993
1.28171973507748493 3.58305886987093514 1.58922547821327975
1.25749258071638081 3.70650789388791013 1.56247373281885849
1.08112020947057252 3.80885335801966107 1.62167599949074903
1.00519783318479927 2.70218426181737836 1.58488194961423767
0.97142437589245867 4.02793412292197228 1.61612032872301925
0.87384477677966355 4.11336642699016153 1.62341105932520269
0.87721589186186544 2.63815119516707641 1.57844839534692838
0.94383196051349116 4.3883203756252076 1.55776832993347836
0.8959932042071509 4.54093044751830188 1.52630716386596754
0.65856597199265154 4.53244013010389768 1.56532723459454992
0.43092049757002954 4.53039973716353117 1.56122617973763389
0.60963191176274978 3.27440675037478979 1.5755649913161125
0.63641275645694728 3.39075402494167388 1.5683192957370129
0.25850353991273473 3.04647846260114052 1.53709747175860145
0.05600736072693741 2.56402118062806172 1.55082387552847623
-0.1801716897764597 3.90563517667211446 1.58792727597948247
-0.22525983759160265 -4.75329283454582985 1.48663219139354741
-0.29635032700318209 -4.76503023357293376 1.49972840872909807
-0.99586334843314739 -4.57785322642363823 1.40646245802975578
-1.3063087006564138 2.53886608486473042 1.54381160980033738
-1.51571617384585222 3.27473966810452666 1.58020111903409588
-1.62765350290002475 4.42270501882529832 1.54429437039656747
-1.75035987555488592 2.54187702680129446 1.51245151710590942
-1.92502585695023942 4.01945858744182072 1.57461293543513725
-2.07903957837412623 3.66112730281638843 1.62357842919978079
-2.14680196365755149 3.69576246648898987 1.58360930117000498
-2.16080400829591168 2.86523042938535077 1.56367863539406171
-2.19696023735293133 3.22544347941961407 1.6183983025575619
-2.25592879416800374 3.64647822371429875 1.55295112466833807
-2.26544805398549132 3.22123780058421527 1.61737900611649277
-2.2622547857577664 3.26358902339244272 1.61812040641978072
1.36602436659575699 2.9386540941829753 1.56504897906989116
1.58189555531657078 3.011525128232031 1.39096045992517858
1.33407492386652238 3.63130144825823464 1.57121853974509973
1.22095289589231482 2.90264018260043377 1.57104546978011328
1.25711828563536332 2.78473546058707289 1.50706228781039187
1.19552923860066262 3.84571225767922176 1.53992869941875443
0.93661972555906281 4.33312085928809321 1.53232217142849803
0.85940882792228712 2.60217307653477814 1.54511668205664199
0.60605356112219921 3.49106317662187671 1.57089325201058783
0.58708844188730736 3.09326311713748625 1.53143493089334237
0.44794886854991728 3.65645375227618841 1.5698997496451419
0.28040080064252082 -4.49597372421409514 1.5024476600521437
0.13842295089124756 -3.86258306069044055 1.48741300546994437
-0.15984081920875357 -3.86992833031531269 1.46994292852752984
-0.80705269884556452 4.60678209553241924 1.57423752636455228
-0.68530873366088962 3.95391641677586758 1.54364123618554649
-0.81535531181806997 3.06421408196367562 1.47452406048206752
-0.95142315143641953 3.85041290027161942 1.56329599473428194
-1.15202825585849511 4.5683025973536342 1.52171812409620477
-1.06139647411927296 -4.50011053187165899 1.44024448488817391
-1.25022892010771436 3.04766772033177347 1.55194940149897631
-1.34398448665684578 3.58962518659771979 1.58444636203233413
-1.79264299152823647 4.12629627797090492 1.56736102760557339
-1.79466204369308735 4.2518003645930138 1.55838698476782533
-2.0853706721579206 3.87140098758855755 1.51105606667410064
-2.09228212573785655 3.6791101147882368 1.60110908959993403
-2.35112664941364846 3.51751411968207073 1.53556182366950456
1.45714216007349395 3.06179304809142305 1.50174405380418885
1.17985063944099222 3.7547718710876703 1.56440523481350668
0.86111729358192435 4.21034224110925948 1.55872098803484094
0.79958806882889943 2.56216194510782458 1.52072407967614409
0.60102757902485227 3.59189666599973334 1.53510982825797049
0.26463175427590296 3.76986365878242236 1.56054589766862595
-0.03779790522368821 -4.65499543879383371 1.52263073954022699
-0.09051933784169092 4.60079033850323427 1.53506630480335504
-0.17357054549254514 3.0749974765774275 1.43817401571726378
-0.24166224020729282 4.5382311244529987 1.51952853922112352
-0.45353254820272493 4.63092422010742855 1.54898848908517905
-0.92071777842353486 2.56125208654241732 1.55232175353516499
-0.92245297877058507 -4.62515756657788124 1.43160553922233613
-0.94262035678115852 4.57747902195741396 1.556272813138599
-1.23085378061028217 3.7832881779451184 1.50638814492841067
-1.4299709258990172 3.0666151618653994 1.55258486856398803
-1.52593412439763942 3.46628649868797467 1.54128050119185733
-1.63068402307153937 3.24122463622041979 1.50738258487796917
-1.58285824088413163 3.35930071547767106 1.54044610569808915
-1.85463032383372251 2.58838411453629513 1.50025100236105313
-2.09784674130763138 3.71092222745748224 1.57410651203728458
-2.29942232620107756 3.02727985707065628 1.50584084991444311
-2.3428570295630653 3.35297380389547994 1.54152166593966511
-2.36175289817089951 3.27750339848753303 1.54195403004106613
1.59851951863360431 3.20035544641996639 1.43161339843512603
1.31811621007318536 2.84470990877302699 1.51286923099752446
1.22932464367716188 3.79365019134315906 1.54208109623370371
0.97880679356200906 4.0448360223460007 1.55782870677975205
0.71232036683662037 2.52816015363350255 1.51724191477429038
0.42240075166613589 3.06717836671378352 1.4871054344196617
0.17385052046612817 -4.57282264195793697 1.5524362753762726
0.04682606284772896 4.59756891787195521 1.49531178185504388
-0.26877532629010004 3.99611363822773358 1.52159457438218526
-0.26621286571860958 4.54734244152143674 1.49366719836727246
-0.36132937681630828 4.6224269785597345 1.56192088698391118
-0.5538732759268693 2.54411400962860323 1.53086647880087345
-0.86722713721891487 4.55357797941411047 1.52811991563988392
-1.80826611207023413 4.17938748548043737 1.53566095284448179
-1.84472382476907315 4.15131981510423298 1.56697282175133767
-1.88738669299111472 4.05772806062394142 1.54660516330306397
-1.96891671860004625 2.70110963499250456 1.5434312283812619
-2.10491170569498642 3.72050716955145422 1.56039330895936468
-2.26057249049268671 3.12855063510615006 1.5337983811827709
-2.34679226285859821 3.07563034033737726 1.50206494596442242
1.51636810237722308 3.645256454213611 1.41889309155701038
1.43735440088637656 3.12309750559041399 1.47481545225678423
1.4295312319050808 3.14770903665703816 1.48468439928740437
1.32584772782482951 3.68306597399367952 1.51915988108927369
1.26747695302999031 3.68457215203093735 1.5060757329888752
1.08024446600101554 3.95339844479925473 1.53145873543915712
1.05776142869834544 2.66938525641423352 1.52175301552023456
1.04467797594354006 4.51967255353783148 1.45688957193107682
0.84094363567353325 4.59978929456912322 1.48009041032279276
0.37500466896328066 3.78668833424029083 1.49228035835147121
-0.00400054156124668 -4.69359546034960218 1.42845021409957607
0.01152123062504185 3.99676650697904279 1.46103951475708338
-0.55991692421321182 -4.78120722768812456 1.39375840330445455
-0.94786215027552312 4.58148250157400572 1.46696052373453023
-1.14052039102600378 -4.40336068553699622 1.397334880934755
-1.26851438768473512 2.56479966629364364 1.52555993801078471
-1.47597137503541287 3.66707545237814436 1.4618299200310596
-1.93844703620264536 4.08924780590305215 1.55071508631347688
-1.9771783985432414 2.64411984431156233 1.52839612555668114
-2.11514548278935743 3.76776175212612197 1.51254008113135585
-2.10830110573450824 3.7558430661577904 1.53128618529864924
-2.33454596934410707 3.32609726547721252 1.51273253486011949
1.675789392082081 3.40894821833697748 1.42500992094657186
1.60510501268564698 3.24834124936818291 1.46693811097146054
1.65696300195600799 3.54090931457333946 1.38866752635260116
1.26875116333545024 2.8465634535533062 1.49711467059697756
1.31994805164883067 3.74004720343057651 1.49338235060740021
1.26711055801989225 2.74388662228974667 1.41363422619369494
0.94836849643070631 4.07525549202662685 1.52697947762767328
0.97254779824891324 2.61306308717728664 1.45668825378228473
0.77027611803446128 3.45654214816026739 1.48139540896247235
0.62985564130775351 4.5671134987452664 1.4789272724793987
0.43968897950548436 2.5413404577692722 1.47433621591655317
-0.17356327783894299 4.55654628478585089 1.4686021136894476
-0.64933494625874755 4.62204129742127101 1.50797556227853802
-0.68895655556572244 -4.73486013355120416 1.44459123060374406
-1.48846186209226206 3.10561183691259846 1.37519514687674449
-1.6467062991532373 3.56721982193915776 1.41729335263948952
-1.70725378754148194 4.45098872628680553 1.47031396708106588
-1.92971259305899023 4.23110708176809425 1.47528883760582907
-1.91121881843151553 2.5910612611721886 1.50541765860238463
-2.0141091355590337 3.94133294781205334 1.49683275149948058
-2.03558744541652725 4.05700731882562948 1.49959644934932079
-2.07879929023556276 3.95463580675562376 1.49359359077100984
-2.19690201274979735 2.79077904792207399 1.45438004601526161
-2.18803853468903986 3.820338283080563 1.46086827376086981
-2.35027527492170485 3.64101467681271851 1.47662111997037027
-2.41027956570633384 3.38122313681320241 1.47485774050088647
1.39778303968826556 2.84753245042136749 1.45465316738766481
1.42533866393073216 3.68219618504921398 1.44759284030619728
1.22659232289363307 3.87542288699145976 1.45112963627797198
1.20934262283868721 2.70825185397684365 1.41062700685883047
1.15247124436956239 3.90336640759156861 1.48217666090780176
1.05175962836932069 2.66965652590307956 1.45784256273071477
1.07280492756076007 4.46589221730904118 1.42912689801532578
1.00513850946581274 4.57570464522289821 1.44722845757535046
0.86304182077036795 4.18200989147541069 1.43914904117792197
0.79710875538796688 3.29204996020895813 1.46817430076885458
0.63079089511495912 3.68299927173519936 1.44281624271156406
0.25329056071667316 4.58020786444676098 1.43876069670117079
0.01838329262863252 2.52670079518193402 1.48209497858514139
-0.52689657844830906 2.52883213998295586 1.49069649019478767
-0.13218432917814082 -4.73363126450315086 1.40609784315495734
-0.35462100491412474 4.60275850358466609 1.4567028200472425
-0.39792096689876572 -3.91137979484934917 1.37134031295199099
-0.80782190799650433 4.60511790665333365 1.48791117401936535
-0.98054762846172894 2.53281495493446052 1.48544498838499739
-0.76416153169889001 4.06248181509967488 1.40225962370188117
-1.1986891184360593 -4.00030178776058154 1.33399033851107451
-1.21066744132301496 -4.06162221057666706 1.34443552133713573
-1.2983800504634504 2.55116309154132814 1.49043824263239189
-1.34897814946122785 4.58467394879886658 1.45438517664551403
-1.62594320056021413 4.58415958150805292 1.41774763155236139
-1.60203012775295006 3.10659909622295594 1.46432783237265984
-1.60611788305569014 4.45939799694508121 1.48026671455961889
-2.00796325900629924 2.61217292009458424 1.45111698305271486
-2.11844666415927785 2.75062253267734835 1.44854302451615413
-2.44187358475118144 3.33448035990572222 1.45622939671366747
-2.48521053425520222 3.17983494534158329 1.37324354799612713
1.72942698334473044 3.31950845938628847 1.37994897859183596
1.54386866829872327 2.93871499995758345 1.39716957604142156
1.31299997443199157 3.83157283212401145 1.43864766840286595
1.03690097388716707 3.94914950642454921 1.43428661002489921
0.93295319968691759 4.04592147411930991 1.45618181160087445
0.96993911404760924 4.32132902338394942 1.4219285975902507
0.87287820665977378 4.21643258795400211 1.43341705425662957
0.80240265301855107 2.56598038945057549 1.43202299397093435
0.82781123443351901 3.14361328728316725 1.41703729407619927
0.79031841474729381 3.52753122508500816 1.44393274018168993
0.37082946440589487 4.57265510726751856 1.40390397369735309
0.3820957543971823 -4.34350191267652797 1.30992284096807654
-0.05510135670952757 4.58194374999970222 1.42184319238208023
-0.28124563112691953 4.08313182640037997 1.43276598020819002
-0.52747602918621506 4.09054079040832175 1.42029445732519211
-1.04280527943099832 3.96019064258220777 1.41144857538959534
-1.20781502273501795 -4.19673151801973443 1.22733613833312449
-1.36725944747270023 2.55066569246873298 1.43959941270284886
-1.53723035571741162 4.59855536779037433 1.4207733698905809
-1.69046493886614102 2.56889274942644219 1.39552929170824958
-1.68169294502143707 4.54855598561945396 1.41682786920290193
-1.71945697090605742 3.45190607768456426 1.42541053419325037
-1.83416674069185515 2.57532754717353107 1.47256049402690947
-1.8828052592150355 4.30617303005159435 1.42249588719755549
-2.29612270514836769 2.90558875990102994 1.43395473411618202
-2.30519585668136662 3.00710326578020926 1.44448759561091222
1.37908329214123304 3.6933356614199333 1.44110502190232292
1.11952333346587962 4.11126405500885816 1.47385246719694485
1.14441404792440893 3.9876974660429978 1.45061500804370969
1.13536522941252338 4.23242804226593172 1.45656407435307345
1.03468944637093974 4.20496928147530102 1.46633879129908395
1.00690404738246064 4.05484848811282728 1.4709508081969298
0.78318451102932374 3.58579631918580377 1.41363854126152488
0.55815144024789776 2.5615967912945834 1.38462514454167485
0.34632369839230015 -3.93334404791927827 1.38534137599820228
-0.95532950272826855 -3.9141921669530495 1.36666016431846327
-0.86359201717741274 4.54683998213221319 1.41180374580423917
-1.08613867770419592 -3.95143696812590406 1.30205734255211558
-1.47133441835837209 3.77935067253728452 1.3705996529001605
-1.75365411264428506 3.3590550827254404 1.42704462194024728
-1.80036378762573879 2.58492221279308998 1.37934894030753141
-1.87316576028054493 4.2410443603273853 1.43001000217617058
-1.86683768224842361 2.57232737484731278 1.45640754954160467
-1.96954296949650121 4.26996410324606579 1.40876186668904912
-2.1517108915941523 2.71566960812617486 1.41001102413515422
-2.11910488054533452 3.8552957491870985 1.43698843923703401
-2.14177286559533542 3.91964290170165652 1.45023489757840385
-2.17306938247721604 3.96777406588791726 1.42067239231304332
-2.23323343705352828 3.86454369547926824 1.40225150076108918
-2.41221642283185345 3.36166474716647468 1.4381672156950378
-2.47895393048158619 3.46372637911041714 1.39361212793334777
1.7178808130819021 3.25014755334293692 1.36341966498681955
1.34461792058300178 2.77441138592204117 1.37981245106013595
1.23024163408549714 3.99924813981731075 1.43088503625901842
1.23091223013135953 4.1620321148403141 1.44423934124363829
1.10821830821196166 3.90090300332041906 1.41786898078798385
0.97348079787844788 4.6476862390614162 1.38704380087532408
0.94176898245991758 3.33973752547058611 1.37396678128169536
0.65933993925043866 3.11024830571065181 1.36964147346183007
0.40893784314299925 -4.26490889956614883 1.22728359128688713
0.2257040725274306 2.54022638650292709 1.42208669064108162
0.14115173850275642 4.1003736009831977 1.31466708159395873
-0.90756865252260965 4.54774915950015135 1.39006425068308981
-1.11700689451400526 2.54551591859430459 1.41778756357877556
-1.69532122582268219 3.13299795195000597 1.41056758409123084
-1.86189147690823975 3.26803783225166988 1.33566517065996737
-2.18324171049510651 2.67911602886901479 1.33488724589562069
-2.1456738390062684 4.1365619529233193 1.37234169862006072
-2.47562869159139298 3.65061951010635521 1.31394063091013291
1.58131897684525624 3.06740563913639708 1.38714546042910647
1.44399820031355963 3.73004193430362774 1.38815845115960035
1.23391414791231191 4.19923169427993503 1.41125202002802319
1.22970903825102429 4.27633111986908165 1.41075577294494248
1.12496369270583529 4.34591757654407651 1.4031699958974071
1.10171187924726888 2.6457296416960201 1.35124406612298387
1.03113634987817293 4.36937805365750975 1.3941212474212954
0.98679929660810284 2.6095106196008393 1.3596606657190875
0.8484957593693675 4.67933698074435256 1.34079223528370162
0.61258230678291614 4.57522084567670095 1.419714511592437
0.15019884347357157 -4.64262150459500589 1.24217323934146062
-0.20603859030252028 2.54528618382305849 1.39771760361413167
-0.69193774736053071 2.53944120632669534 1.41703739801913176
-0.52875511907615458 4.60752203982456265 1.41496546126757594
-0.74193038898813957 -4.78879522182598549 1.20304084149535484
-0.94823458323487919 3.12578343163454297 1.25866476265751537
-0.79237579909997025 4.58170282127507189 1.38959141989439638
-1.11148824501834076 4.58519722724952139 1.38270413231733058
-1.15881374372526347 -3.96849372459115113 1.32112038497110196
-1.15492574614857113 4.59511024667162005 1.33945713162204738
-1.46838107340072299 4.62521157838898489 1.36086448946725413
-1.71813765141064256 4.46847553399114261 1.40534326945836341
-2.10382278228481701 2.64413004793983797 1.34314113840294369
-2.1514642022265047 3.87243478175536548 1.41412169759133644
-2.35347188670963137 2.94881640747819151 1.41206434424643024
-2.52568671037785109 3.08468831644948827 1.27916893172637836
-2.49129249812638287 3.36865796426090292 1.38212566233141754
1.54145367722585824 3.14662260397312821 1.39088095109358711
1.29424594849943286 2.77028539420266506 1.32227963614025401
1.23409024213084284 3.96408853848675502 1.39299181920859283
1.23473036434608252 3.85701110922585455 1.35947558331799057
1.17327828610920504 3.8693586110997451 1.38645277476332862
1.13369556928013138 4.60005331027927955 1.34156705137698262
0.90715878694959096 4.67166344735877903 1.36294966125113604
0.67816503353956192 2.58606458470885592 1.31290972999950184
0.69383705137395046 4.61014908005730639 1.38379507079045649
0.61134727826714685 4.66381132910185325 1.41862340634577433
0.55406585869056157 4.62558956313338587 1.408256375804678
0.54925666855231359 3.79914369085533243 1.3539636457092461
0.39890950116585738 3.9133170773515924 1.33918652494770285
0.2619625237926686 -3.97085573920438151 1.2436666831903147
0.25315279596669626 4.56862268173291586 1.37391735675706594
-0.03283443732496472 4.19160772880074717 1.27858628895948701
-0.51172664867221251 4.70863614579349221 1.29481593848578291
-1.17674545851113033 -4.36075680380666775 1.23643711848405724
-2.08615165752922893 4.25895797408219767 1.34115280383090218
-2.27411194269919203 2.83620176300264282 1.39215689422750644
-2.28302614137662196 2.8643247445789064 1.34616807447797027
-2.53836584957269196 3.33013934525438371 1.33327659558236156
1.72899019733640302 3.44447050565622481 1.36098108975663346
1.68975911582124327 3.57680802752417826 1.3270129340588972
1.58160080061464847 2.87085765230819456 1.29696638387881569
1.46412203003345209 3.68772240986131461 1.3644295163655884
1.43787231048940689 2.76597751734451425 1.28724230927978867
1.35481722556693795 3.97138856053895584 1.3842704514875448
1.36932231301716922 4.13434996966202295 1.40552740507570739
1.32255184182446506 3.95476930125606474 1.39008951061354313
1.32965800602946693 4.23806106229106483 1.39582307406708805
1.30334916917085275 4.07672433289221736 1.38756622317668654
1.3002542515375386 4.15943906168690347 1.38684770169706972
1.2293536155066902 4.38882087276591548 1.33516559868667417
1.19772771867562189 2.71484684033487245 1.35919052898754389
1.15578376390784343 4.49659238244230153 1.34831346297923305
1.02407420679017269 3.4485288180837621 1.2958354462491164
0.82501642911478312 3.14211133034690615 1.24594230455376875
0.90246536081230455 3.58986055016576699 1.30693158996923486
0.70968555272837008 4.72024307429681134 1.36594525928137744
0.64449333691819777 4.7164183821812582 1.36680414501938574
0.50854172330147907 4.56654187183776283 1.37811969217662078
0.47561585195320272 4.63535213348775788 1.3472987343364704
0.32920291009874975 -4.46114734595819673 1.28223912021554587
0.02946078259206635 -4.7259979922666373 1.26666378299355276
-0.08833355196362691 -4.7256884855911947 1.33986786298595217
-1.28412806327708484 3.1464268894274845 1.19420894032428571
-1.4373841580821376 2.63787962628832418 1.14654448015195798
-1.75090817358791262 3.15463674854636533 1.24480137040327921
-1.7105311901201925 4.61005765649461896 1.32945451926313662
-1.82209427664822532 4.50235239909730112 1.32106962931793115
-1.95259825556912503 4.3425431062102362 1.3259134923935032
-1.93462043542901996 4.27586114071078427 1.34957768552622848
-2.2007482300631267 3.88821327396765115 1.3536781889176881
-2.25261560586876541 2.83175213710004448 1.33373828775699899
-2.20287714062965367 3.93938897038855806 1.37372253984898696
-2.34122431062998659 2.85332365637382956 1.33983422753098691
-2.41828352693024007 3.71981327294857467 1.33369637710984756
-2.45799354212111254 3.41107458967270949 1.33947399660060062
-2.49315434800084468 3.52796275044265739 1.35087847007680595
1.62645733999165731 3.15840477640513262 1.31470938170879759
1.62500305867169881 3.66234552573384953 1.28820432884205061
1.54712069903301686 3.75582693598643536 1.27557476330342245
1.40730720708946122 3.98031454306822674 1.34655304374128226
1.4500317195603476 4.09852235104805818 1.33465650935724822
1.44062424845251269 4.1774590628950099 1.33750422297336513
1.38102799052088598 4.26493504894689934 1.35695988930666567
1.41665375267037241 3.84676508139248119 1.31538557387758903
1.30995470055701846 4.34055151420711915 1.35525805138358213
1.28842380634243825 3.95687257743593834 1.36867836362178852
1.2905105384431006 4.28511683555717138 1.36092684561170452
1.03120818898192512 3.18213473887214393 1.29092430447935547
0.98657795326635167 3.52704218807977599 1.29034822732875765
0.57820033876027022 3.12763445191602152 1.26047134706521802
0.40651405307233057 -4.01684277047432303 1.2871026626400528
0.25693307676171884 -4.55579687570077407 1.22912967701750109
0.16458858364777904 3.13170410904686713 1.22831067565668639
-0.1498795921532769 -4.80516584456059004 1.26480768075428607
-0.27174067871336222 4.19107586444154467 1.29496060330937413
-0.40962440183953458 4.18762371984142145 1.30297349781790617
-0.43379455675662792 -4.83787408036401523 1.23920865678850234
-0.95198316138303374 4.5866134033148338 1.35242245710069176
-1.01455630616773229 4.55903859457657212 1.35560931540304885
-1.31197877406262231 3.94494600610053325 1.2943884058572237
-1.83189352752067136 3.16202318198669152 1.31027938690077628
-1.88737230451138549 4.41675802430578113 1.30421850149323593
-1.87096626550666989 3.35885444743967865 1.33489936217975957
-2.05626009464830783 4.30841263263888141 1.29656737145568668
-2.2391645861892191 4.09346913563311698 1.27098351277873656
1.64358985674871327 3.04638722001388329 1.32394391415093438
1.6194651296574587 3.13192196656938426 1.30879685827767123
1.34527322574639197 3.86408580274070079 1.32044263040309562
1.27191827652314737 3.85339554090308356 1.32138472291408537
1.25401302045156959 4.35023943601912588 1.33027293362448873
1.24172913155519038 2.69916641461191809 1.28895103213530571
1.26157663897041172 4.52613264640501711 1.26216652612590519
1.2882622523019549 4.56215258110956334 1.23704623689690774
1.10971951870497532 4.42217092207296592 1.34329973105901734
1.00914282734384475 4.71418274816457661 1.25464409182385683
0.99041213016029239 3.17840396972874073 1.26782699310097935
0.78645855368400974 3.6734854034980331 1.29159820739253872
0.465729524022579 3.91737695164117294 1.27243121959233241
0.42004628861260518 -4.20117282475766984 1.15190552948630986
0.35388956390880605 4.55295609960962011 1.32599244170512742
0.20326470658707999 4.68867660002915354 1.24182406010620605
-0.08527790770962604 4.1992634824726931 1.26467540448632576
-0.57312412708760951 4.19477265794042431 1.27493794082017819
-0.94486524104726155 2.64235973816043623 1.12422343451125717
-1.0412438282112646 4.09729290706608307 1.24666859086776771
-1.62089897547629191 4.63732122645474565 1.31231761781171552
-1.74932554558469033 3.66186021956862007 1.27096018900004681
-1.88450995306875169 3.5659039883423107 1.23427983818964648
-1.9149884615763173 3.46471838418688316 1.2655667188095534
-2.20584845229494597 3.90720432592955724 1.33680593318858065
-2.28708719265053295 2.73767753500931255 1.28416270210920613
-2.24128046466019093 4.01157137330143332 1.29197367747732672
-2.48391087579286252 3.47960876053983226 1.31456502899744154
1.74070292270303062 3.29949983732039698 1.32351246241554588
1.73533750065256909 3.4272343836107928 1.31686017955233803
1.64419389944267658 2.92142889476185275 1.27659566213613451
1.56678355969622429 3.71778221661857344 1.27599568975222044
1.40495721235010862 4.3389074760513493 1.27571808266430642
1.26615241069611906 4.4101715455337942 1.30521319177438699
0.80803773615738717 4.68116670056840878 1.28739321515681504
0.57782293846065091 3.83447495488255585 1.25165440343475942
0.57856682682877569 4.71267466612863917 1.28400919733974184
0.41204586197149884 4.55496141089321949 1.29610552602888163
0.32988264709223392 -4.00493713344242863 1.19840526700121863
0.08464852035636775 -3.97269286773604247 1.21289614898817266
0.15005969687816231 2.66832772021118325 1.05986450879461458
-0.43155368490110135 3.1425253762231744 1.19158804853356659
-0.31559228366860043 2.63627959278805823 1.15723794379472977
-0.73926610776141921 -3.96331912206818249 1.23864335369217682
-0.67226408914800539 2.6373279973793271 1.14818293603567412
-1.11537209359506595 4.55851615389963349 1.29736087635557884
-1.10721679723248823 -4.52570456892226769 1.17975143585317799
-1.85572726251939812 4.56441121464664334 1.26096625065933399
-2.08128910960584346 2.66180152361189082 1.24079956071924968
-2.1909443465667664 4.19089092938554142 1.27064104310721948
-2.28843998782091429 3.88180442330746089 1.34013826171919126
-2.37636419536343002 3.75556523166975031 1.30944516545636547
-2.46235455296356642 2.90905525503621565 1.23509049169602481
-2.52061568976273565 3.36229952043546243 1.31175497422302878
-2.52465711302712759 3.41215022218495756 1.34435449276981611
-2.5792849568964038 3.36305293141967976 1.30351221791540905
-2.55408971584766675 3.51003519454905977 1.30039753407493608
1.78628614359018556 3.29202357391313338 1.32235705883046806
1.83102702221711655 3.40134914674386879 1.29860761708430328
1.77259605078847127 3.44481382327842356 1.32006309554144452
1.8063436535819104 3.51645430223659483 1.28668055027999784
1.69417320346391409 3.20550921825741453 1.27839105324794855
1.44944888710912179 4.27580102758416114 1.27223401771186406
1.22538601691315296 4.45889083163135158 1.26359513928298406
1.23688657232607468 4.63115889509350964 1.22806304788879905
1.09448436975248731 2.65160877412339602 1.20506751429670422
0.80793063277508192 4.78678599801544191 1.26278568037762762
0.42027813008541404 4.62957344735225185 1.27498921998726367
0.41930416119812269 -4.12253740809005542 1.15514545936873181
-0.56861232920306648 3.1467846332964502 1.17639370966419987
-0.78048812043271765 3.15957122388795231 1.12402138318446165
-1.2856226900663259 4.65930212723499615 1.23584600160314384
-1.91511166827617196 4.42387767718989977 1.24287804713634475
-2.36153234937961631 2.79912241329831168 1.24238772481136706
-2.30012491001182351 2.84016036338008071 1.29654810362469952
-2.42807077539222238 3.78628017730730404 1.3089056915895656
1.74864515647217655 3.56989144398826141 1.28738135262704345
1.79156505546290967 3.24420382814954067 1.28703595368188117
1.70246818791989551 3.54444768404853283 1.28467994724596646
1.6574216344094086 3.16977574427246855 1.27486505326923205
1.64732551381113757 3.05822954832143967 1.28884308209897669
1.58105814336566075 3.67406120232095557 1.25363494944127174
1.53062680887467861 2.7850196308995594 1.22272486561113514
1.4703825252603715 4.00350852837069127 1.27219288877760572
1.48782261545238392 4.17242492249532404 1.2673975194729421
1.37806851204594016 2.76944491126555459 1.25342306690183025
1.35005940452202178 4.40343983631075986 1.2529410384778874
1.24537209448420105 2.68726737533198046 1.2150352533333757
1.14233241606485469 4.6985689365569705 1.20638971821603169
1.20381932884651088 3.21295822550282573 1.17050285914154117
0.93353740540787611 3.61963048627858885 1.22256362860425272
0.86927432606353117 4.77065513482440107 1.22076812649799771
0.27515831712569322 4.12985273670344188 1.21486569853001525
0.39447549890745576 4.60116864607436771 1.24470381821005538
-0.01654390585984805 4.20978315889965593 1.26157103437109441
-0.31254876202769466 -4.88753477898324284 1.04802618772560319
-0.72061771089279958 4.19063325513698803 1.23964894031587791
-0.85428915824759877 4.18630128834428383 1.20450131268904981
-0.82727181116281834 -4.80245828200936131 1.03372619112730835
-1.51120340689512256 4.68459983305677685 1.18498236814472957
-2.01154942089935362 4.3071701739323256 1.25186874940593729
-2.01062180217803421 4.36109741146995145 1.23259350649971067
-2.1339638710130524 4.29141448899541711 1.23303019033206529
-2.29922249314881766 2.71661162025409242 1.14810693718012624
-2.25125395388496319 3.98561332005210156 1.23092976657332343
-2.30044953812736885 4.00904143433994342 1.21026371978514469
-2.49913433717061606 3.71902681639007238 1.28122129827404785
-2.58112248292460489 3.27016435472625711 1.26625996177536804
1.88280683447568875 3.27943534276953264 1.24020080687551415
1.70806425014215812 3.02404898669823474 1.27200641756821797
1.70404281367489729 3.09162326977103241 1.2816678874069678
1.64137335751746383 3.64159310330194019 1.23761692845416937
1.65025547468775802 2.95533254169019344 1.23393902949180267
1.42072266168003414 3.86884355758904119 1.23193528047275058
0.95737958891347552 3.16844963840897575 1.13845043552841041
0.75572934491381061 4.79259191057287737 1.21860111115852243
0.41488201863426311 2.64863665225467315 1.11466481253561622
0.15779623683334332 4.20012747203989534 1.21482987459319713
-0.02873743903940564 4.83169494930180043 1.1183046552385556
-0.01809562779034602 -4.78382047824373124 1.14453256079820731
-0.20419134565889047 3.14353644730259685 1.1797388812596028
-0.29666936741307565 4.06982492729129586 1.15018863446097108
-1.19870922329545215 4.61361979672940681 1.16884098104783574
-1.21636303839042048 4.63550816510363983 1.22832590912709638
-1.70669723662114503 3.78515737164123323 1.18693944139846064
-1.79643183966631614 4.62630099596934485 1.20724796786751898
-1.98058744492348304 3.37126286359354221 1.2267338367109788
-2.36107621381648958 4.10185485467707167 1.09038691585131353
-2.38350793968609587 2.87017073527542133 1.23601969151862545
-2.45159671606950713 3.68156424324472198 1.27375923053147289
-2.49946161230588126 3.61642682157573558 1.23682669243315879
-2.57981410780310938 3.60378225642273842 1.23788599680006861
-2.60921593244384376 3.19491251708905466 1.20584560967951937
2.08320915313859478 3.37682392268935416 1.0961311116077268
1.81824595955558843 3.62662230404372066 1.21498770709888904
1.70634270315262726 3.66321064964084675 1.22985957033622562
1.80289632470238748 3.11179127816147449 1.22840906538943706
1.7136326286506034 2.96790473936788013 1.24374867772514519
1.71002047101362309 3.1696509594198754 1.25490074137458341
1.50159894466723687 4.05470635619071818 1.22022370306337136
1.47215567837685679 3.93046928651621563 1.20396662588748149
1.13301823548697622 3.52601823581838758 1.17038035213420488
1.01692789274539019 2.66808897291485758 1.10490444314814562
0.34000332220135232 -4.4156838866251702 1.2143387023312604
0.41738954267531497 4.64958305479173983 1.17009318077914015
-0.03882321248425531 2.64415924216679121 1.13023318439508769
-1.19676724368992615 -4.34180542926474367 1.00559095984349001
-1.37057139461229949 4.09298749303880083 1.08632191895260211
-1.54955596885678704 3.93552104226331512 1.14763900114728212
-1.96186235288996746 4.46918172402374125 1.20584315153617005
-1.94990305155583998 4.53097244782191133 1.18103370515405026
-2.06549175378669014 4.32255329326449633 1.1645692944019268
-2.36290624759378121 2.73841386869818271 1.15733039510989522
-2.47564054124271138 3.96667035628387632 1.10696184923889218
-2.56793534304971027 3.70814140515664192 1.21434390942230674
-2.53525686991194865 3.66265739429431303 1.24277738581041675
-2.5822533770271634 3.27211985523410887 1.22243896665601914
-2.64187423630678264 3.52240709120509043 1.18294030374761427
1.98803841941862824 3.5340775427706963 1.14396684781901814
1.84975265528375932 3.21224898085011468 1.17549527327775016
1.63260313607553087 2.84395160594488372 1.19058480183366378
1.56407708166211856 3.85974152971132378 1.14161671326464575
1.48980673267945862 4.25026183008186642 1.21107441289729612
1.40501279639780807 2.74008811054365964 1.18434682186343698
1.33123861621004291 4.45295025426862701 1.18264866671255642
1.3695611772512537 4.57726454058233667 1.15122724633936802
0.89642952014177291 4.7216242997074156 1.20425570257023917
0.40124193800208469 4.0606144704443885 1.16462553959203019
0.44868652976460766 4.68038829104741883 1.10682449881002043
0.24046483587658324 -4.58444674708285405 1.15882564192609316
-0.37658500985058607 -3.99573387750067255 1.14258953950740971
-0.43559031751462624 4.04866425596036272 1.12361452191929034
-0.68079813261477307 4.83126788350749958 1.11646764938360565
-0.55205986838022081 -4.87900343890832122 1.04291204990581354
-0.83857747955944484 4.80653338106299266 1.11852325337633229
-0.97139721510738331 -4.72699430891884376 0.9930136897978703
-1.0087337334284816 -4.01497410136223465 1.0907203485959962
-1.68490022132185446 4.67723936827974729 1.13311331272262628
-2.01343020388910254 3.20637318777601932 1.14840704255102599
-2.10759291708386431 4.3246503923530053 1.1794921032042287
-2.22034470853138899 4.230442282669582 1.1622634074917646
-2.66531190649403937 3.25199544539685137 1.19028220505661153
-2.72804734529982706 3.34626069182127051 1.09334368374699853
2.09838736008516769 3.31972808642204331 1.07313348530489883
1.86755947820372215 3.01439820406262537 1.16279398484041518
1.810408496675042 3.18854143521206357 1.1862091279593836
1.7029619530043949 2.88528774635582863 1.17882996075650759
1.68047145947904153 3.72948147841215238 1.17839895503466296
1.67811356073190998 3.67376385042233311 1.17648943293825003
1.51735009732450266 2.79570249528096548 1.15669603353898354
1.115524743172841 4.74285158376636851 1.1157300940470356
1.09532525998297769 3.58477032923900829 1.12688651304419452
0.92593663522358094 4.82080539709589129 1.14376208739376728
0.78326558572591665 3.70709402384478892 1.11176293554557581
0.63414064872217213 4.75502035929642375 1.1396456596461364
0.51636112635045384 3.91864252725663231 1.18462084113504518
0.10269342201477945 4.09840363483587033 1.10328468516189004
-1.12334874876316237 -4.02869400335446937 1.11532326329899889
-1.37810824709067981 4.68046886855805599 1.17838151215000075
-1.69111805348637434 2.68969575677328621 1.01322972950327639
-2.56267699801599003 3.65337548400444279 1.17673553981087564
1.97534962392633529 3.14037686537038896 1.10133069752907664
1.82785378504214213 2.89440625100079707 1.10983902537780543
1.48558077036302949 4.07579924287160633 1.18909923754648417
1.46033624407956442 4.29141038780030648 1.16009023759721086
1.42386853305194805 4.38632541824196842 1.1700233970959073
1.2387544202788896 3.45969040400441807 1.1207058704148245
0.86415493912718988 4.82412224162665737 1.15314637085206639
0.49335528783489152 3.18267015449969959 1.03151337216792061
0.40083852730963238 -4.07310288374710439 1.12605839098068117
0.34869733788961665 -4.47331331478132732 1.16357396158063509
0.03668426064105808 3.1597737810513582 1.12000180535027116
-1.16585524721432932 -4.49243712378897975 0.89031704635948783
-1.19188597164087184 -4.07190751139949469 1.10632119311590982
-1.20454577041623323 -4.15325364751164638 0.9493597808536659
-1.87946522127832893 3.19302597974970803 1.07964463618981399
-1.9682260625908321 4.55734613375950293 1.10513934543164072
-2.05613736777966594 4.35708231874438923 1.13462957333445158
-2.16559475808506186 4.30195474847726533 1.12157753383290171
-2.2777894416888862 4.1212361774358941 1.15175485709117664
-2.44843185046875877 2.78565162437112868 1.10476780824639342
-2.55444079469786667 2.97038261989562535 1.14601765389766008
-2.64561716269710834 3.68604939684803767 1.11603432995315988
1.6227353916889975 2.86766302775752679 1.14117467409389794
1.48128443047850578 3.87268575675813498 1.15168143420203495
1.45601736494028411 3.95272051160333016 1.1654385059751684
1.42746735625238297 3.86435932251602265 1.14782435726639154
1.4832342334908124 4.48609540200077817 1.08289476364375004
1.3495045140104569 3.38091474324900343 1.05512858422205746
0.38297291825979929 -4.42164540421431518 1.13568834427051035
-0.04992812520820317 -4.82065013453328994 1.10543046766633379
-0.35916093623975531 2.94009571278698978 1.16373122418312525
-0.78130781916658376 4.02651080232909653 1.02554982772435821
-0.94864337765484597 3.17787240500203083 1.05346596305343509
-1.09562250587998644 4.20856867376572197 1.07407736968519285
-1.46721153021631934 3.18490989327990448 1.04899634867688252
-2.02389625444680998 3.54122885570956747 1.11186570856579525
-2.06836624023137716 3.43659714350570589 1.11828336243605153
-2.08135791623685051 3.31325375485181084 1.10852023374499487
-2.28308609457940159 4.0819880911733728 1.11486461137646353
-2.49719976108503072 2.88238045027025169 1.11968464417254054
-2.60728624132535591 3.06050112186822787 1.13161753463082948
-2.60294630423522122 3.18135151650054082 1.1460473688998194
2.09741634167898239 3.26290863623471417 1.03600391224762967
2.04316421777817814 3.09617372482522724 1.0569692351178217
1.84938717312239209 3.74337327094565175 1.06146921700389441
1.77521623522694139 3.76262813840137289 1.08474669622332209
1.58855454085951209 2.83095460719399128 1.12857226281785228
1.49640791511997118 4.09205410486235177 1.17056660223122
1.62262409761987314 2.8008582956759418 1.06343778154334156
1.28820072658861307 2.71039735200923859 1.04682245274385388
1.27928287868992285 3.22887596097084817 1.08004014888682676
1.20553169942608562 3.54853341087346985 1.09036667042119828
1.16763822748272661 3.20114399813038553 0.99694045368231532
0.99912440685498138 4.74470334743288369 1.09849221853533563
0.72931490748695238 2.66547077588245118 1.07135113484127475
0.65432287970598835 3.80442189239874695 1.11774169233991261
0.27294266472173123 -4.6026731095278004 1.1193268598145103
0.30768780151464725 4.20053414675250902 1.11165684649712659
0.26154461170764109 4.20273319759824737 1.14775039759551145
0.08980939571082713 4.91308249624002435 1.00431139004228087
-0.11182139453456047 2.93653839954821905 1.1353835545266866
-0.61581948841062006 2.65244117626118525 1.12838245090613332
-0.91777635472955588 2.6680090612965186 1.05854389669718674
-1.09562626352735037 -4.60210915939021614 0.98406441641218723
-1.19869208449321096 4.21287154592295643 1.00887713073339946
-1.30496872176541512 4.63691688649108613 1.07622238555854599
-1.90293504232252664 3.74989234863528598 1.04057235539351067
-2.00591277812887991 2.69995846701940589 1.0435249770611752
-2.13314344894352503 4.4022984267553209 1.06408181535123769
-2.1182079701255323 4.36832049424058599 1.09328332817989304
-2.50810919371012719 2.94909926654939047 1.11585778381416567
-2.60785424835498247 3.74029718191868721 1.13401720730548683
2.01520930452287672 3.62276435683451936 1.07124951133237678
1.93563850147419636 3.20271755613411102 1.09210247772593361
1.82567562108302428 2.86338645750064069 1.06024784690364826
1.50774065996167383 3.98317914743344037 1.13127486964886681
1.52669441339032752 4.09479099138251712 1.14019958378997943
1.5250626343081537 4.20539643959598131 1.11953742018554947
1.48279878418069555 4.30683962192509107 1.11822168911753961
1.49278003754831645 2.75560471880044355 1.07095879130891403
1.39085837537046997 4.42312887232258056 1.12551203952784395
1.49447532601771726 4.42789629789420935 1.06481088931927603
1.41000375991038451 4.62855480135971487 1.02866531306564735
1.27398620228971149 4.69443325290267666 1.08124425995069906
0.78600330748501168 4.8081834747857064 1.058266158842597
0.57875368215719381 3.87096936782979206 1.08824570747232596
0.48060374844339671 4.00484115922601092 1.0841881413677148
0.20598479631322617 3.17826045480479324 1.04689077507473982
0.34444785862559779 -4.05079134677288621 1.0641710418418604
0.28166330625422065 4.20083128116028259 1.13440873691695154
0.23891168234165358 -4.02808993798360948 1.06081728096989569
0.1704709209529662 -4.6803900299493284 1.0659900364168986
0.08139509033879588 -4.75409684704694158 1.0438598993725825
0.07522917686002537 -4.03366439966878421 1.01010781730962873
-0.29573111911529215 2.68396210742633379 1.13154530627745786
-0.2189172409055182 2.66346017621158326 1.13134590762765663
-0.53245882153100232 2.68830596567804836 1.12426248446335575
-0.73060339170274369 2.93650545915026484 1.11202774787643954
-0.91031556068176533 4.06912592513705729 0.99600708666826254
-2.59599763746709389 3.88099334194508216 1.03623573577402284
-2.65640731006145003 3.12123339564377966 1.10536108494350893
2.16144175012724515 3.53350624910259992 1.0052268346279698
2.0870504038714599 3.01465020397148464 0.99054534117103199
1.79434967025116654 3.7303742539408109 1.05842140091708847
1.66822257979731159 3.89702022824728989 1.02713252195214944
1.44839695231174548 3.85537963892872027 1.07987897937754251
1.36285614502514418 3.23934534451486611 1.05132758575689689
0.96105711532897797 4.84108690715682499 1.04787464537479469
0.92669591083373204 3.64520930721058445 1.06290106060080425
0.74575066579470195 3.76628927518592471 1.10241532975163103
0.67300793465054243 3.83401622732706615 1.10758712590487707
0.53970613839597936 3.92975380864493262 1.0391779491249522
0.53149588017031091 4.70730157394878734 1.0273526865234579
0.32242763308526678 -4.57631976548050545 1.07509049177611771
0.36865728837318279 4.19039977235513916 1.05041243333289169
0.31937676184570435 4.81056277366470653 1.00474735829159134
0.28913425305492246 4.20035641334311372 1.12407193728954891
-0.00062245339773235 2.67653734877586258 1.0879570058618302
-0.10128697492518159 -4.87478002254339859 0.95413701176316967
-0.09189095604087401 2.69963185392372385 1.10366084810809828
-0.230353459817386 -4.90068989096928398 0.94376588883235968
-0.67760299733513751 2.69402512486135093 1.09737364240991919
-0.64943449239881168 -4.03241533059362656 1.0091167558937526
-1.19940374242040781 4.72003239361871607 1.02390136965039402
-1.83501446409131197 4.64264618004038798 1.07157644597169655
-2.15682458005440347 4.29195560548262911 1.06663758391923946
-2.57644393523336346 2.87579083369069277 0.99566460018656477
-2.59506069420353525 3.08778653925029101 1.08879220905137042
-2.72090280623089287 3.19436419963635787 1.04611898127940606
1.54654945522118603 3.89300681971630658 1.05864799924154429
1.53745084116752628 4.23410723359484109 1.04880943881415511
1.44973726261472913 4.38450852756527709 1.06303649188216709
1.33342858118558771 3.52751296104296985 1.01700583179975212
0.83162527026282596 3.70749674697111598 1.0757429091842261
0.60100633000952441 3.91987323077098448 1.07411424046104664
0.41838666873789532 -4.3270775165087203 0.90377802720272071
0.33050185708961205 4.18706403378344216 1.07288472659876666
0.05093895770700529 -4.80026872725460141 1.00488389343086437
0.0557702643568987 2.73210953281476376 1.06061816473148962
-0.26726246262581566 3.90876451591913421 0.94769237620914271
-0.80814477349135605 2.69363797154106255 1.06166487212261584
-1.50773310338655264 4.68198207160618729 1.07236314347893069
-1.66153633143985302 4.68431193099375243 1.06808103462923976
-1.71787095734107953 3.90185291062722017 1.03792331885655686
-2.20095086316700383 3.39642973211654509 0.95849836433763702
-2.2628579190044098 4.19542803174436063 1.0743982242287915
-2.57183106541323259 3.02151678259807577 1.04676931081063485
-2.60847742817193451 3.71628181454886564 1.07536884364306795
1.85491907579816306 3.85751166041496552 0.95651342172824572
1.80500824290996142 2.86072591446130575 0.98796004371771806
1.55553087052908001 4.10530616079886368 1.00899945343788122
1.16915379335792236 2.72032454501962873 0.93703256643989308
1.05011824229580286 3.61770396079417189 1.0134768184662688
1.05184580270155426 4.82297087761339061 1.01055353098936207
0.68264692541362615 3.80893519494824107 1.02182405693231249
0.59153636683316724 4.73572055456794416 1.00048365270011286
0.24518860516981777 -4.66943256977573284 1.0339139811882867
0.36397424993070965 2.698436605808884 0.96307326763538692
-0.27232018678863418 -4.05500624461974724 0.9174112171299329
-0.78483874762771011 4.91060819436460072 1.00716044130603355
-1.55475961231363513 4.04145006354495262 1.0082164447969284
-2.0848658744713946 3.61517477852091673 0.97735311800831526
-2.06649558090151864 3.23970053201557651 0.86110614611406833
-2.16046906235101721 3.52298749863952088 0.95814277551346749
-2.27990326905730356 4.16904889044618798 1.01796605034149223
-2.34101592992893881 4.14520234470143034 1.04927560412590792
-2.63925852072590761 3.78481731732742244 1.03906510061359691
2.08616954426844758 3.13753563476304764 1.01896754873984041
2.06452050712490109 3.21405061552122717 0.99535708287593994
1.49787421690156064 3.9149039984610341 1.03194443369095357
1.51268340360826947 4.52775527870700145 1.01829128051226059
1.44663746325262221 3.46563119548407439 0.96625471302282206
1.2240935327861262 3.57997651749029044 1.0285171945413718
1.07846132761739333 4.74824029871235354 1.00592341633271087
0.92661054522928632 3.66579159312769809 1.03729593936756048
0.77224424797123992 3.74166335626984381 0.94545765073465204
0.39185144956475876 -4.46721253243439165 0.92415598740813187
0.19691558123059461 2.75860496656192034 1.00351373920569742
-0.08398985962997713 4.94549833382372395 0.95491448235895449
-0.55120466968123727 4.9572665400825997 0.93549523783524369
-0.7014800902265711 -4.8802852555478502 0.91185754103674133
-0.96590022455166724 2.75654658191148716 0.99525955793044707
-0.94415585268424962 4.83564021574375147 1.01634766642491159
-1.41788373349439656 4.0875680273101338 1.04741744842310736
-1.50904864344973166 4.64827850671632703 1.0078329912236641
-1.66907487655855657 4.67107971544613676 0.98880498032149156
-1.85726030781287132 4.64058649937768219 0.9865924832812335
-2.00266218036546295 4.5605431794943625 0.97929983345957661
-2.20415214499161394 3.25766084696239178 0.92557452966323783
-2.26534867209274449 2.7581660418811782 0.90676703354268873
-2.43756177555519704 4.09425869881135096 1.01992818677373331
-2.49750786726109819 2.78902200935727373 0.96835073542230987
-2.63313093933868947 3.01648427386985762 1.02472973222686425
-2.69155308056704401 3.73319468876111848 1.01747513869882722
-2.78342576684208431 3.30888165508726306 0.98018505409389967
2.16098648191680676 3.41952358174621551 1.02283361219932467
2.14463623829606398 3.32574525783420594 1.02406745867387405
2.11968629154569443 3.61843992180622909 0.98387809250951541
2.01108882807444544 3.69978581242295013 0.99035944327677328
1.90778248249125371 3.76479618187715115 0.9886714476514451
1.60776960581512629 4.39830028473817158 0.99261699006386317
1.52645698356253634 4.35526373898186403 1.02053753567436867
1.24350686146804157 4.74086633990576534 0.94915791709283504
0.59811287925184664 3.91241862335716073 1.00729013093324027
0.56303207597242788 3.98897204911450087 0.99694532143364445
0.3819807605893073 -4.10889756143951601 0.89890903025918711
0.17996656333492286 2.70175718383604746 1.01840772639608379
-0.45524283168739632 3.9032326183138899 0.94256112260474123
-1.18586059705196711 3.21445087273654906 0.89144329981607962
-1.20549172263717974 -4.32576030020889757 0.78586037429437272
-1.19057219414643645 -4.15091741111739321 0.79101649203153412
-1.45770066149960109 4.63486985771592064 0.96650440709090735
-1.43391707324543338 2.72872185082798735 0.8497369244785582
-2.25587064828740536 4.26914256909178125 1.02113331829566034
-2.58711318073686547 3.9711321990802384 0.95303027654032146
-2.64266714691460169 2.9366763719407909 0.92153472231983469
-2.62583208838364834 3.75651173387675552 0.99926488094307464
-2.75171923422161813 3.61799539291125472 0.97051867632423483
2.07634834742783525 2.92186869780099601 0.93221563471428137
2.01513525933031268 2.88395791216092512 0.93084573654675373
1.848386872372759 3.80913627681337541 0.98996000339543422
1.63063615390698646 3.93230427865056908 0.99196438696347355
1.5333568968815785 3.98783553900739562 0.95404854393271699
1.51951500995072042 4.28612657092249272 0.96657903305667658
1.48836385017645756 3.89593403983615927 0.94627167004935964
1.38074445251677336 4.69466405294831723 0.89028091619991068
1.39957733931251904 3.23433845869459713 0.84171109172837844
1.03552469412381987 3.64695556943672727 0.99029041291552233
0.52402565519856037 3.96803214668681647 0.98824349988020921
0.34545719195917307 2.71517716401038589 0.94158863077558108
0.14796989935578927 -4.7430660923375827 0.94519427694276326
-1.0105944503914186 2.71067106650828116 0.98009470629879814
-0.87109426709910154 -4.82648865309268515 0.85836616029827684
-1.08345238630918161 3.1972578703594916 0.96942345909432448
-1.18351639853893054 2.72212310096161803 0.8838820290963425
-1.09729481780679672 -4.09647813794077553 0.80784321700604034
-1.15148653031861681 -4.10257923084905141 0.86165381319824719
-2.27672927509612055 4.29421693966536377 0.98007173731110431
-2.32559748047415038 4.1590149279542592 1.00986082558795531
-2.56231941624577786 2.82926606652591328 0.94284782486022034
1.85944917579231861 3.77664828976290456 0.95482060477927322
1.71021000677058099 2.80604156866792476 0.92701469949488646
1.63917741444196263 4.24624297241066895 0.94734575085752692
1.55057214033369473 3.91468220579487181 0.98449468429991249
1.66985271994322493 4.39239187116279961 0.93255567104123582
1.4513220021659492 2.76271200112992643 0.85373092373495996
1.47504909576881693 3.25794976883358078 0.94067246265393567
1.45068166199445381 3.57739247707834629 0.89317797911412822
0.91505781651469276 3.68109210602552306 0.90670361171549119
0.41550722669463919 -4.16081873464309915 0.86752711835114915
0.3508814719138188 -4.5927073241566152 0.83261857655272609
0.01891504684465923 -4.84642933510442564 0.89487722383204515
-2.41908110865547599 4.16877983188480616 0.96596760428867723
-2.42537857765746834 4.10146505470776113 0.97453719034382358
-2.69835995792992023 3.01363784551480052 0.91338141491079627
2.21944279393898736 3.30096478395431925 0.97294850005306621
2.26489182858990423 3.39182453687284724 0.96032622262495826
2.20786593632576711 3.4032665679018943 0.99019995354851797
2.18597309888157509 3.26386075412355892 0.97632530322082056
2.15375461576779781 3.34551092686440477 0.98204046268864931
2.16789012630992017 3.50945811786475792 0.96401624194445845
2.09504034199892919 3.23494479201145735 0.95706331800545696
2.10421155756888911 3.13580827971337373 0.97318551486645921
1.83714366824847541 3.93056489734619685 0.89963663040385922
1.59782897070117702 3.2731060225788231 0.88329539071476204
1.15923972883618065 3.61878049211186781 0.96412432562529715
1.15656881953656065 4.74125185612521527 0.90255152138933925
1.15031986954417453 3.65483307221482256 0.95141060402707522
1.09766287707131638 4.83032628559824939 0.92989368231157421
1.01844524973291306 4.83762588163318252 0.91238451858689462
0.8467823626532136 4.80902096974382065 0.8968165160532352
0.61215682855847919 4.7273771141046641 0.91887353062855803
0.45196058226548935 4.14129893335761867 0.92197685178504518
0.35452143370216371 3.19714788326406119 0.95423918773563898
0.32576713129629098 2.75343183414536163 0.93216259597076323
-0.03191526862427663 3.82592847948198012 0.80031780407971342
-0.35474132311614121 4.99908465750568087 0.87233976168162763
-0.5116878669694418 -4.92359930968459913 0.84425665507892655
-1.00373077930467169 -4.08659862260446971 0.79331144646157525
-1.1209975942117687 2.80136420959158006 0.89958990706158437
-1.17712455217114864 4.11959824094329985 0.88735554685347928
-1.30399151527470525 4.19930294083886135 0.88996428585336607
-1.45804416340334408 4.15182203893336155 0.88890048938658239
-1.70886738198450461 3.9993227955517483 0.90831710813324618
-2.6284359412950935 2.98901604543787291 0.95266961519791993
-2.62744399896479797 3.820936306464914 0.94560945637902583
-2.63030036891271335 3.87599297226768558 0.96465656588257775
-2.67093343251234971 3.73965055782672051 0.96320928914551796
2.25800688143851724 3.53135841165261732 0.94911045237752933
2.20837346073040219 3.52864215265253156 0.96805304478440901
2.20122100272173604 3.13305284269022222 0.95462215270429718
2.15016037373870583 3.02874322889754577 0.94457148302547445
2.14281265100687301 3.21450634924864431 0.95181702237034649
2.10394118281091647 3.0294920196174111 0.93686998240483277
2.04705489860963175 3.67364026931537868 0.94892178000466587
1.96019272014136381 3.73842315199606601 0.95592581107961683
1.8423139827267403 2.84060216063040727 0.91825049397237013
1.70237088046323626 4.03168194654229595 0.85426338604314367
1.70133260020699462 4.32075052327385567 0.94704752615057053
1.43226162619504094 3.61447800375029882 0.85730050756397225
1.24308166967068501 3.62349490005782071 0.91945184220258647
0.83951197710016567 2.74159604380118349 0.80486110256808607
0.6398463673556577 3.87281330169774529 0.90722261496856793
0.48902896640488513 3.2186417018355491 0.84409547072425495
0.44890162960147867 4.0910827111558854 0.84804301834117179
-2.05842065990441858 4.52953151734293868 0.86308296536959184
-2.09076971205702833 3.70602012800842662 0.86075769632519183
-2.23209291907617002 4.38538139743913469 0.90175260824407033
-2.52710564364191503 2.81207370742068363 0.80362201072751693
-2.49534450308253319 4.10862219542187468 0.94096958656316021
-2.51141732519681948 4.03271977377252799 0.93770401258187819
-2.71637990079012637 3.6515322746389276 0.93834259436377732
-2.83037175523954154 3.42117721763593785 0.88580668038036459
-2.78983316129040526 3.51792502270071461 0.93087197531353605
2.19858367917191355 3.60828456064760639 0.93134398823673425
2.21957272945004913 3.04535395955190946 0.91902627734945275
2.14265699805918564 3.59689213574273436 0.92255110700534382
2.16410253753383675 3.66511839925947269 0.92028478898862076
2.06990035812997775 3.71022991439993 0.94506023980219922
1.99026584604526291 3.78373736376401304 0.94763975708417647
1.93795545687781678 3.88257290086523943 0.90177542999985461
1.90824311808793756 3.8501287663931274 0.92446545257016433
1.86264933358758977 3.81466754087528725 0.92734549065606509
1.80035180922587545 3.9969252248256697 0.84937664469293961
1.80266834848151225 4.17141838594137759 0.91977200630755052
1.61772268945290287 4.50578420685677816 0.87281680563025865
1.54166441796591758 4.15820258441123869 0.87928589994214545
1.57254023835896772 3.55112725278596209 0.83749823210874308
1.09256712253034127 3.66887765237902963 0.86415945798862814
1.14679277783320055 4.811313750558738 0.88467729453584654
0.77102775663845746 3.23206760770586587 0.77934384756389197
0.71738116233472404 3.79992130157026464 0.87769458540258583
0.60207821157432573 3.95298685893124224 0.85998581623614723
0.55703066762517695 4.03596140933842218 0.89093071134805635
0.50540161534521422 3.98351068405968389 0.87577355243020627
0.3457643855889872 -4.1290605333789312 0.71891837678284487
0.30209869662323696 -4.6670202497078872 0.82386822328072606
0.24922835229511844 -4.70370660148868414 0.90419843146994616
0.19870300966690185 4.95362507004824337 0.82328923191585579
-1.06316145107067572 -4.69818808690917056 0.75342703033671166
-1.58690845773698763 4.09855401952293619 0.86592594981395687
-1.7796784409558879 4.64477710923701359 0.92548293138317028
-1.91288088097211184 4.60734637746656084 0.89999166706016787
-2.58670817051510493 4.02564441265954365 0.8929899305934087
-2.69802315123669034 3.83133801255196493 0.94058750285093107
-2.7207357363307989 3.75055783818408095 0.9495977418520487
-2.76938471735819824 3.05478087264504961 0.80970311700241704
-2.75340905343958386 3.55324373215709244 0.90142462899967202
2.39694338392320949 3.29462559277848932 0.82541412880821274
2.34709503770629269 3.15551388901205643 0.83772934738871963
2.20403697389968789 3.21549747653517848 0.90806727901822148
2.18557169100621573 2.94674777643113739 0.87672823099052111
2.03431729595731836 2.90419897150796347 0.85699075068768882
1.81426727315213765 4.27268419529528565 0.8897322131889096
1.49949014199619346 3.96630557588413302 0.84520089971415435
1.52797446649900248 4.06964003057254509 0.83615900892517603
1.50040922740173333 4.62451518169324594 0.84792646548156358
1.2212720956307499 3.67409989403009973 0.90850457612238922
1.13440173558485924 4.82485391318578838 0.83970492816536335
0.70513681433062136 4.74677161103539724 0.80507797635847667
0.21156298677406149 3.84996108040285101 0.66023697475264931
-1.45511546547752935 3.24005854572972352 0.75456752079766198
-1.83049077092819057 3.2528807459142417 0.72202396470199792
-1.69188866036904995 4.60309637445180098 0.88784964655992615
-1.99923982441369041 3.81634235014764123 0.82461836609063521
-2.30816786828029441 3.40359832956137742 0.78031499508037583
-2.36540907833831993 2.80407698889469348 0.73094718823643967
-2.43496589459298685 4.26082742715507479 0.78404420033197497
-2.57404863014127772 3.95967006947611022 0.89508294656848697
-2.5869540042396646 3.94472048868213232 0.87763244297356413
-2.66551376930865791 3.91977397628667701 0.89630069438160986
-2.77697812954723267 3.64999658374354752 0.91689363810592761
2.39104682534479895 3.58840853900651657 0.83746886949469734
2.43226630248085263 3.09401748373226537 0.77264275271789384
2.28279172813345665 3.68277708816206273 0.8441644239293794
2.12791453476958514 2.93015206968160991 0.88629856199753088
2.08106034907037962 2.92816537688914735 0.87173426014668087
1.89321834643676801 4.12541184847983988 0.90691174595783586
1.88952338401565512 4.20565159153697898 0.88990863887246696
1.8590302370694618 4.0674381062831646 0.89230161717205947
1.69995768089739929 3.43858595801894262 0.7953205457900433
1.23494272390951543 2.77046950164100547 0.70732082898935411
0.56681815968955196 2.75622925271429287 0.76182749385483595
0.48923313267288843 2.87480049437116758 0.81155219264895573
0.15392000600893826 -4.78267431703910795 0.81949522967064836
-0.80812233036790282 -4.08900154300217533 0.76512828777993291
-1.19993993272205302 2.76458465693234512 0.84116115186755092
-1.60978464581981973 4.57805319484197426 0.85542118880615892
-1.84057021699293277 4.5929611923588709 0.8638326963333981
-2.62505092666435491 2.84872742686820457 0.76422092085612758
-2.65824967913462329 2.89199646476520567 0.81669817106818088
-2.7043104533227087 3.01408403658513357 0.82491510997447515
-2.81589885911992344 3.70010614605205523 0.7984381445206199
-2.81998736808846751 3.55462475092248198 0.88140733598645582
2.52478437098316144 3.51861176054953129 0.75990154778549135
2.23311073413637207 3.76716426205650468 0.82426297623393296
1.96118814599656588 4.03798620529833929 0.86619301704162555
2.01120799534689398 2.87290562476627542 0.83324497568249711
1.85965610771757395 4.25619164918645509 0.87163975593392862
1.86337969701684991 3.91798610523223756 0.85285716301159753
1.82341743689348768 4.24314021764900584 0.88187211566370594
1.87429902081817379 2.83479809366063229 0.83406045679232976
1.64124213651204087 4.03521381391119505 0.84408337114289733
1.23603341626505259 3.69323637081222866 0.84820611545673896
1.32237235664742681 4.71700670359878682 0.77867275606109077
1.24637737389883041 3.23816543797776779 0.76404245051001896
0.48046460755564774 2.76250018424736421 0.81763992543003794
-0.47572215417801805 3.72710795536199413 0.72513021026629676
-1.12957502839935175 -4.59317751829796883 0.80402677480155438
-1.83402949024125017 4.0035663360887348 0.72455993297760668
-1.91184027112931787 2.76698696353927742 0.73873523606101887
-2.29787360197050594 3.49148327611944165 0.76695027412161132
-2.60593955804023469 4.05324170387142946 0.83394641860374152
-2.78852958183027866 3.45448253083603607 0.84860272955119276
-2.85007379679842021 3.30075970485583081 0.8046029082028664
2.41115471031863704 3.65966233650150619 0.78173805868585899
2.2197914652749664 3.68655737933649785 0.84552756506259086
1.90652566248092481 3.95906591191003443 0.82826690783930657
1.69647752812512875 4.49698568530206622 0.73382591366373273
1.2555055891427116 3.6734533306274284 0.82630664194578574
0.26356577156877803 -4.11719357076577719 0.67715079986027316
-0.24309029530101711 3.64743543023778871 0.62433264542107847
-0.28348649139417187 -4.95760980140883856 0.65210845405247231
-0.82005026004809212 5.00047215392057254 0.67936769868119573
-0.97650053700399542 3.91449363227549307 0.72665766474076821
-1.20567932381486731 -4.25163295184003776 0.66933553063835771
-1.39569339854359953 4.21070010031042585 0.77493658936835796
-2.20858906781742181 4.43936384835001796 0.77962214104356242
-2.27259323428491111 3.60501642409991518 0.7067211746371711
-2.85840668762637184 3.46535498949211673 0.83362625880823438
-2.83425696257373794 3.15723277589966456 0.74731436999301182
2.512109181362431 3.40025165813987051 0.76825911517768108
2.3296066826104207 3.22648336839049987 0.80154526641041812
2.13653668712698153 2.90468075921801105 0.84169999053146805
2.20402875051784619 3.87150770679314293 0.76901056488018704
2.10116286521890183 4.12768848005628008 0.79636687702097142
2.11776110336694323 4.18731630660844178 0.75226720353903664
1.85596949608076933 4.31464513269066785 0.82249859800059255
1.77446840403452533 4.40432794068862776 0.78097314666693773
1.22748185539442156 4.71793825060900218 0.80826452919026981
1.22464858129666188 3.72024745181506544 0.77672150763122561
0.81359218943940381 3.76015546600219652 0.80615797786750254
0.69442478456435897 3.87443392484235005 0.76857411550192345
0.51882902024883748 3.9930388728583357 0.76805256257452137
0.55670348227413868 3.23031288603425004 0.77333436523535504
-0.57168624730005124 5.00038881342576946 0.77826410938735946
-0.71730050214116192 -4.92954841114007714 0.62264492422424955
-0.64674248488649699 3.73520385857204573 0.69722431412926478
-0.9586469907697065 -4.79704880543812351 0.72002198467293721
-1.28341458001962638 2.88414617497993664 0.76395378623347765
-1.67354218169561264 4.60602381531772398 0.82246485822872417
-1.72138941659851286 4.04523780457260962 0.78137298013560952
-2.05433876400871762 4.51707090465688132 0.80187618495745661
-2.34366169574601368 4.3493935989808028 0.74746309551960266
-2.65832499856029614 3.99805230466683126 0.80521819711643516
2.2878015431483365 3.75801999781319074 0.76840777897428014
2.39278725417818494 2.95177213325589749 0.71962286076098481
2.09775025281090466 2.90223064226442817 0.8074417196503948
2.28799131309409276 4.02085471064348265 0.71485109888190768
2.20547371306911222 3.97562244679333299 0.75050184350573157
2.04972266603481046 3.9400771748471306 0.77748538497167574
1.79725315600478153 4.33667984980940524 0.78276560085640823
1.52067840329121196 2.7889355168840555 0.69554140626220495
1.22476660723411501 4.78222667053940853 0.77875673048356608
1.03156243501046485 3.70997045428709082 0.76567570625447279
1.08700563350585488 4.79699381539580383 0.69385990029064526
0.90256827877170376 3.75080325223494571 0.73970714767429413
0.92563964098293916 4.79326620506814116 0.75141095738504959
0.77403162730913189 4.7483391590463091 0.71842801237068699
0.59871780521280282 4.05651150055140786 0.75698016828400005
0.47403694535536872 4.0580819452588992 0.77623729536841568
0.22890085482166561 -4.74488501593097833 0.73523632556494245
-0.10173163069989802 -4.92803252919351209 0.70444484836609289
-1.2313937607843779 4.09755237262251182 0.78560712520212461
-1.19055857151798405 -4.45631826691816091 0.64201066098365245
-1.3081972559193864 3.23697411935522483 0.76940209692849648
-1.87327824149659472 4.61149106033433576 0.78792698521343896
-2.85720058022422441 3.74441597275483806 0.63342049413819335
-2.81751538756736286 3.3928606160608421 0.80814123731426946
-2.83365534951243658 3.43229341875272498 0.8044200685176206
1.79168953472278769 3.29151039072185814 0.73842214467548062
1.42452613747763279 4.67996790292131504 0.71795880685061064
0.64611190384543982 2.76955231423207637 0.69223990836456051
0.08942186148109187 4.9998417175809946 0.70236928932579024
0.04043767405477357 -4.89203844818699007 0.6449661726282212
-1.31843870225867632 2.75517248881922372 0.7560414688076621
-1.58218790699398171 4.15798256093082141 0.70444775650772706
-1.76387826176742735 4.62213843004602687 0.76379319580906679
-1.78571879124041333 4.0030634343952487 0.75746237806396666
-2.3128978854615827 3.28651708636024509 0.7489922617697522
-2.59283581938943852 4.02362142137420165 0.77801041635675017
-2.90506759994245378 3.5571063555330058 0.67011485599371112
2.48727256333022861 3.30866777996473127 0.73707414072736288
2.46517425654422118 3.13655039646195766 0.74351136143117724
2.45419423315384089 3.17429739773101183 0.74393425453076323
2.45673473641896978 3.0461438454714993 0.72941759179415311
2.3740815981026242 2.9316528539457658 0.69726209772993453
2.04461430323548843 4.2805653555425236 0.70712470778954151
1.55738891307542615 4.60557505751135832 0.69694845660992122
1.62723776333805903 3.64990190214576504 0.71243522329003262
0.39121231662451811 -4.17938920627025379 0.61507459924945795
-0.44770761680939858 -4.96890777785506543 0.58050480604347765
-1.43620696642296486 4.77734337955119059 0.69805426254966896
-1.99351353194219727 4.56299134636076786 0.74189939823274509
-2.58311166682525251 4.14451074018091248 0.71231462134042745
-2.61033122016790564 4.10673887304735885 0.67228741130883762
-2.64503447734142094 4.05834308969067781 0.7235299758913446
-2.75633086846890674 3.00608300699160358 0.67963100260488596
-2.83599311676986154 3.30761311693045945 0.76439435307054981
-2.87370659981264476 3.405348222088036 0.7920584836493898
2.4210269515368279 3.23676234306298749 0.71554893370879413
2.33801013811356295 3.78535574841285749 0.71518058256395434
2.26454362995468772 3.84179003903442284 0.73920160136603508
2.147810618120646 2.8799867652079767 0.69753346888329915
1.83818664996158598 4.38109850519031063 0.73232186604408789
1.81548577351183349 3.53565669153591111 0.67541991310423888
1.58311467478366752 3.25756288112334458 0.6814920120268162
1.23817216765570404 3.76190456173243692 0.7112786020252363
1.28187019106363831 4.75964742460826074 0.67716346375534009
0.78976405240391723 3.84639845016465509 0.69369390200080272
0.67687135496172457 3.96262309954497738 0.70076303820662611
0.59392495908149345 2.79714318340928303 0.70462909212735725
0.37850992465910405 3.92957286973519393 0.63375580764838635
0.41705882527423188 -4.21667757300344181 0.64835848686132436
-1.16118297132577664 -4.57130435210213992 0.52045381735539975
-2.57526083022348429 2.84523954376021893 0.61508956994270336
-2.74617191894757662 2.93629992243049642 0.55087849542549983
-2.75333521974426576 3.07304351086764482 0.73773815867034198
-2.87432071766281583 3.23686804686310969 0.69993140399782172
-2.85783881656082128 3.47403917886731906 0.71187262840794152
2.50176967928600691 3.68241478027420444 0.68312982433379876
2.29513309820757483 3.80018302231660687 0.68489553328361064
2.31207560454479832 4.08741819262744865 0.67590664247044852
2.2229032383851477 3.91379282219982372 0.70781766299571491
1.75589678251330472 3.60159859778936253 0.67622444766911349
1.28625674580607807 4.68788304758080887 0.71023952912848465
1.1953407524304045 4.78475311418328975 0.67100259611749502
0.896726768944759 3.26797433898340151 0.51475423255009745
0.70150627877913974 3.91312849149361863 0.71649195199609284
0.55789652893341413 3.99416089424464849 0.6633915439996052
0.32485518173597128 4.99913224309221249 0.61700660781709182
-0.19307481113413208 5.0000414310189587 0.59491964080152748
-0.82064480735313905 3.75298524480091622 0.60450823301605305
-0.99757764284955552 4.99987634573619033 0.63553757959318413
-1.15033843558008408 3.98752873204984981 0.67416155671311373
-1.39075811368643354 2.79070125482719167 0.65292488165241636
-1.77911876174952432 4.59636501681099663 0.58854105260400447
-2.19336380902025097 3.27757493750940032 0.64973437315915228
-2.11471069704900527 3.79811049765911291 0.67104783417542446
-2.76446135840176943 3.97389751648397116 0.54183715780576935
-2.92642206730665277 3.4680919335471514 0.66040968934317623
-2.89168403080714587 3.51265835631053225 0.70829482485264061
2.52093068357566574 3.36509244595758394 0.71635788442826487
2.54398983951552493 3.50453898379132944 0.70960158169479082
1.62911921201695553 2.80520418767152346 0.64833857334860334
1.75065815794412472 4.39860208371831085 0.67328909606539622
1.75460701168216926 4.4310803037903268 0.71265718371969378
1.45114938516843317 3.76154034185230746 0.64122495847678274
1.12319949238386152 3.78487436565306457 0.64925022670630272
0.66449814996217216 2.81849421077796425 0.61350382615350108
-0.03219771548725817 -4.14450028671963011 0.51131171434242528
-0.65640946705099334 -4.13028653594775008 0.57695463385184631
-1.15889929562842475 -4.16919518544065326 0.57740001410926667
-1.39810137315640781 3.25464956712582154 0.65318339628456501
-2.21183588108986307 4.42704601683374843 0.66584832726157039
-2.31056664327504935 4.38024150323343253 0.62129120077642142
-2.82432529818282241 3.2242172574240513 0.71903600606532259
2.63609377724600025 3.41917771547020477 0.68803673442340996
2.58356292097646456 3.4711205140754906 0.71926852665146512
2.54494395003751439 3.32979232287208227 0.70394685595835449
2.28381675834548936 3.95065535838035631 0.70402773413608954
1.95524804159589127 4.3577076234921428 0.64286690247519163
1.38096258616469281 4.67495277662862918 0.66109104478630099
1.01250970952804531 3.77539232785932866 0.66742496771892412
0.88658184131321305 4.74800119401515186 0.63852980419731242
0.7273557570197613 4.82804513931249257 0.61198059708872854
0.31591926825812355 -4.69624781477883957 0.4903969284755651
-1.12604392611505322 -4.64015150722033098 0.52788177916070456
-1.24906832717689253 4.9493313302861246 0.51740404019744879
-1.41522877434504291 2.84939109300927385 0.59940006370529852
-1.49007434622032919 2.79411078593975182 0.55899042061538384
-2.39215405737457099 4.33760449013193217 0.56337650730838373
-2.56224875352311887 4.10813114771702637 0.67033396491839548
-2.68661042193454724 2.88671756490162723 0.5038327568816825
-2.78458522850717838 3.13846580192540747 0.69323087344698864
2.65754842006081748 3.52066496704156018 0.67436986069629734
2.58688156089595811 3.58717299412683266 0.68729758582626854
2.49844176486433822 3.26709147102266195 0.66764920052204979
2.52767412040700412 3.66160202752408015 0.63331014162184496
2.44365734550267977 3.24490273677695606 0.66981170282625913
2.43308531407802953 2.97335131169924916 0.67534373969349237
2.46706511350116298 3.07440254884511033 0.67888330233668193
2.35540315485187701 3.87792307033321437 0.6848864670270618
2.34220156353036213 4.04214258768865164 0.66691538275260198
2.34533266777322247 2.93463544347822491 0.64109186029714693
2.28548559715635458 3.84492232333677109 0.67923610144981039
2.30782975248471045 3.93236841046400976 0.66577489246786836
1.98588449160798231 2.84808251152804726 0.53791349946924272
2.00763900033075826 3.43813239792687675 0.56127895400594463
1.80695965287151239 4.40423053216484028 0.66665351189352828
1.70352785256948369 4.44307660674666849 0.66872839399324224
1.65004858500866258 4.52088875768035603 0.68055916230379321
1.57297757420046125 3.76427451833058591 0.5847721547123359
0.64890398898753299 3.24986179100340955 0.65266511148974193
0.69719071915163 4.06456047776628893 0.63022933909651135
0.55106567250367477 4.04553977596198866 0.62385244317363697
-1.05367199004088619 3.86555261695219432 0.55921583473971259
-1.85706723293031595 4.60435108433440465 0.59804922533599392
-2.05475771346634684 4.54089183632881532 0.50818967687922845
-2.0796035045198078 2.81774484645271528 0.51141991778875551
-2.38481353652546035 3.30985689256058535 0.59439796513316023
-2.54613649148538679 4.20532639579463652 0.63048668102764382
-2.80479316245337262 3.14161427843173824 0.6595643834303011
-2.93368285256483841 3.29155294696011902 0.57327597008594544
2.67428248254533418 3.36763683347895793 0.62801449152465993
2.62164140039156335 3.31680752131054746 0.62873768947100483
2.52386755936739471 3.12466596277148012 0.68600531532579034
2.51333641456346202 3.1829466252952674 0.68276028898438124
2.52498038124459434 3.03949827051841881 0.65621581857937861
2.5009688363023268 3.24661415485212501 0.65211518229772292
2.37827323365924581 3.96158259260134926 0.6674582359400546
2.27946346594204918 2.89085263286417371 0.56782537834222158
1.97948306817228636 3.31079046355998052 0.5953389202663798
1.21334435871334101 3.7838778850126884 0.64337283024109393
1.32044675402603162 4.72559598604084563 0.55002313943596404
0.89795080982170905 3.85794914623374652 0.61475447127721727
0.67715644019826082 2.86774040512579997 0.58835921003211789
0.56997575613491291 4.94614554059436351 0.50750148720542199
0.36319110318205949 -4.61890386432077893 0.45846993226967636
0.20470727117664328 -4.80327058362120951 0.56296103393301444
0.2325574945777395 -4.16136317397816224 0.43474788368969952
-0.83082313324298807 -4.90521146228132388 0.50759565202878865
-1.00290557453608531 -4.79054423251721673 0.49225202987859773
-1.79809182468424766 4.05742092879611338 0.586842948038654
-2.88418503346531141 3.54167468341687508 0.56741213120726652
2.78854364829985668 3.63044248687678817 0.54527396573275289
2.65781452111880467 3.65832119520828813 0.60336261437844363
2.56790295588232942 3.66208180301889863 0.63169099693652442
2.70578224344646134 3.18023471883336795 0.52345319468312779
2.47194425120785111 2.97930492429003735 0.63537038652512901
2.38695054736410661 3.76724497992023011 0.64496655516424839
2.50376637149389047 3.7559299132993873 0.62052579783433426
2.4139166051135641 2.97348408012059817 0.62077608605948342
2.40285628755432512 4.02724020186161269 0.62309408151431411
1.73444731134103347 4.47997280919993379 0.63542211181739627
1.55111884142926582 4.54718161055724579 0.62253835832340176
1.45811670111556535 4.6364713569564211 0.63142223761319471
1.38730106743915549 3.7763883100511042 0.60840022652122239
1.33365926281982206 4.64451306354011351 0.62277638902222265
1.38346910244837362 3.27206191052948281 0.50556027245621282
1.020891189775466 4.73832993855605977 0.55455618230181747
0.95891971023914158 4.71366536277986814 0.54071234693361636
0.82793496946692136 3.95352698749827125 0.57959354562610654
0.7763878434206255 2.80076709422934966 0.51181635591044294
0.40162969570669527 -4.51250364130662351 0.44875688004852898
-0.04202026336131616 -4.94680963942007423 0.47102198795272399
-0.3009529779184234 -4.14286084760990381 0.53791208773995614
-1.11067728827874324 -4.17019218471740061 0.45739123823853739
-1.58620387343853197 4.2052114256243831 0.48046835193509158
-2.39944727962289406 3.51207548443063322 0.54816017112552773
-2.86229257520990732 3.12564360150332377 0.58942079899353994
-2.89820306325026955 3.19187090262603457 0.58432247579482977
2.76577261427913701 3.53348962599149896 0.58418025085390368
2.52444418175082985 2.96007517832028322 0.60199544545305383
2.58312360657686391 3.91165468242771741 0.57594038314121132
2.51786336857944715 4.00864371874902847 0.58609088280369326
2.37287848010451441 4.0416321899897012 0.59913584965166622
2.36415600364708478 4.18403692134431804 0.51077810985506666
2.0155781632044838 3.52117264138875763 0.53067371687529097
1.80143531092490727 4.45400134533848036 0.59305511236357933
1.88951889753959823 3.68168565887940291 0.51514215257518536
1.66865169253176138 4.52178970092546439 0.60971604337883079
1.83298315311793925 3.73370595981656539 0.48809677086246867
1.24602526173640116 2.80331841246644542 0.52303006207837766
1.14459766022740017 3.82739696163357568 0.61290145892907233
0.98998298925219541 3.8853777078367755 0.56346201862297463
0.76305025228716239 4.02167296254365958 0.58775643482787809
-0.15108478719416335 3.52869469302810046 0.46059697981869885
-0.56112071906704641 -4.97280146537587608 0.48461476884031052
-0.96314722410041032 -4.15740859305161514 0.4400243734067153
-1.46934421737272802 4.10315079586587839 0.44647974720758477
-1.45905190188249279 3.26867446543865192 0.5539864230049707
-1.42700042836211471 4.91347041181775168 0.4358712092655973
-1.78094762345695634 2.80725500136331574 0.4954762154114859
-1.84252017452200678 4.0670454478976934 0.57429531870552564
-2.28467596470148848 4.38126771405001758 0.58045448104160136
-2.42562603610887173 3.43783680130138602 0.51087846438749973
-2.63484264753481767 4.11319719767635306 0.59954837093183133
2.76005317368982128 3.43696845254589523 0.57192546077756956
2.54547515024522664 3.67020255999390965 0.59801443224425832
2.47661629785077464 2.93438766253038441 0.57665747364775133
2.47551046072795788 4.06545947022306198 0.57187949598865817
2.39668301592231447 4.14119651217597884 0.51909501577491746
2.21711905612654503 4.25684766667742309 0.5530266770925516
2.00064724333036192 3.62247855359062809 0.49048032676202996
1.89914856218722949 3.29162917596712079 0.45875428306841537
1.84104076479112688 4.38720299262667357 0.57827562673654676
1.72942447799181864 3.27627047696589946 0.5208066835389038
1.36672596876466401 4.61217409194482819 0.58916434802423456
1.33774304916317588 4.71302786627638337 0.57568104331169545
1.14434318339787056 3.83271318792589799 0.58369506912921654
0.70936137416569323 3.26198181933679177 0.55611948940970002
0.646033999946521 3.99529973501423452 0.54408482653203516
-1.66744346720871306 4.16915954792322818 0.49370108078633357
-1.73073141952466014 3.27977324076290699 0.47178636987156092
-1.67422627248998901 4.69591442694189709 0.53615250515200374
-2.34994624976438837 3.63657221567600653 0.49712486423211744
-2.50646580946625219 4.24607928832991188 0.5893987762945827
-2.50552825037319549 4.19397826577294985 0.55874884388070645
-2.91597830598147434 3.59483729032021238 0.53502491367479155
2.69727646452366576 3.09979338512650759 0.52350978259383107
2.66941175732579339 3.03251511541577923 0.51879538284538962
2.65648552147307893 3.28440910509235096 0.52207644332363812
2.61612515715599514 3.76069469210178653 0.55987277559336213
2.56546151253989541 3.84161433148941134 0.5773266203438906
2.65952253550584139 3.9322964431973686 0.52905163367176877
2.13336243972718753 4.31518945598844006 0.49079552600849818
1.45050514472025704 4.62382557234287361 0.55183985395802482
1.55862562670155369 3.76785827212161628 0.54302254465325384
1.32347377376520225 4.64582328685490609 0.54333065053211038
1.34856968413430955 3.84162557510905023 0.52598475482183549
1.11226527336903369 3.87502309544957058 0.57070858376349498
0.78720083602678781 4.08161544755256767 0.55374136356232617
-0.91257420840955061 -4.86224421229330339 0.46212586166852276
-1.19362439785998897 -4.22433170898543064 0.42429742528758263
-1.4788239115918933 2.82900097781928084 0.50642849583051519
-1.95124253293850303 4.58395091766929319 0.52068774208004376
-2.20592734992075235 3.81273673361454701 0.43343136749745076
-2.80965873661254495 3.88636305801173654 0.53708002328335935
-2.94827167212062058 3.52618711379135608 0.52335429350116269
-2.91174803263043058 3.64814898891339512 0.52384545617621125
2.66748947432856998 3.2633739833753781 0.50116159482175071
2.67662750748005873 3.66532032802526153 0.54127444810267611
2.57716519669602384 3.80927253868892457 0.56600386138588021
2.44843399172800158 2.93398510596129247 0.53391977384442102
2.46349928601467338 4.11530178445602424 0.51395304354431925
1.983181568673833 4.36107704929979789 0.52130838308733107
1.87221605032131921 4.45220831160146435 0.45887663311505816
1.76239401440394494 2.82888868770711444 0.5064264804082137
1.4945347480372817 2.81779962572278775 0.45468989522673231
1.18540257088108825 4.72248320030761448 0.49574251311203765
0.75017568162455495 2.83399347686198988 0.48398983240165172
0.73846430678868535 2.88033772886906547 0.48081856030026449
0.42406452447650927 -4.35643065937587082 0.38122502815986115
0.41699290265131866 -4.2631098164694583 0.36532447977451804
0.11074428805839749 3.66729414693159805 0.43610022162063694
-0.52042028316062883 3.44814423769659495 0.37611275798021382
-0.46439435413379959 4.99998285517551544 0.34103615208755678
-0.65937481020625233 3.58887457046345304 0.48091333435219485
-0.70545670597043519 -4.95339015358468515 0.45124180792626645
-0.94929397287842887 3.72615696246161487 0.41779411776107778
-1.06601981184731298 -4.72573846840319245 0.46186651821949781
-1.20219886806843879 -4.43733554981571032 0.22197624269940347
-1.50514421736006732 2.86802693927508612 0.43781371083737425
-1.85499727126324299 4.58360395176369373 0.35747377623401777
-2.0116194334769788 3.28752599066793882 0.47893843577789796
-2.28947890765461937 3.30612265882362122 0.41780159721112475
-2.66763910885711386 4.08270912446866063 0.55005382828459404
-2.82351302033794083 3.07886930824459171 0.50346075519929401
-2.87182262811094091 3.09368432366419288 0.49388151656823637
2.77732803680646478 3.34242362095732304 0.46151519552470788
2.70019642292927831 3.94389956610472936 0.51092670800494544
2.63423424039501519 2.96379931817815123 0.49089046642143308
1.92991778635766864 4.41326718322279721 0.45364494056406351
1.70007477604229984 4.53428909072555086 0.47004274017130415
1.10572807711749999 3.91407239012597286 0.51846465906714867
1.05470089701881942 3.93653389065399084 0.52676066414897627
0.85645338709798235 4.05072611121417747 0.53255245874494128
0.53831341800473775 3.9079388229823584 0.35738819442837466
0.39873102941926186 -4.22149490650045944 0.36429141264782905
0.34048720693100942 -4.18858725641799179 0.3779566021860109
0.40946411738336691 5.0006021935616447 0.39419567344657541
-0.20495870588656129 -4.9754993023754075 0.46255994896560948
-2.29623201665210397 4.40583610878565501 0.45056452131654801
-2.33952860603145041 4.33005528350942903 0.51124584645403925
-2.39050402086988045 4.32037119550619941 0.53225468052201919
-2.53696530822263489 2.87559113227954866 0.32325120381098615
-2.53332588725688845 4.17078474145274392 0.54418768346864921
-2.62571029277492762 4.08426067065332887 0.51210406028317923
-2.87771936297603936 3.73868516089809644 0.5262923947093362
-2.95906711690533042 3.38248712294065657 0.49309163006154405
2.77179117235207428 3.70233803347206036 0.52714520545693178
2.70706458720688481 3.72012299031658777 0.51040510951924478
2.73041993916103864 3.98941048848948077 0.47279302644932075
2.65767595702124293 4.04571616166404091 0.47236402701350932
1.91808509981749364 4.35455648894438774 0.49384954876216774
1.67035700655923924 3.7988781985049731 0.4737094076406827
1.30112139649319958 4.6800235556144818 0.44068105644245509
1.17360493132491261 3.95107563711807996 0.47337140772442793
0.94627603616668232 3.99322416373464817 0.52104265080812406
1.00919730860327261 4.68702542264602506 0.50381584467440155
0.74139216012495479 4.0149991882682956 0.50286883913447422
0.74148443907751405 4.91427574959542568 0.42235561852232123
0.6744070909676021 4.05246789555139042 0.46891859147751441
0.25707285039453243 -4.76316052358670827 0.46569757776717619
0.18132536020642306 3.67277385321387539 0.38264650532773886
0.11354644859015571 4.99997019935106302 0.2694169950866363
-0.20982446228293217 3.43294577292638081 0.36024253753792324
-1.75768253187772783 4.18548777237837033 0.47117168045578717
-1.92255272737418892 4.58930894730414796 0.38320664615078232
-2.51762095830389798 4.26174235717830463 0.52390912066475104
-2.81937975401324126 3.01407443612283421 0.36701425042222213
2.85502444140776257 3.44650563085416639 0.44913499973794629
2.90347115041210024 3.60176358609656422 0.43518814634392428
2.85781010788578183 3.68532850711187487 0.48199692007467615
2.73389799501919839 3.66067041136296911 0.52440477714136147
2.77143395363100531 3.78837218997902614 0.49634896110708188
2.58570296017034007 3.86746494396507101 0.48346800230897391
2.61832205763617143 3.79321070101048852 0.46586761364909118
2.65218654176279633 2.95361729689083674 0.41283156750152117
2.57472938315044875 3.83452842699797758 0.50291602918363443
1.62935370655152356 3.8085933561468206 0.42960345494260993
1.41452107531072935 3.88648231354745288 0.44432281099053883
1.25302969958908328 4.70939500469740491 0.49412491181693091
1.24842569660440961 4.64654143809152487 0.50310453816832268
1.04081281441708073 3.89991817322447609 0.50271210038086089
1.10844657215981601 4.70478296571807064 0.48196900892703209
0.90877474652960466 3.95932816126264253 0.48817091834865278
0.82800014588139825 3.99053147089441707 0.48998505984004137
0.11173351411018742 -4.87543652678474704 0.4546727774680146
-0.72629714499243381 -4.1803763543050616 0.39513002918995693
-0.84687630207318931 4.99990742841142666 0.42313500115692898
-1.64648520593000391 4.24608974366813907 0.42194715047657172
-2.60630334776676209 4.17452551694423146 0.51271497058684423
-2.73029467585025465 4.00686230447883496 0.50274901458036503
-2.768315593713921 3.88766906244238264 0.48826864800843545
-2.81241644062225271 3.79696756156290238 0.49579751655234988
-2.94934023487861552 3.27145528032084343 0.46741989885276158
2.82929330113144939 3.86244897629765749 0.46613341075326847
2.82093677265294396 3.64802697264614073 0.47313830150934461
2.75001573738483174 3.87392025167242515 0.48766504978149983
2.79219925578889683 3.21090065314409046 0.41805951390445695
2.42590624242865083 4.1261489738536179 0.44840252929831781
2.29860241946439947 4.24852963253996663 0.43851471413393417
2.16080341841831469 3.33292834867558074 0.43624095263382884
2.1296409623243977 3.59888658028016772 0.4006407389127663
1.21047339539925813 4.64626649142442716 0.48573637753880861
1.14028234500802061 3.93619595326373428 0.45154562281419525
1.06133768464942535 4.64943846395844229 0.48071045777228316
0.77387758509890703 3.27810110212979433 0.42248866135121116
-1.17421871296548441 5.00052019924517488 0.24680169488788004
-1.20807575239493747 -4.27088902076320842 0.34212354152828955
-2.69323173360644352 4.10544403739730601 0.46122431281788334
-2.6862179458599873 4.01751263358447375 0.47250694971734852
-2.72281663842974408 3.95012788059948328 0.47418693879043533
-2.84830796018258559 3.69244857628480139 0.46684294666877957
-2.90295223036546979 3.62193060164963088 0.47828601727483555
-2.877375775979647 3.57205334879630687 0.46315960992165817
-2.9426937324691651 3.53412533349129232 0.45142807019143716
2.69617311886199085 3.76748739842948055 0.45281651955181956
2.72389317583044166 2.9901281207765793 0.41143757859538937
2.64864812122131488 3.88078420071840435 0.45530835893564781
2.41243151807690781 2.90040302121161497 0.31717062899291371
2.07831345491679853 4.33475001642449254 0.40643127811567914
1.46991004655625757 4.63377974526207836 0.40378442322733366
0.77182814513949016 4.10053753411077881 0.42589269098314458
-0.14326846340037422 -4.17835646515968762 0.40038764062492743
-1.53359168638954557 3.28629508501540046 0.40104658958043321
-2.37715329510676643 4.38785938592664948 0.41423861215615532
-2.45447972005795867 3.33377803776695592 0.39549760957004088
-2.82933752898017055 3.8587362157140741 0.46358137131113369
-2.84860957057178465 3.61676260192531585 0.4319796914608468
-2.8895621045621489 3.09149444550472197 0.37855907214868434
-2.96304380106794296 3.41742707691418079 0.3784880931038318
2.80711624905629842 3.94833033958211699 0.4266252675238702
2.80330946175559426 3.10658897725862859 0.39680642103094244
2.7747109398683274 3.30959838108711102 0.37345762255713005
2.7070322790133643 3.82858046027697574 0.42942444660374807
2.52608136586940457 4.15093492477833514 0.38690344187894304
2.55318835337071182 2.92739193696936795 0.32332814244340874
1.25679473711903578 3.98732786282865881 0.41918323204418495
0.99136750170532684 4.06290810839426886 0.40792346861559536
0.84991051789314076 2.82458567016172646 0.33977155650508195
0.33934417491031565 3.73090585906360594 0.27679773003561342
0.09244992641491147 -4.17693660462224692 0.31300709857416603
-0.37064412600712032 -4.99941231737897862 0.23390412532240903
-1.90771727844368533 4.10677028373957498 0.33617956723524767
-2.37814679322421663 3.67016217315948534 0.34576826374889669
-2.45782849037031959 3.55183450064294437 0.33655754993173304
-2.55695801007582135 4.29437266733280953 0.25706813125070399
-2.68558079286132356 4.0069895229357968 0.43664588518553316
-2.699985478068474 4.0730144850155261 0.44349558135033107
-2.76770050593432426 3.96577616996027782 0.44577378555942226
-2.89050148164396115 3.7308726856765122 0.41487211347095732
2.91488649012921197 3.779215845571684 0.39340593294927018
2.92917267321364472 3.66312427170080435 0.39824121022739217
2.66104073628773552 3.82172031005067092 0.42446962714842212
2.48228506515796266 4.15732954769236684 0.37529529534176947
2.41901254385767839 4.18498157284122207 0.38421977580764893
2.27836104637114367 3.45964972524396863 0.31298013507350564
2.29682850245009362 3.56587653161000162 0.26614785547054171
1.64169242688728834 3.92216329383382201 0.27712781640733392
1.33249115601139634 3.2851937597451415 0.32816299771710594
1.20836011731010751 4.67876592380286827 0.36872219467569423
1.12773913513818624 4.63380974609151597 0.31846624156833497
0.70433451540453829 4.93850218953911835 0.28416159927593437
-1.09361082253195496 -4.68685407881164107 0.27929378726803289
-1.36777233324566949 4.95308197096733327 0.22003213600748919
-1.26396975869605188 3.92039809352054025 0.36139015061393492
-1.59113881979902638 2.82905332301771173 0.32267229492494853
-1.68879966126369574 4.275418621874012 0.41703330389330012
-2.27358424240476831 4.44595706113198119 0.3443111823964799
-2.30013516590002354 4.39314902271031649 0.35574521161230249
-2.32506915349854903 4.44198403886825854 0.29322184125611334
-2.38696487998253293 4.4126379287057782 0.30332705618800615
-2.79534746334181072 3.96996463846360959 0.40836416330802489
-2.84340955410192731 3.06943628398605739 0.3706484122134826
-2.87187856620091742 3.53952382377835884 0.40292755992173362
-2.89332049695007276 3.66486010650731409 0.39888281321127705
-2.88643809226493397 3.84920120553221201 0.36510773601581586
2.92287033760908788 3.56472900499482126 0.39245413277688868
2.89890637232576109 3.46266074906299215 0.36465749491696969
2.78864859251088459 4.00095283529078571 0.37406351925992276
2.79641396450449031 3.29563956617596165 0.34330207771046123
2.69074146270516668 4.07717952104680403 0.35471436893267994
2.07317589372774913 3.70840458081418989 0.34588649338950739
2.03608976396362484 4.32439934955136085 0.37905363088667765
1.97653676998474426 2.85805196519691584 0.29764334925850211
1.80212584096124484 3.29321869180554838 0.28497142859489127
1.94888713341632092 3.76463441573256574 0.35524281482930259
1.57707880068731754 3.91675029966003185 0.33870517102426489
1.34156194367857728 4.04191921334896254 0.3278092396737346
1.13852288919231559 2.82635372596520851 0.28764712963759265
1.23007360239613228 3.97003835158709473 0.38320178090404738
0.84334297722940965 4.16050341360206932 0.36725130882215601
-1.0589298567162706 -4.18090998374800726 0.30640355396062058
-1.14940800427623979 -4.19939725299021127 0.30098800538259918
-1.56124495786183948 2.85054361790468658 0.32645656727857819
-1.83236120802267788 3.29998136714236212 0.28829761461286491
-2.06370145805654914 4.55921907280360461 0.27325753612669934
-2.7034120542481892 4.08114586190090822 0.34841158386474996
-2.7706906525480437 2.94223884568645966 0.21313249510694499
-2.90890375389086886 3.47581316506292159 0.37319710561617597
2.9017428305422861 3.61691193172403924 0.36049117869575398
2.88606425462003324 3.88596991348756715 0.35333157766162104
2.63911960856449612 2.95914798751189956 0.34884581984580143
2.21201981136697867 4.29650132885735747 0.32738549339942552
2.33435349988461649 2.89031924644692495 0.09552610532610151
0.81906960943397289 2.8444734045054334 0.32997169122993714
0.82147289905662191 3.2883508211878798 0.28779599121273897
0.81446124730794567 2.88965842281277929 0.29648329580539079
0.15778652298883505 -4.8329359122350608 0.28904525580833634
-0.8367138072532857 -4.910441928443813 0.29475391580657506
-0.92569304797101171 -4.19340766238378748 0.25637258524795808
-1.62197714606748966 4.78974448445325152 0.25670526484792811
-1.56664082669573479 3.29223988015781588 0.30611231145101547
-1.72468165739919166 4.2922108619813244 0.32148408443605558
-2.21458019865064637 2.86120909043380767 0.16096395660947477
-2.66517198797080423 4.06911260348980797 0.37487229671570244
-2.85455960230700478 3.58983404155057606 0.38229697212423808
-2.95949223031657604 3.28218738901266205 0.30204439794398563
2.85229014503746381 3.38202729417614201 0.34629198129270872
2.44325219118359316 4.13983805842385166 0.33574405976034449
2.31946089061255112 4.24588783958515137 0.34409550316104692
2.20298429375204652 3.65621935367415274 0.29013831522064404
2.10591046982565544 3.31379539331096318 0.24035082334781571
2.08985066199387859 4.35603599220382343 0.3059167696435855
1.03767321470953133 4.13168970750328324 0.33378269543438382
0.75959529323248276 4.08160429585193363 0.30483822189250581
0.31904841487294422 -4.66654367173771778 0.29629792430357554
0.25506626037171426 -4.74492885469345627 0.29212212231160234
0.2644285616559241 -4.18374570823751313 0.25595300502470786
0.02364634228674137 -4.92582539817087817 0.29868954318785607
0.02236641520011021 3.45192351174157919 0.16222968640175464
-0.5723136200583181 -4.99279624095413332 0.18766460364951137
-0.72935081919060385 -4.9623934664723901 0.17723049686122361
-0.9621243929363491 -4.82039642550199599 0.27391718303491025
-0.97159600972796079 3.66254556697197531 0.24664132260137231
-1.17158514230077504 -4.5445045493670122 0.23348295185154308
-2.4899433632757999 3.49560447127103124 0.26782371490333973
-2.60713842297991993 4.24175923701996904 0.27968690152451237
-2.859650368972531 3.93893247215346376 0.31123440969159999
-2.91975089228296047 3.54378543801870949 0.36299371850712203
-2.93751099377361147 3.19186615107715665 0.26521418034151634
2.93534412331606775 3.71182834648422144 0.31504228046633886
2.93289425287268113 3.65056726346748306 0.35418702626812371
2.84332853660924156 3.16890826531046743 0.34329528075247567
2.80325468788346166 3.04094537871001691 0.31812829942576165
2.75958844440894691 2.9947197222323827 0.32919932533895785
2.0291058206823549 4.39674482902589858 0.29131960995748335
1.25785853479485565 4.6879768657693397 0.21865435847719134
0.94803956379013943 3.28542712231475642 0.28841412470815264
0.40570411305285575 -4.47632803874883756 0.27809912958780941
0.37109936603117821 -4.57380786397728745 0.28927322974106096
-0.21565968688919979 -4.99430382143143703 0.18285247189675075
-1.55956442723802202 2.89771976459195235 0.29830995650318032
-1.93331573687809644 2.83864714638536197 0.25837539417347022
-2.66769760995373817 2.90172135158058087 0.20753470464601098
-2.64198563904419403 4.18269089977727138 0.31782579988328591
-2.95551004741829582 3.47865220095666361 0.32776334471177593
2.94043285765808493 3.52622605515816101 0.32260301798128527
2.94190971238323673 3.79227047978223064 0.3059948524330956
2.90256747791403713 3.51819524076367518 0.33465445218940898
2.86483075793626263 3.42103701190816567 0.30501215679400756
2.3547646903995334 4.20859976680959669 0.31854018677196078
2.30338898742315079 3.34980951595871668 0.29850340991500757
2.1161802276975461 4.29608512869710246 0.29259666386373034
1.29481906374162326 4.0164922485112049 0.29884655528426363
-0.00362471979143847 -4.19401453926216128 0.26727744898453737
-0.427060634662002 3.26912388256561304 0.149978065361483
-2.49716399149259383 3.35689043670801723 0.15422861062072402
-2.63509361452509339 4.12284648749390303 0.31168801183788603
-2.75234758810513913 4.07138152217303073 0.28310202381629079
-2.88656711277157996 3.62584567430162874 0.25459145321539478
-2.91046639367183957 3.12957262410529591 0.27527358786084244
-2.93050424130572473 3.5948600154853052 0.2486816157980607
-2.93598911589967049 3.72629078641225764 0.25021094986083831
-2.9293556998453858 3.3433050767110517 0.29521426299680809
2.96622812403627734 3.59233135513649282 0.30765664931644088
2.96594615673068684 3.72665874760392235 0.28117896896536043
2.83194797941011256 3.22072985012671165 0.30351382855279702
2.82757262983456137 3.11518093589262302 0.29447362349800249
2.81195368625005093 3.35184102222527835 0.28519029947058677
2.80221767178706482 3.29889514465561406 0.29454640146965189
2.58188973366936469 4.14761155907793277 0.26112277927572636
2.24970817070565055 4.24618449319202007 0.29850605287310789
2.02731808638998734 3.78109122617995119 0.24297935284704622
1.55466872147444657 2.84293543494743162 0.18303055689260067
1.17450702063416546 4.6610953755816853 0.24685729896294598
0.89450476439991111 2.83555823017707143 0.17423141372453954
0.94264607153582225 4.22876567752082533 0.25107383877120643
-0.25997865427330435 3.32945014536030248 0.22695308092767144
-2.23699837549221181 4.48159041331533015 0.25013777113693075
-2.32543888918769603 3.76032802452078929 0.21030607209849378
-2.96739160084650955 3.36231687267949564 0.26825369716811015
2.94430837730628792 3.44970086081719574 0.23110590266070125
2.91299269248334447 3.4341664172970745 0.2896750434166116
2.84520638432457273 3.98529861587986645 0.1765551303312905
2.74226186785527259 2.99679888423569629 0.26562217853255748
2.54742104605169706 4.13686388586910603 0.21220378565631054
2.47433995351668257 4.19806379284683562 0.2794865577222293
2.3936678104171607 4.23409527953274623 0.29581490379497277
2.15106927764557065 4.27588631165393362 0.28483980244818674
1.76065062821204021 3.90176510681613964 0.19397764093457592
1.71908847285036326 4.52559092227658866 0.10160245295360801
1.05810981372815283 4.71842622110138343 0.15700932403105736
0.54044359711261691 5.00031484794177139 0.11883664745050095
-0.72133709519417233 3.4377189334334961 0.14678571279466876
-2.87719555694539908 3.12566065368610069 0.23828210662247448
-2.93469950235649479 3.80533748003561278 0.20144957725394119
-2.97479131860273727 3.55777381516871261 0.17594607990333794
2.97799822705539352 3.64564013897821981 0.21455881981857988
2.90470930669503602 3.39220858063582975 0.23996272777946573
2.91140639411033231 3.90462212770079864 0.20989270164247023
2.87540177460498914 3.15154310950927563 0.28322385685702106
2.87955385331580072 3.24098436682997759 0.28064270133272629
2.84153794625531875 3.03990647334112829 0.24809844258487193
2.78192424364074897 3.03808732686397986 0.2563094061393254
2.72420036067407612 4.07672835253809929 0.23309837618264911
2.27719929952801836 4.28359209642458705 0.26944519274445794
1.5173781288597834 4.60921159602523822 0.08597370579893772
1.34727320921416505 4.0543905955373587 0.21043061197491947
1.19744246231077489 4.16167885108190294 0.18949341071686465
0.81932194000642267 4.86583090987339073 0.0645327901767577
-0.59406594211854036 -4.21804010824392162 0.0812490954574512
-0.67134663206160206 4.99998035934690943 0.01981637191454547
-0.96480989727149102 -4.20890172279340025 0.08025018208070939
-1.76661204891465751 4.30516671692714503 0.20536880767972279
-2.24409497404385405 4.45729689488414849 0.20595017884728328
-2.32928735124419894 3.32563263153158761 0.10066910492675085
-2.61271512182010213 4.2399813326030964 0.20529767094464776
-2.66149507588173195 4.17548614842686394 0.20105716199895268
2.95482695636374482 3.80289484496851449 0.19628880976746485
2.92159710843092357 3.79559312639710411 0.23213935384518514
2.90226429855151391 3.1122774623684637 0.2270472234410964
2.89023750436035254 3.30307422715333487 0.22083778482850375
2.82768513924708653 3.34686231020746039 0.24469080537976334
2.0502589331204728 4.33022180585648631 0.23316822355790034
2.01346755469649441 4.39085394142975272 0.22430952738048845
1.35609317475114555 3.2952638401945431 0.1647549929426381
1.37615201574905655 4.0774067422131246 0.2098514543604863
1.38384118838748327 4.65548736228412707 0.09321228464629001
1.05709336363929762 4.2148671322818716 0.20887486403176625
1.17267981768576135 4.63190665543901581 0.15760857691648172
0.84591555077616809 2.86560643797437509 0.19222728594337812
-0.06452464068534029 -4.97117914445431808 0.12446321012485843
-1.18128045224802936 -4.22648706007103492 0.01846799777339225
-1.59528403135307584 3.30049554934432487 0.19248084497391987
-1.98340091710704258 4.57997627155418652 0.05152176099078389
-2.01814691977848604 4.04893386501104757 0.17289183491271845
-2.17812541430011786 4.52614768991295158 0.13736098241017156
-2.26180269921367927 4.48652103318361117 0.16538010232526007
-2.44484099513033515 3.63476952953306931 0.17447198855563556
-2.40378554873850003 4.4220943086568143 0.15868902941759391
-2.84340395519225897 3.02862872426360763 0.16394337887564936
-2.85440349894350653 3.97616668142507423 0.20160798414644826
-2.89966372943012862 3.22380858243681345 0.23264669963585452
2.92530520892498647 3.20699324961911048 0.21950137162908701
2.53984618243420979 4.19779461611685534 0.16475680312267946
2.44987421847114195 3.48591238204979126 0.12329936225059199
2.33295527039857298 4.28134695621487182 0.15508382134291188
2.37735952533569872 3.63279451407986986 0.13498332827785881
2.14809676780018588 4.32573428103101243 0.22477750205916502
2.28263427833822341 3.69802556586976205 0.14715077872448243
1.86656988666468804 4.4582313440142407 0.09459622607148334
0.48493605670992201 3.82204511753945475 0.09130906164446012
0.1417428596950977 -4.1957078364414544 0.0565354148749541
-0.3241620336154018 4.99997482185891329 0.03430526991729209
-1.13726311526047774 3.77445192999433221 0.09098414228429166
-1.21234018990789694 -4.32747828142596802 -0.03012188301192087
-1.41518677828353412 3.99536620432097633 0.06273348194609212
-1.59584893246885295 2.87834213071297773 0.15031460103822619
-1.66580007223561566 2.84390997563718262 0.03971070244215173
-2.60431617603530308 4.19467629721249757 0.16897192425272539
-2.96846812300155882 3.2998145000082042 0.19193791709013625
-2.99587818228943892 3.45151873342876314 0.17314716476839642
2.97305494124768588 3.56052144601714904 0.15826654417742431
2.96902832098862746 3.75971254225139617 0.1786667312023027
2.91017027538843198 3.88613305770492934 0.17000931377160935
2.76150063809224866 2.96721908036566484 0.05044094740214709
0.40321538253158051 -4.23894407451172039 0.04419648003993912
0.18971457515688728 -4.83120807082286863 0.08820885728360645
0.0690721589303093 -4.9187770716485133 0.05426704591773573
-0.21578193839252102 3.25102376583098751 0.04982179667210879
-0.87214295209063541 -4.90236344464672946 0.13169070853256221
-1.04074224581286634 -4.76072575890685634 0.10830597192629068
-1.13453036612980496 -4.63887017089002462 0.01040367716034247
-1.62910030794553551 2.85008075331901445 0.08271377835923203
-2.91194052256602154 3.26363289728706096 0.20558634724541111
-2.93262617347554455 3.72221528972293125 0.12770562978184199
2.84138653471768432 3.36227694880807704 0.17688495745871494
2.77560573031371582 2.97960385519746263 0.09037601556677059
2.65970157926280226 4.10694127159753641 0.14217716507407291
2.42945448356684768 3.56244454446069447 0.12440190969837014
1.962308403759776 4.35460335630663309 0.14216356809698627
0.85913351827120599 4.12529258816307109 0.05698652390381456
0.59939986474798734 5.00222043942680017 -0.00464007236337577
0.36665140249093575 -4.61591339033621395 0.10724836894489249
0.29469548101578835 -4.72865054712356958 0.05598767373754971
0.3370091139039697 -4.20613750895756588 0.03427198280692683
0.23651666388110379 3.62060047998275669 0.11800803157012087
-0.93038115128678045 3.60874698017173889 0.12076217516472555
-2.28383141507354726 4.4928511237427271 0.11291704346168008
-2.51293368078511969 3.4329997868778821 0.07835692152631599
-2.50667101050271679 3.52672234442926991 0.10925145409874257
-3.0071021936796356 3.37751455845855508 0.07214764558785543
2.94925128910257728 3.22164413470652899 0.12533840503002633
2.93218503415347254 3.09489173943342966 0.11876846713152582
2.89600385475526823 3.84621064328287687 0.14674678140000771
2.80929426904349633 3.01454069186209006 0.1400192187156731
2.78884657633038158 4.02974846418993593 0.09795560506457075
2.45364219712335974 3.36982643915439883 0.12321749293629912
2.20353668476228304 3.74734960996678401 0.11538445612565348
1.99424679409658712 2.8695355251808139 0.01308345804860594
1.87848782932565284 4.43777326715334297 0.06078442565751883
1.36840417296623773 4.10449665129685215 0.11756404246164323
1.29312865397099319 2.84132311657172565 0.02165013930695874
0.89671818080711585 2.83956366544015637 0.01204897365165641
0.85691409667821916 3.29728517332241333 0.08548377807379431
0.85633627544486302 3.10743669779281495 0.07055868514961286
-0.00388700513478209 -4.21321192744631023 0.08020659242190853
-1.60018871349785941 3.08876418456636115 0.11355874738827698
-1.58105348670128376 4.81527012937864374 -0.00560104633919088
-2.12137750800493086 4.55197854482100706 0.04925293166940978
-2.18659178063980564 3.90372634255958717 0.09899647520675928
-2.78003894681581087 4.08040287050576911 0.09996150837334411
2.9182673013661411 3.86334532585660595 0.09559170106423018
2.87806148542985829 3.01251763994401944 0.07258234858381166
2.61706732396302177 4.15349690507192459 0.11446269066126231
2.25351713506167162 3.32970589133880202 0.02461436757342732
2.21766670495409901 4.32409542722193585 0.07399703946656344
2.15353646734343673 3.78196499560637323 0.02393707259469978
1.2814413006756511 4.66756229665978051 0.10598510566319987
1.03438941756424696 4.27256627137266065 0.09481865503482038
0.41069216917960866 -4.48106899710106621 -0.06901127265617812
-0.3697811412661991 3.13801323406194133 -0.00389521017033697
-0.54706549979328789 3.29000132532984813 0.06304097373877854
-1.10761432592718401 -4.20169535887453627 0.04246452566007068
-1.29183257372931592 4.99994738789282422 -0.01757498963120734
-1.90470829700038502 2.8482629978879932 0.01191218664805744
-1.80497000069256575 4.30575832595686236 0.05395550228420446
-1.94650296595424543 4.57422424724971854 0.00297060760905488
-2.94927471990768897 3.63987987331597962 0.07551661520208175
2.85999171264138941 3.39841757987249515 -0.00644816145805689
1.92889983027765233 4.39597346082663343 0.00311982852722998
1.84377383669950334 3.30368333821533477 -0.0699026547581508
0.8620801936831608 2.87831070800946298 0.03872848116893595
0.42234273286679835 -4.36504865181752955 -0.15494157744005499
-0.06152857835585384 4.9999549865898274 -0.16920353691651885
-0.65308960330766108 -4.98263666310040509 -0.12054073791995347
-0.95506001578838795 4.99991325810632681 -0.08573634975151372
-1.203799539919713 -4.25567569041907046 -0.14548140192152539
-1.64727991249787675 4.17912374631039185 0.03034047826709233
-2.38774838284670077 3.7183190259516703 0.0038241962560682
-2.60134802936824983 4.26288598904904958 0.0248633440536327
-2.67251689684413396 2.90993196682838695 -0.07324429307459018
2.94342580241866214 3.46316770315142541 0.00258469311074651
2.94957207188881698 3.26992717973032843 0.01697897431978461
2.90764862528394152 3.42468977245190764 -0.01354421855444166
2.9130565059112854 3.32711928276676794 0.03615908282022127
2.85570372034612996 3.94703011566379613 0.08411474301778607
2.63923850878927446 2.9319231593291093 -0.06594027190069332
2.67594605186331735 4.06545342511475738 0.07338824538178508
1.72697751799186117 3.94434257494604124 0.03048313803783522
-1.91719438281177879 4.59970919697992198 0.00483332649242016
-2.17097390170793858 4.49790072568294885 0.05550218978902723
-2.43342384902503861 4.40926983533508299 -0.06696689998767229
-2.90203965673918907 3.17666420115357395 -0.02314562878236362
-2.9407080579233309 3.80747901526006149 0.02909298771500073
-2.97853482175758133 3.30352209887343529 0.05578295216236916
-3.0031432453608975 3.33715263611102664 -0.01149405919143681
2.8567700060499992 3.37203884804732468 0.01383334079354607
2.82311131515430391 3.90755727710814194 0.04314121244616284
2.00693227677419905 4.38379471339950477 -0.01518332228649189
1.31820191516357399 4.15269082989391691 -0.01936024859903007
1.26764386372139048 4.58981331364301948 0.01866601820573909
-0.20701043603761418 -4.99591935957043631 -0.12358418574412769
-2.51764560329934994 2.88736578862053506 -0.07909568611864673
-2.65997167325818262 4.19819652319045034 0.00336270889363582
-2.80731771388839846 2.97630776308075395 -0.10340948587401229
-2.90099365536403697 3.68966685780033155 0.00004139676416339
-2.92027253773425155 3.29289701024068338 -0.00057016449980865
2.46452486896996525 3.60551413533079268 0.04857130358454513
1.57418915946220506 2.84773654725679748 -0.12844026043350315
1.20379109249727412 4.20786201268025817 0.04408179138903484
0.36893432083052924 -4.60604491218915335 -0.12208199358312652
0.27942337610262102 -4.19709915668257771 -0.03725702509297835
-0.91313978788294725 -4.87467219577192523 -0.06494838518518092
-1.6141494980077109 3.30791123979902268 0.01215888361006217
-1.92502421137777535 3.30994439556070619 -0.06768074286715065
-1.80934777021868398 4.30294820853985271 -0.0225992789634709
-2.04793670410748252 4.04054932495027419 -0.0089453505673488
-2.20357580421387089 4.52749650419768379 0.00305194083546748
-2.45799808164734745 3.63251944860552189 -0.05385969074521364
-2.86009969618025872 3.97578975991293593 -0.07071082984185598
-3.00491534586346543 3.50732120103071754 -0.02220873616584865
2.96332812997462147 3.18708012922614392 -0.03632705708988056
2.90817349336249364 3.88600579637816113 -0.03726193158848402
2.91428939367513129 3.04408766619656523 -0.00010818178392578
2.75621650130411266 4.01886754644062805 0.03817544748096929
2.65695738386772451 4.14779609964232332 0.02008824738635651
2.53560891029383262 4.21103434974430346 -0.00697388449450024
2.51706136353279897 3.37445365348776827 0.01148165063437582
2.37819522136113415 3.68833175318881645 -0.00178776453809741
1.86241627053698733 4.38230645995177515 0.0086111657232368
1.32702019418142392 4.6409322585536863 0.04772276103783452
1.3886790920632901 3.29705990099818447 -0.1442784617036518
0.84879065159116884 3.29572935283795587 -0.15397182734620346
1.06227138545641142 4.2802602343904903 -0.0141724785994738
0.00826996596545911 -4.2147486051152363 -0.04850399485298978
-0.52205628282914684 3.27120096208388578 -0.06715884806675004
-0.79493145491027839 -4.94123669304280533 -0.13172070050989754
-1.05197691945736782 -4.75099860826426834 -0.07328862348613614
-1.60368990892344998 2.99551667696095292 -0.04871915004295517
2.95891423592421354 3.80528184939342973 -0.15409235252277356
2.81822143777724365 3.00499792642099273 -0.03881651351393511
2.71116159619847208 3.99555556373188558 0.00474304713638674
2.70774169266029174 4.09573664010569605 0.00518591328765573
2.51005055704036906 3.52358843752119899 0.01549681791814786
1.76773268374332027 4.47972639001044293 0.02975585310001745
1.62426047409641394 4.54755998133376416 0.03588453463813897
1.4742432086491073 4.60137084646072569 0.03332473580974622
0.70703751028642481 4.00288710954351235 -0.06590551216976173
0.2397053192157298 -4.78470120183275149 -0.08278088266487812
0.01957146615736503 -4.94325580089403971 -0.10032396339960564
-0.08584211005813409 -4.97779385680611774 -0.13230070466494459
-0.14602099702970647 3.31057167346902803 -0.09480002145070368
-1.14932154365034545 3.78367259377689669 -0.10130718770182705
-1.60677078611688007 2.88057564574275737 -0.05668681459368378
-2.59672520082235847 4.20329479802750328 -0.12397103210209373
-2.97819875295353409 3.30337773849284355 -0.0809924787786019
-2.98307473694375958 3.58276703883023062 -0.04274664076197708
2.82068592602450741 3.92082109627267039 0.00261645798672293
2.87243157190229459 3.01114630328770305 -0.08541478911127424
2.47322063077141374 3.61128686126355225 -0.00856244412247616
2.45050363949990091 3.3670488866256898 -0.12905523284003012
1.84862640926067323 3.89190899246071398 -0.02935006265318591
1.80330790584411438 4.41242556373637118 0.00050383470734654
1.65356629073859041 4.49169019807548242 0.00231691165238895
1.5362061993120919 4.54189763085972853 -0.00021554716813171
1.38601203740866374 4.58473038670266586 0.00220539393515023
1.12197078924484339 4.67937224712810984 -0.09283797674770652
0.92546505567148674 4.80039347161277519 -0.25999689126209535
0.27297301163903731 4.99992999334147736 -0.20001488171856333
-0.28978567065675681 -4.2201260939749039 -0.05821616261106868
-0.44529659488713269 -5.00004425851496226 -0.21333435641912107
-0.63716312428377209 -4.22004514332792624 -0.05060097348176436
-0.74771978232795422 3.46048009661753353 -0.16236253935737549
-1.45490647474085621 4.0280473921556359 -0.06857559783940527
-2.14302224402748154 4.50074282934792258 -0.00314607562593932
-2.18255965080134073 3.90891461988599387 -0.08516214396676
-2.47657167264512479 3.59280277622274014 -0.15218283459050766
-2.60024556904455428 4.2651494106052894 -0.17804873245910502
-2.848500611376652 3.0384459420290364 -0.15844288537945828
-2.93102533544393795 3.72853808025113276 -0.03730127580900026
2.97860087681295127 3.6414108912856018 -0.21322446475042495
2.95059168692376028 3.12394459021191206 -0.04656769241422255
-1.18312766159023486 -4.52197567820762814 -0.1135830595960719
-2.04256449142559005 4.5635770895279073 -0.00119560390598131
-2.51172673631909538 3.50445630416807541 -0.09294676200278357
-2.77613718278372001 4.08241032244258584 -0.12496574955380288
-2.94071317437594004 3.64553276104340362 -0.10152857955605282
2.79039678526773427 3.94074692831864093 -0.02148473178543819
2.70555579255745338 4.00912961850071081 -0.0153008328687048
2.49858196390098453 3.51994159805000439 -0.04437458868557417
1.23539070396416051 4.60438098642806803 -0.04767945414198294
0.29155430144812922 3.66440287775207141 -0.10978169255573095
-0.32919542820544245 3.1642820239183882 -0.02836141499820844
-0.93614675175004669 -4.20830786238093424 -0.13901129304056087
-1.66824483471358143 4.19605196121993096 -0.04572848893110544
-2.28237599277362424 4.49063539190060279 -0.16344016486452734
2.8762892053147322 3.86352576464519082 -0.10231291396068215
2.7834471112997301 3.99620486821669596 -0.04124394840234673
2.6671938087029603 4.06879512371515162 -0.07763108524536837
2.67875162471080586 4.10969467994033 -0.05416045211596272
2.63634702583949387 4.15050580700943161 -0.07778665016684971
2.55110018701087071 4.19572881064072067 -0.12583845994902843
2.40076130152170641 2.89644034226242963 -0.16258086152198725
2.37902993083393666 4.26577636581997499 -0.1388375928953362
2.11594530234561429 3.3154417729195429 -0.25404524559584962
1.87793157159506574 4.37987364375509536 -0.02781213677113891
1.82093135964103414 4.46004335310224054 -0.03891177751208244
1.63490377068483661 4.54541321313048385 -0.03942354579184235
1.5745436248803466 4.00710985530795938 -0.10695915081648141
1.3807582565288028 4.63588594664619258 -0.03668009439639622
0.87058204945567441 2.84585438207580221 -0.15019742567260025
0.22232955273766436 -4.18458313466980325 -0.22899413423427806
-0.42234429999759815 3.25822704173144162 -0.14797121513376171
-1.1315178946814608 -4.19887088528028229 -0.16424540793968737
-1.20158602516845714 -4.42941703473578929 -0.37972288075207
-1.62049666257077507 2.8405258448506947 -0.20979959695713454
-1.91853404534804417 4.16906880700828886 -0.09584535142406743
-1.97800387474322092 4.58269532832895887 -0.07786557447035182
-2.12245330324140502 4.54745004206061054 -0.0491921466829663
-2.24898736176274694 4.50602506627889898 -0.09948181065801481
-2.49577410396467947 3.35579553937478714 -0.18860843323279272
2.95997944705071392 3.49627031012800771 -0.22632229791696684
2.84750059586900672 3.94706488020101265 -0.07759253856708698
2.74151646480548106 4.06167889747310884 -0.095341217831243
2.43432075120275293 3.62373002049981352 -0.07308445624605735
2.17033494153959339 3.76277848059488385 -0.10445090593965378
2.14748552710377849 4.34005886050906753 -0.11856968984590192
1.89896762479327297 4.44036743673999634 -0.09842623825005772
1.70245584801544791 4.53210559152933001 -0.09314805980391828
1.43811653831885966 4.64052536773875435 -0.09089351570105164
1.27624237653053596 4.66681497673458878 -0.10302918092600775
1.13970848477302655 4.23085588878943941 -0.09043163121557654
0.93535779325259816 2.83429952650612815 -0.1805562029685599
0.91439563375472521 4.19005803022567402 -0.16502008588349998
0.84426885779566141 2.92975825334400719 -0.17341517660302155
0.39527407453911939 -4.2215219442630616 -0.31866710001105802
0.01137758735770553 3.44253669930354889 -0.15095405114135121
-1.62559869533489509 4.78794206284008883 -0.25832938026775187
-2.19628676708588921 4.48843608692729656 -0.10701315485737026
-2.33972850209803607 3.32484640122761421 -0.19618323537462767
-2.91094833314962598 3.2605700812456031 -0.201689005093797
-2.99564075212213199 3.42638740431434607 -0.19018693443552143
2.90518405014285053 3.31124334800317355 -0.1511880301133767
2.83138887765624414 3.98912466325204695 -0.09693230158482609
2.75145253928951838 2.977639396873486 -0.16202583494952888
2.42703409916899027 3.57047887139651854 -0.12680096005053099
2.31074091300414342 3.69166296726302789 -0.12132102133431208
1.73390919311942993 3.91239261556533569 -0.18921746871145709
0.45059745968089548 5.00057930906233494 -0.33089250830206052
-0.29034797319174921 3.2629401732828156 -0.15336492593594828
-1.87093852522840076 4.5838906966079076 -0.2840924126725507
-2.66429132687750236 4.17936095056207968 -0.1799890230783549
-2.91898433225227372 3.84609186004433745 -0.21633260096550216
2.9310477633280918 3.24861014710204321 -0.17455629033095094
2.89972231994562835 3.06384954236698492 -0.16721314689595898
2.8404995092717944 3.35862251482433383 -0.18491549785812147
2.15043459724782204 2.87024469125141657 -0.30286594182623799
1.31708024753596797 4.67614465357445397 -0.12861848420437993
1.34609029361117671 4.11575471663256032 -0.12395674798570208
0.74729858130603077 4.91098055318006477 -0.42196157114211186
0.41459124576189221 -4.24857850745400967 -0.35518871984327505
0.11211990924722261 -4.87457019509956258 -0.24116603934703729
0.10430360889897561 -4.18522429755628966 -0.24915615621611226
-1.0262949428317738 -4.1898626852493166 -0.20651302401961491
-1.18466641216802437 -4.21361584512011156 -0.3978276092684892
-2.03069399078349688 4.57250533426719397 -0.23061984737085978
-2.12376279866232975 2.85198806906578506 -0.20015921325206776
-2.37569770722661122 3.71496798921955307 -0.18338204373666184
-2.75054890486688874 2.9281897396566281 -0.37275626203080547
2.91364255524673199 3.40245981124562213 -0.19921330898047476
2.91021411309963129 3.88390046611631945 -0.16344057587705596
2.11681422862277735 4.32724050249256553 -0.23086844389609437
2.07241945516526549 3.7746192069673099 -0.20850348725803397
1.99732101995936384 4.34647271126119694 -0.17823747476239407
1.26709104995977317 2.83098876137306066 -0.25800822147836072
0.32520025213029313 -4.18722835450098518 -0.33116927154223785
-1.15839588194363063 5.00048392304123457 -0.30871814795609859
-2.03321970301163857 4.02153018189856226 -0.2299578976077965
-2.16643372030825265 4.53150392202512453 -0.13345093345636416
-2.61461045297355232 4.22406010744019778 -0.22160561600265932
-2.89173438282537987 3.64070498567271317 -0.20941702069149606
-2.92780592385531779 3.70195544860082881 -0.26357715681717586
-2.93830262452219948 3.7689556176603527 -0.21147654951493194
-2.97759629091390732 3.52424493764381097 -0.20383018088171651
2.92830392201801581 3.1506262143479038 -0.19551707798720155
2.90008989906957515 3.9245859434989665 -0.2010951949986208
2.55022007785415106 4.13279164091474804 -0.19741783064901924
2.38440947775970402 3.44216267181104119 -0.20531023278268495
1.82297440111569165 2.8530902349782723 -0.23385983599968679
1.38173380024750281 4.07246816046738846 -0.22519055220164819
1.16069587587112077 4.63506608559815358 -0.1896462661623283
1.09402080829419557 4.21003609424412595 -0.19193278817214746
0.9247311918279677 3.28605088812778323 -0.31917138311472043
1.01065814410273891 4.26488253680474649 -0.14034786307689581
0.83761941390005545 2.87892050000186339 -0.2160916256327895
0.4330942558511805 3.81355276916611352 -0.31737551214126991
0.32155940125965976 -4.66302099844663687 -0.2909343176511171
-0.2788284382322429 4.99989755287564819 -0.45493838441996604
-0.92506665427316459 -4.85319303783541312 -0.28518433081796635
-1.58974736518335957 3.30013837297676504 -0.21305434499193265
-1.70300638972141982 2.83237919542277838 -0.2486323504441553
-1.77255189259581525 4.303203375387743 -0.18232001468340941
-1.8996371756666417 3.29952284365082615 -0.29943956537426952
-2.70089304729043578 2.90634272512534775 -0.2706412059405307
2.8066601153123143 4.01797083209901107 -0.18169486664262888
2.59596649401660917 4.13839004200087945 -0.20300020526972112
2.00881664784329894 4.39540211745164555 -0.21889100031539621
0.94907358350565407 4.23099922942864204 -0.22522703533959665
-0.05493742166883735 -4.18173024670888793 -0.36812309993008219
-0.47784440821199581 -4.189660384206638 -0.33123930114381223
-0.51284928226098336 3.43099859435206289 -0.35681150011797103
-1.02838177777185935 3.71107317299870587 -0.27176357573829157
-1.07861937792581486 -4.7056868553619271 -0.30207171187068838
-1.15736733779364931 -4.57630171125803376 -0.28416222750622372
-1.43022436642156059 4.91509620026985505 -0.43092412483059117
-1.5764917641880809 2.87115876618641552 -0.24441034474484752
-2.49403066126371442 3.48847943909192049 -0.25091252880162213
-2.97195789805322841 3.32784747974139083 -0.23256470234893153
2.79693496690840915 3.01966396707538287 -0.19167321911766552
2.68773642456675121 4.10090567048132471 -0.2299826554249981
2.24562060020753629 3.65514368789590716 -0.25131084707602608
2.31961407182638535 4.26764090134713836 -0.27771697180699439
1.84919824706406155 3.29301825714032637 -0.31605249524192297
2.0356927226352397 4.39390925508839114 -0.28919825672058969
1.33487338828959068 4.04577283442684354 -0.22873859199386501
0.98945399672821976 4.25483837552167543 -0.1798689567181567
0.98711421470352478 4.25120724261810601 -0.16849556689344958
0.9686525079175281 4.24339692506323729 -0.2098949898352156
0.17580533582831739 3.58702879508401917 -0.21689925357090231
-0.20195717575266761 3.44425858837998122 -0.37765502881461888
-2.21981068499587364 4.49825266642679722 -0.21522909178515479
-2.2723215785899562 4.43847218384908881 -0.26256615404447964
-2.82924538969440631 4.00031509865603851 -0.25186654335203013
-2.88616564377765128 3.14483275664061113 -0.22188730459363157
-2.87227070209187074 3.92038279346032814 -0.3085498273126755
-2.94713713030164737 3.28538537896593397 -0.20960593216168213
2.92857414560408369 3.78786025388503367 -0.24493691386207092
2.84090691448621024 3.04848351503926063 -0.25735235784532612
2.47461784426678477 4.19439155030639022 -0.27899837469790312
1.71890748120999803 4.5271011439439528 -0.40457762918674756
1.19240469469658095 4.13301510492465418 -0.23824980113011346
0.26536535764326413 -4.73294948925933401 -0.28552100630922272
-0.75890582686866004 -4.18313813427921222 -0.37638851089617875
-2.28803624378944281 3.76867177328837366 -0.3342049689335283
-2.34169374353136739 4.43315315054639214 -0.32222816338874283
-2.44426917368578467 4.37942352882221808 -0.28046837143947068
-2.85140676056688447 3.07568093343170679 -0.32554408639084781
2.95773736317653047 3.7653960191838971 -0.25225984354470604
2.90710744347068317 3.40359754153695793 -0.26029949022356519
2.89585149422201393 3.15189992377361206 -0.2656320883372949
2.94573027743881477 3.79629891736902181 -0.30431533658912902
2.82165772629265321 3.34175187037036014 -0.25498523191107897
2.78311813774750894 3.0394954128270455 -0.25719138880397735
2.2710183114291711 3.57715622637191633 -0.28827237293432201
2.09300245691776876 3.71095356103690888 -0.32645808008306826
1.23692361265086026 4.69014306426877514 -0.31302237056793919
1.182240704813317 4.67054653911596862 -0.29135450304680927
0.94703758737193355 4.23026097820131852 -0.24391138086634773
0.41028917486810895 -4.45820558825482749 -0.30024753930291603
0.01296023278915432 -4.93347399399552788 -0.2911356938484746
-0.83332840168471844 3.58451761993631512 -0.29061402085559551
-1.25690357116082363 3.91362812337409238 -0.35925399914654482
-2.68013838499501933 4.1314788404342 -0.28373094832470513
-2.92019572100222646 3.30347153119576475 -0.2671597139932067
2.88816130809232785 3.23679394789422625 -0.27494578351925364
2.88551417848675396 3.27689013970062915 -0.24988621760035246
2.73340679972658851 2.9920265853460597 -0.26427522045897189
2.62074180622522057 2.95348726547884199 -0.36178470938048096
2.43401854097231318 4.21387376317012308 -0.30233197894300862
2.30724824076150714 2.88821930969399299 -0.46531734801613978
2.30796920614517287 3.34880791806197475 -0.29383207865783179
2.08564819055107753 4.31236515735302905 -0.25559807908481125
1.62978631623229586 3.92370572423921837 -0.28457114260909566
0.83904653233515525 2.83242709331526799 -0.30838594095916927
0.09820175767675124 3.56731300487684333 -0.28131555928260293
-0.6110767638734167 4.99997005223403512 -0.41908524986528911
-0.69313878058150891 -4.95461093696813926 -0.47182188013973408
-2.28042044105768715 4.44168914296022432 -0.3610186975482893
-2.6244170619497349 4.15060471460967051 -0.27079170653688894
-2.92599716667040211 3.55008177200055375 -0.34149586677760946
2.96479990641225699 3.67811269061361257 -0.31566727827100977
2.78942575946047899 3.99921909312714385 -0.37821325076272938
2.72479221126496496 4.05687527869622855 -0.35460879945332835
2.56423613273396445 4.15204233882557894 -0.30399654210509258
2.21825811448911514 3.45396532005919576 -0.37431662327158388
1.55886611951281151 3.28575849669577469 -0.37344806628408689
0.37622985103010725 -4.56195916189762674 -0.29184588639153919
-0.08052141641341484 -4.95684031006349279 -0.45827263485981595
-1.7228331768173375 4.29095992986726937 -0.31576249090602831
-1.8954481983222875 4.11508103350769616 -0.34176394960761791
-2.19864544365136805 2.83977919502988074 -0.39667422286040266
-2.54657570441758674 2.87015885692100836 -0.38466218242472716
-2.45453094757847623 3.33511978454211677 -0.38656858867550936
-2.79152043832346397 2.97423305132816429 -0.40038547088743859
-2.93843118029382788 3.18921680825138232 -0.26242225710340111
2.82067799166258304 3.09292360651543685 -0.29182538656612406
2.80444287531081882 3.29291928531017897 -0.29860383047724837
2.79599776775290909 3.33191756212499701 -0.30296054365928166
2.45881922137245557 4.14187747382754523 -0.31483854689223512
2.15816550711087363 4.27180058501000026 -0.28671565621830636
2.0952434406641105 4.34974273124308652 -0.29914400007746073
1.55380207939952553 4.59903853896171899 -0.4114369384327688
1.33197795771573047 4.03840478561129768 -0.33785959297769308
1.24857912260102055 3.98289204701707611 -0.35913221388963334
1.12684645352172086 4.63620222258893566 -0.33037715897981468
1.01382816513118312 4.13357856976485838 -0.34133268103890652
0.86124886641901088 4.1728465683881435 -0.34607981900212309
-0.94531740843901202 -4.1618999444093685 -0.41202744533783187
-1.56336765714992176 3.29311701023144865 -0.31468437080296552
-1.90604616049714326 4.59161648771758912 -0.39288824231840713
-2.39186831476141482 3.65607024647357193 -0.33985038536634593
-2.43989680692218069 3.56881501085526365 -0.37342361992926831
-2.63721048301287775 4.19718807234242952 -0.31505720446116164
-2.90596597981197169 3.11556483672128426 -0.29120403727548594
-2.90988479742849782 3.800538417479844 -0.33152997864534928
-2.95913258059862372 3.41921718455729362 -0.30504211092643158
-2.94138287501554219 3.50627349963426438 -0.34453330846638508
2.93394000413611522 3.4844713125345721 -0.30294237437263588
2.89443828898378896 3.88265397963989844 -0.33720061482438274
2.8621159983333686 3.41897099430346652 -0.30466062539124644
2.83753231843881348 3.18245983274119171 -0.30397898369488308
2.79872779696406893 3.03187863187852091 -0.32007113758791711
2.48826072376007312 4.16002041318605009 -0.37293925538757677
2.32052124246361124 4.22361133227264052 -0.31151501836724987
1.91664213392566385 3.77885611132964838 -0.35198232876499536
1.29702587446571793 4.68070671863516363 -0.43712703544655673
1.13820558392425997 4.05633575711434968 -0.35661373055286405
0.78703843128740458 3.28078641626436651 -0.3903255091203045
0.79059179316089168 2.86646215040587338 -0.36681754027304686
0.64777118477760687 3.99890584730455245 -0.39350528672114915
-0.47057793168253276 -4.98055500653926941 -0.48550012169689738
-0.96037705904825366 3.74069223006577456 -0.44097498999008922
-1.1118792989485482 -4.176889958385261 -0.39346253294078698
-1.60413535125629902 4.75660253530496835 -0.50341054523013873
-2.77596926582298531 4.0213122778937116 -0.34982544599341447
-2.86366579619159012 3.60068573672670267 -0.3358404580861678
-2.95986645531755732 3.29670232702066501 -0.30712969994186634
2.92900726471983264 3.65588336335588826 -0.35518709896320655
2.90475579915263582 3.51428653581282857 -0.32951504716981406
2.74115408133875382 2.98547314667721864 -0.36511070759324155
2.43070173997692773 4.15295598494868035 -0.33064041540724831
2.21105679551860268 4.29583680850831406 -0.33189502695599499
2.10605019319632625 4.30458657862476546 -0.31479773782262704
1.79423417088345549 2.83342273375976816 -0.47130238098019706
1.52305060846566009 3.95342747403526884 -0.31992130493184762
1.41064329090132312 4.64935199951552125 -0.46653408926123452
0.81812327203517898 2.81485418337359894 -0.4196588151050426
-0.83617692477370842 5.00043311230621068 -0.67790181206782596
-1.44487485588637088 4.0815489003319847 -0.44444582210532085
-2.65677072844598605 4.08429804599583868 -0.35753414411482332
-2.96472010325842872 3.39463129968689437 -0.36323064617905287
-2.924107576810139 3.4146060299812091 -0.33881865713878689
2.94554799858910066 3.59471789550121645 -0.34285365754494451
2.88067451468774127 3.42909562359865694 -0.34964002803656757
2.83704889895687451 3.13427560602570088 -0.34818957265379652
2.78311606176064252 3.31152378087863175 -0.34891844109375481
2.16254001459035994 3.33146847078885111 -0.4357461185219863
0.49195707450886489 4.96537265979368403 -0.54150206440273396
0.28416016760449314 3.81044299737780578 -0.51288050411911001
0.02463303475078756 -4.15758491251806461 -0.44955088245647096
-1.20580292482244178 -4.25209663713896013 -0.50154561983183332
-1.53425946055695328 2.88665366158978554 -0.37004772973172695
-1.54744737753656714 2.83949973833642977 -0.3719274504587825
-1.7494956352569202 3.28080780991398813 -0.44803587664387212
-1.91443565447525899 2.81534406864385467 -0.46478229136440824
-2.23425308248845633 3.29900694304767583 -0.45620059654680872
-2.52815812479603208 4.25813586874076577 -0.5063938342918618
-2.82932985346040455 3.06553392514605205 -0.45596700382992228
2.93864921833394499 3.71444441097324951 -0.3720844714079356
2.89849059199535253 3.61853705646602952 -0.36202314399823249
2.82924848945807383 3.21831034264161131 -0.36232043954907578
2.47876089352483442 2.92161240096876895 -0.44219085378718714
2.48388465949817627 4.14997305895890634 -0.43297780505333794
2.36206383911917372 4.22412669675627495 -0.37549026125692286
2.06912495223745951 3.63095878157353535 -0.42876154987787735
1.62347111062894367 3.87313990170535671 -0.37773954081279332
0.19474986891197091 -4.15350433021612186 -0.46720332964551375
0.17423230756321037 -4.8315442430032105 -0.44403185955305324
-0.22231180624803132 -4.96971499188077726 -0.54563469878730153
-1.17392298222136127 4.96579996555855807 -0.54837599732566067
-1.64108182552682402 2.80621218200300326 -0.49099961128570974
-2.0302584229460221 4.55285527005857027 -0.52000731284862489
-2.44428650411022685 3.46947818223795235 -0.44846539266221475
-2.87919036995958555 3.08012833435483513 -0.41991093697847953
-2.89204787786425177 3.66129329926192382 -0.38444992714543602
-2.89109469997554669 3.50913509111068889 -0.38989138661341172
-2.95644927351308651 3.31439608385924211 -0.47891630031710003
2.92363172654237857 3.54512356273173479 -0.38773896692140614
2.91738033139807484 3.64802992867739784 -0.39050700743982064
2.83057025870316314 3.36099805307934485 -0.38030940164259086
2.72180618044542033 3.28751682384782473 -0.4357542687031723
2.61947147407340264 2.94695642724578555 -0.43907764226429669
2.07257910209190355 4.3375389208517392 -0.42522096363566864
1.98508700460147325 4.33689124813477811 -0.43060182282798953
1.94833177146459513 4.40352447249057555 -0.4367478260774566
1.85517942793874457 4.45617226384193632 -0.47849841099297724
1.472249914001446 2.81355946640832499 -0.48383975626036657
1.57801901412158485 3.87111442093984826 -0.3820155009373003
1.31789878187509069 3.89382819029429728 -0.48109615892462798
1.2426624218222897 2.80240588258764234 -0.533209882824624
1.00907112891059669 2.80467943856186608 -0.48217073875756472
1.16657037943351716 4.64443294754766001 -0.42222403823451099
1.02372803718273531 4.67851822257204653 -0.4930676237279556
0.56187650701670822 4.04852793069683958 -0.61189270783861527
0.32910472917763484 -4.68000249759359832 -0.49389184136390624
0.2874553300294288 -4.73135425423304845 -0.47451247051007528
0.32015047099409111 5.00004569730838 -0.61849557088350127
0.12879062030819671 5.00059207381019544 -0.67893282839324753
0.03684242339474218 -4.9158824006865327 -0.46347896368410346
-0.80293121802126732 -4.918508575345375 -0.48781891700906932
-0.89518137561330657 -4.87137770296472006 -0.4909706512691373
-1.070338910236319 -4.72443971278974661 -0.43781804860732515
-1.15434339073136027 -4.59174964635943006 -0.45474659586783572
-1.50222805895676537 3.27971107635888437 -0.46798027852572555
-1.62609462672830629 4.23098204240580511 -0.42293497901445837
-2.70562848301974546 4.08979275123266905 -0.45223592014923519
-2.84870266424958496 3.5787631308648824 -0.40610762539245365
2.92262346170082443 3.59606828022835989 -0.4056917903287422
2.86772010377302289 3.63590894960837163 -0.42464275221743314
2.84641095044938641 3.84876570891934522 -0.45265433600817717
2.8522805332395138 3.4073441392838979 -0.41338687915284922
2.81400535151655573 3.9477584929180547 -0.4203856160650471
2.63199530926378733 4.07435982401053653 -0.44610917739016032
2.4316480928985782 4.1323474072978259 -0.43068762584381531
2.4208414318965894 4.17318994020760492 -0.41348146388610868
2.07737672520742844 3.55639950991594578 -0.46538435143741824
1.89848295518635202 3.29177157756496319 -0.47065258260899229
1.83218240250515585 3.74446722644760532 -0.47130561972051538
1.2548436344024414 3.99417435493390149 -0.41650252167653401
1.10533967672227762 3.26430833408233356 -0.56526697847621732
1.22791589174780436 4.6739342900213563 -0.42480550447496401
1.13348820397257133 3.93916336443691817 -0.45577522340878956
1.06963614811164542 4.64674534459040434 -0.48410385015078217
0.96772936140501731 4.06616636967841671 -0.41227323182805176
0.78264428858374935 4.11476222282323256 -0.4173213380713594
0.38722285337302698 -4.55878574486338195 -0.4774679144975435
-0.49521279101763177 3.59515427865183801 -0.56316583482020333
-0.4864974325722069 -4.16268026726862939 -0.4798710472982915
-0.67752351147332557 3.59915015207595346 -0.48240969287867408
-0.82295408192836594 -4.1477609510160125 -0.4983685566605035
-1.49347482265322373 2.84845816664849849 -0.46292205353515681
-1.52499783036533687 2.81005684950783596 -0.48614298530141697
-1.7690055901182582 4.17962792161465391 -0.4491838427567344
-2.33630394126205099 4.33083180663210499 -0.50305641447733629
-2.38831920318775381 3.30738871096933806 -0.59231097580881042
-2.64636945218811759 2.86826159719280938 -0.5519126791582446
-2.68741016756963846 4.00857310437077263 -0.43375480484988693
-2.76602144843688791 3.98380605166565571 -0.42860611630355339
-2.83244258135249449 3.86800972707577628 -0.45690576104685021
-2.87782707517165859 3.7452129979577915 -0.42756421723533011
2.71872314297277828 3.01486797296440434 -0.44843852818925456
1.6303728461009741 3.79682563201853851 -0.44906708469763129
0.96499870616769057 4.71294030836862099 -0.53449959034162797
0.73563585679521459 2.83927910489063784 -0.49321866566410127
0.7369810352552445 2.98714087956366381 -0.48405871228217007
-0.98649064569392253 -4.80553427807295197 -0.48968233555633994
-1.68464063814479581 4.27400760698896409 -0.41032514236245526
-1.82320748634215102 4.10277163514126553 -0.52083796982673669
-1.90311145979268748 4.59790954149645081 -0.56085505621532816
-2.3971351054284189 4.35737245846493071 -0.47465464130401069
-2.8473203231062314 3.63847239014420643 -0.44386141076889729
-2.92890885753161134 3.24567375324959162 -0.54303381060076239
2.86295854742810452 3.68787950459718772 -0.47391643103167569
2.74427132295346121 3.1328759801506707 -0.48464409148624471
2.70189715568988786 3.19689757782811634 -0.52071095248798938
2.74773364747376814 3.34741147861793298 -0.51968972886715847
2.70459654083396694 3.8290463410703155 -0.42788020135209143
2.68745425131248616 3.76854765605178432 -0.44814395902114074
2.64428321438842895 3.83297337200442323 -0.42745662890433134
2.17993895419745609 4.29552493008338221 -0.49644353012144293
1.98632460706317637 2.84739466587065948 -0.63353411026419526
1.6786088527249301 3.79336849021929456 -0.47930061645506705
0.68239569274345957 4.05729722238365831 -0.46441293766093916
0.42036618274254195 -4.36067979314994503 -0.69550707455924976
0.02948067145533623 3.68453862918686204 -0.54785669173271623
-0.57949029265537644 3.58964068285342375 -0.53601415128935581
-2.13074859952006612 4.49384571111430198 -0.54246757243249566
-2.38896594089404246 3.53182068834558915 -0.55483520276021714
-2.93927650458526468 3.53809805308649894 -0.45718630124279375
2.84006439835047964 3.48404444509218614 -0.49299943460276119
2.79251134683157209 3.9060771719442462 -0.47081162308573765
2.68918396796779025 3.9990643497173739 -0.496092784633824
2.62418102566399769 2.95627503767527067 -0.48483147935525428
2.65213047333441354 3.88415287053085567 -0.46006928193675445
2.63120159123262853 3.78932814756308201 -0.45444962964257729
2.38800269990830127 4.16079081062883382 -0.51355180911127585
2.31202119113501592 4.22516951271299135 -0.49911158386298404
1.82390429984394009 3.67022940779614881 -0.57096176191460069
1.44417459055057029 3.82017521583316899 -0.51012778717021523
1.17368612318813481 3.95397512136900264 -0.47262014588710799
0.88362282882095644 3.97157589258281707 -0.48344995523447049
0.29596804305438446 -4.13747126350989269 -0.6068431473200171
-1.69556902488368322 4.16077092073231647 -0.48092222486574177
-2.12402331164668379 3.83519135634786235 -0.566233285124632
-2.30965827708109694 3.63010237963834159 -0.6013676807581585
-2.83413900629523097 3.7346061279301086 -0.47977362731512441
-2.87896362998329902 3.57165589694819197 -0.46277466915464632
2.81587687765331385 3.62457017549877003 -0.52378750545564423
2.7656546772260282 3.76309698970596296 -0.50159484476157978
2.75861481127778063 3.87016489317185197 -0.48323136867578503
2.59210084190317547 3.87324630835142747 -0.48564166591667352
2.44166027150416154 2.93277024350864268 -0.54086511657103797
2.01092673310134362 3.45130417589857563 -0.55564917543270065
1.68789602532890193 3.26986176768574488 -0.59308587204436203
1.29191097167831859 4.65153818832014654 -0.50515166442930259
1.02382527526141165 3.91203005817921623 -0.49671957578772674
0.812893361238754 4.00088639547335134 -0.48859344776330838
0.74948543374714482 4.02558394088489635 -0.49294647691524579
-0.12928225997428971 3.61408128517815186 -0.57127412060269622
-0.20345813206555993 3.59830703033149879 -0.56470350711339035
-1.08684419576325975 -4.12577462063128042 -0.65535817396016793
-1.43241983390611094 4.80262986348147791 -0.64805626435043906
-1.46007473675924615 2.81999211043091469 -0.54367811776490016
-1.5772712558115618 4.2024135406969636 -0.50161171918955749
-2.40222171245653149 2.82354161289685424 -0.64513519432295574
-2.63679322536857352 4.15394063941449687 -0.49228137750416379
-2.71592037382560614 3.95557803597849311 -0.47487575411229377
-2.68362305816921509 4.03600395273253376 -0.48562589838494225
-2.78514018418492038 3.85361725271569711 -0.49029515289961045
-2.91488815731417183 3.61474442946209118 -0.48547454242569116
2.81102082403469478 3.6510779887585767 -0.48906077707313234
2.61240713532791968 3.2629055613692115 -0.55067681754108588
2.52544849562113605 2.94176183907991051 -0.57000915593568724
2.57294615996607456 3.83989772482040737 -0.49938815408844173
2.47840131729666524 4.09831468894777995 -0.52922052068837955
2.39980078704350097 4.08406599364955714 -0.54411575843845938
1.96262231891315686 3.30992394278529201 -0.60917910671669895
1.21194785138608419 4.70937556203253216 -0.48727525662178117
1.11395108768488926 4.71691412368035401 -0.48426512143125927
0.71559465863841976 2.78696707098036667 -0.59818684257225552
0.38049381327401804 -4.16715737462772751 -0.62543519102646905
-0.16869267487787898 -4.12979086532536055 -0.58530850050931604
-0.82824514397628912 3.76718579549359944 -0.61842897234176142
-1.00589199565046661 5.00035302335340237 -0.62384201763311498
-1.1484253278459291 -4.15314383917619523 -0.61253245072194717
-1.11981960818782977 -4.64164310634713484 -0.64885126007101934
-1.79172115584121672 4.09020421125867095 -0.53747307181190418
-2.29170516387405199 4.37580347277974369 -0.5740825494574201
-2.39780844165019635 3.43072171399105663 -0.58580740322001934
-2.71650010935020036 2.90710398811583115 -0.55088859450843586
-2.94767425321130361 3.50798651179225018 -0.5626265073764477
2.79420986344415923 3.69498201534483162 -0.5235271390374856
2.75997450382259624 3.65605856200472923 -0.5189883360498434
2.66890895722637689 3.93176353545337642 -0.52296930796657182
2.69773256537710848 3.69221114691170982 -0.52439597436633534
2.62269389500051719 3.75865628617629621 -0.54150409294873669
1.99254859196524237 4.35550434399535202 -0.58090059928888127
1.86707492587297885 4.37398084164065004 -0.54977441854474551
1.59332849216673944 4.56033890146126009 -0.58640317260520869
1.26481617708434468 4.72611684828536927 -0.5134355443148434
1.08315513060043966 3.90142277034149654 -0.53149242095933646
1.00136622877582226 4.73278054534080894 -0.54710031846296925
0.94124532002549033 3.99021858649956629 -0.51933092990750351
1.01397258911424837 3.94321441564332353 -0.51933514678289916
0.8736670356505416 4.04019622671576784 -0.52497037121032286
0.68465408375710313 3.25716611899574326 -0.59818353681111225
0.66128673523197523 4.00209414817335141 -0.52756520566975029
0.25493501825421921 3.90633820000672394 -0.70874312574091003
0.16279456459286931 -4.83309629931904006 -0.57620851494758962
-0.01024402587320334 -4.91036266784047726 -0.66183256409585955
-0.60129039987181188 -4.12901545576026496 -0.58728728185270118
-1.41999487252391665 3.25865442356688284 -0.6253705911964671
-1.78184070941215156 4.59615873325388957 -0.58104487477910793
-2.19049434068041915 3.27471890469010551 -0.67689157697458358
-2.42866147129030718 4.31588612899572155 -0.51852030539277316
-2.58644307011321573 4.1225022598072254 -0.52907715960257673
-2.56457758665874413 4.19948917434877789 -0.52627489883042422
-2.74138232355732159 4.01006056040038494 -0.5285552231467413
-2.75575922701461629 3.97361470614760481 -0.51070711835217597
-2.8778417293459384 3.74000461050547583 -0.52451972234512789
2.69867089583773367 3.47497140184162889 -0.64418229178117803
2.76213687975961086 3.70139661421684885 -0.53074285992138048
2.69522399499122134 3.66306001389871527 -0.52704478463810778
2.58453741373863455 3.02372934222585421 -0.59853972147351664
2.62630427438479019 3.31861330680849331 -0.62772273587107785
2.54937200807925102 4.02672678656834204 -0.55772161717840374
2.61083105440809193 3.92321023474537967 -0.55522563001377279
2.57389808403145715 3.8770502768973385 -0.57644507707247739
1.89868139968698046 3.58073093793605235 -0.59144676007366515
1.82078881011610694 4.4480702452128309 -0.57639986407620647
1.61235030155151393 3.72161555065528971 -0.63104230795636862
1.54872940227235611 3.76503428917145166 -0.58819878621677457
1.53236080922880236 3.76637305361519825 -0.55812648332797477
1.34361102062753734 4.71358581299794022 -0.57031951056187269
1.13761805648977732 3.83607511572453275 -0.57455034763299062
0.77989551484955544 4.08467946371272372 -0.55357245338687844
-0.25935855115445022 3.74225217659531317 -0.74151887792456961
-1.1607727638236609 4.00631640968393032 -0.70571764460166675
-1.18355911947714576 -4.48446182507602842 -0.68966551606354531
-1.3957486027801187 2.76349844019580138 -0.71187357268601592
-1.83892910582893099 3.26515487829664819 -0.6336442339417927
-2.18344703435960552 3.72998206712403046 -0.67330049876311482
-2.43887344084629687 4.27244472934513997 -0.53674980778903691
-2.65628376996574156 4.09763344079656289 -0.55784978916303174
-2.82801998741052385 3.85841749438727355 -0.54836822498307658
-2.80897214790970073 3.13880436230916571 -0.64064926846978498
-2.86467741693620193 3.1166314781015676 -0.56703340406630354
-2.88452621569825718 3.54142074080127944 -0.56075170087631099
-2.92284774659745406 3.6018668192238037 -0.55054467957008557
2.64504780065663558 3.13078103641458849 -0.58447910571234996
2.6132944927170918 3.66685602531447685 -0.5697991261564701
2.57436849128923662 3.8143876399550356 -0.57348281440447491
2.43052078475879219 4.06325785823808783 -0.58936797304657917
2.35002651138167762 4.08691921059443697 -0.63789619289210431
2.2173910757564772 2.88646602645745975 -0.64034729897130538
1.47107253801747162 3.24797289594684058 -0.72780098387269843
1.33485410046477093 3.8038016504538108 -0.5770418332837991
1.40279031242850127 4.62997738210480048 -0.55389591030432828
1.49440442422653508 2.79246394430958267 -0.65950053953567289
1.34219534916546746 4.6255556029245648 -0.57711595728124532
1.00886446014677711 3.85225934192809127 -0.58375723141097779
0.83402385788474043 3.95602198217748491 -0.57367627472820781
0.6572099135034658 2.84489004330743844 -0.61516991493199757
0.41623946132777484 -4.20112291565827345 -0.68543171339180797
-0.53653562705546898 5.00010876107487956 -0.7884683459823183
-1.41534513414283358 2.83193142944325205 -0.59721803352156932
-1.40459919619804552 3.13931782177489405 -0.63529577956939465
-1.4508276713603756 4.20799713815123244 -0.69446786932913607
-1.60332588196524872 4.14307414282071385 -0.73571166407872468
-1.85745386279593294 4.01914692295354392 -0.63875673653719911
-2.08031272740288831 2.7914593679149724 -0.66896726399715667
-2.38297541176831729 4.33858663804319811 -0.55414105061234209
-2.51067437210757261 4.19427982599818794 -0.55400680877300668
2.68671086391426828 3.40374635046884588 -0.63629783962176067
2.68145060287080383 3.62982448916748401 -0.61465416777208626
2.6061258788574917 3.66273006514026722 -0.62207443840411192
2.55801102746996323 3.7685791167520617 -0.59609735908156636
2.47292968768444599 3.91205734792668958 -0.63592055698579886
1.84635883213668617 4.3964338756908834 -0.64821286061013661
1.61706597815622355 2.80451739849456683 -0.66534834820780187
1.31558096829483917 4.74141903495934169 -0.59582400881716957
1.07709627594907165 4.78784497991867664 -0.66025407477975684
0.90781866337261663 3.84677201498400034 -0.61820644881016906
0.64874130696865318 2.79706831712783188 -0.64869372377502132
0.07260038119032627 -4.08103800134722672 -0.80410775387763933
-0.04608067416367423 3.80358264072858088 -0.77929314162745533
-0.12374879748303821 -4.93743001606694154 -0.67733010145789208
-1.19637789938047523 -4.17782211677255422 -0.70522847769861807
-1.68153664448823603 4.59186487780044139 -0.72153142403877102
-1.74546958715535294 2.766067318256904 -0.71590091278098633
-2.44235404717228199 4.3017160397224492 -0.56373318145746132
-2.72322806158429609 2.93284144672663283 -0.65939173722599298
-2.87194762265981263 3.1882759928347908 -0.65677537277267295
2.50224893764803857 3.69277635342012456 -0.61335734160608502
2.00115296781522112 4.32828592847042426 -0.66853714470064296
1.83387684069948498 3.43807971370565557 -0.69569453096534395
1.47347689646063551 4.58405739768508802 -0.6014839575262273
1.3615533801866766 4.6127021124142491 -0.59201682487403351
1.13441655683732612 3.82864820820808927 -0.60325479479390698
1.10117887479491405 3.77829937838346863 -0.65269042639032926
1.04376804485213825 2.75476361559435556 -0.76063865738045966
0.73122660270325535 4.7489510884062982 -0.7695458066894838
0.6867999729518931 4.06284857761008933 -0.63837945858201783
0.57617421445158201 3.99923693119378676 -0.63762472070229226
-0.83321570643452514 -4.86155657590805568 -0.77666648480729716
-0.97092472224665582 -4.08382955728653663 -0.79734579388696247
-1.00062650392680985 -4.77103015422604226 -0.68586935236872326
-1.20812408830566231 -4.30443603003223174 -0.77842624400896721
-1.3745207530863961 2.77588826624317786 -0.69086059598549066
-1.94918301119930248 3.90614518773017627 -0.73656613745970523
-2.52773300804775358 4.2254911085759117 -0.59976293947224524
-2.57377097476563632 4.16347408859908708 -0.58579848042191429
-2.81010528343222665 3.81032647530126312 -0.6885114419642544
-2.79301631100406178 3.15516668258165778 -0.69175441956403116
2.50273804325921612 3.25547706041687546 -0.6499784295504234
2.44967462671372438 3.79325341767608037 -0.64331831987573962
2.46350729804674895 2.95445838309847675 -0.61451383885700983
2.42502626340256899 2.98116732091856607 -0.62994480048909696
2.34247909793403686 2.9287988760075887 -0.64026014747438653
2.35192469146712924 3.99853574629617992 -0.63743449958814313
2.15283269620405004 4.22020919718813659 -0.68677231621044632
1.7502256471923141 3.61218897449567677 -0.6720715640296232
1.78974990286763935 4.40111142837319846 -0.64070387504897708
1.3625288780916609 3.76943457475590415 -0.63242520601294339
0.72739004212878056 3.95250100506225754 -0.65472364555942975
0.40681298989344283 -4.42740149184804377 -0.83621318884574047
-0.16122902264942815 3.73437184086298624 -0.71831961580902504
-0.58051785443836357 -4.94040926596846219 -0.70245932487344642
-0.70693500325719427 -4.90476795561963108 -0.78039557453095965
-1.82681326592102478 4.01689339176538063 -0.65507600929737653
-2.55142474678942044 4.19962450001593712 -0.64115881546602238
-2.53240337723191411 2.81888485732293015 -0.76851016626102264
-2.55079439746913472 4.15326027878160975 -0.61689904009208363
-2.75123364948764726 3.00700536061052892 -0.69512658076902856
-2.89208309882528214 3.51526535178185773 -0.72285384960994847
-2.86400956573414156 3.65037673068303858 -0.71954634010219931
-2.90981360699368086 3.4456294278781181 -0.70945810471578974
2.52226263250318983 3.1653380973579397 -0.68514815102224846
2.52588189479706182 3.65985911697061894 -0.63442316800186405
2.38865029703545861 3.98143327547623471 -0.65721738293190191
2.41637469722957121 3.74734497432169666 -0.63501856249213895
1.74664582421759818 4.46817820370177277 -0.63899387387339801
1.58135944097613934 4.53019410502761399 -0.6301412540146013
1.39183544237794976 3.76305331153130451 -0.65966773760693831
1.45812594254275418 4.63537825623412481 -0.63101420782571016
1.1937809298624007 4.79159049232590473 -0.69382665832471568
0.81591106050005846 3.86415035430399323 -0.65486977637533672
0.60737986402259003 3.24261063732925825 -0.70759284976496029
0.2605141333407256 -4.71953287253802412 -0.75868043510643468
-1.76386129138162584 4.04048748268837787 -0.73470698066674245
-2.32499035756952122 3.28816549431753069 -0.73114346969182409
-2.3338938920174308 3.46913205749788434 -0.7108300572751135
-2.61883915397077782 4.1046077388534199 -0.67273358336643518
-2.86746777471086833 3.49038386695227532 -0.68011768210177848
2.60470357785723516 3.51936205122182644 -0.70706282893403039
2.51494267249756165 3.05340927476786117 -0.66966680903605347
2.31848079764975168 3.7991900912268024 -0.66779988541107926
2.32941241586655501 4.02975467647323971 -0.68504490997523337
1.69720005050430101 4.45080819422890794 -0.66613647677727938
1.48053395840456381 4.6475173728583572 -0.66833699438392968
1.38360070094264964 4.67938722116560335 -0.66662533708929095
1.3115266000365331 4.66638161206723012 -0.66417056398717567
1.22106633696628619 3.77798201248618959 -0.6530727895560221
0.89558835325392128 4.7867076516469016 -0.74570347514218815
0.85203523498755274 4.75852332430406477 -0.67957789940217572
0.47701042234846458 4.06037380608314447 -0.75635726597978381
0.35677708891049603 -4.58573891623696905 -0.81963731436874943
0.32486017130911515 -4.08157226378712856 -0.90266706850242739
-0.38982025634247097 -4.92917118896915252 -0.84824067980232476
-0.70204364603557223 3.84599313639027685 -0.82368270674867849
-1.00921289290919791 3.95244253150367619 -0.75999051152228392
-1.74649782097922679 4.62352372267052658 -0.79202828041493067
-1.88855224586285009 4.60751627322777502 -0.74009539198565932
2.57466887061622529 3.61057082317653855 -0.67730597249312208
2.55577875145662459 3.33606195338109179 -0.70016278020091671
2.542524150332929 3.57734371656713979 -0.68701676007697432
2.45535472370423635 3.25829448534776045 -0.67299533693148195
2.46022104777711759 3.72170845740250833 -0.68059031042534923
2.46768051672973776 3.08435911415841657 -0.67891987186850122
2.43651634519384386 2.97612934974228383 -0.68181206470445843
2.34953899531054722 3.88984261985738611 -0.68210977816653506
2.38529019377259788 2.93508049559306805 -0.67505894628741037
2.26308175128314204 3.88508268855151373 -0.6787610345228362
1.80118145524466033 3.29045666994919328 -0.73138218202465044
1.70746768032863505 3.48028538149028854 -0.77605015904946817
1.68387396332755634 3.28146485666706411 -0.8192354906866044
1.7552887105221795 4.38967475701326482 -0.68446838392984799
1.62119018975960971 4.55275666972132864 -0.68819627451545973
1.25560998289115511 4.77060733038779716 -0.73630742636170099
1.21292819200414503 4.79905144756771396 -0.76765834449696224
1.23711320519255041 3.76315864177670756 -0.70984016057946109
0.97785757084579794 3.7590594063949383 -0.69565847889758992
0.54879719991518172 2.81041069726202331 -0.74669932443845877
-0.13675924615490637 5.00024297037551424 -0.78741022610340805
-0.47465546851664542 -4.05674644082478419 -0.90849038941362137
-1.32345162146370532 2.78050930277347108 -0.72811954802020962
-1.98081208613047854 4.56945637870357402 -0.76171198403176599
-2.25913064217667969 3.53868315841432191 -0.79863924681656506
-2.37393902547751123 4.31797116997329855 -0.77851790088818595
-2.5731058552888828 4.09547737865676709 -0.68549468314758677
-2.61652510840491503 2.84531890001486865 -0.78289225176651167
-2.77300503889714411 3.11588248956158553 -0.70350557250942913
2.500429176843459 3.32174105510028062 -0.69988985037911722
2.50934575418586281 3.65633989061030551 -0.70430579334984322
2.46125754574263755 3.20244800648113204 -0.68291727498252053
2.28418560011513483 3.79149020765382705 -0.70907754988982552
2.2953916117183164 3.97449751385871863 -0.70921515822098968
2.22452213340487637 3.90795132908643161 -0.70521021200558121
1.82152085075803938 4.38980315817071975 -0.71913010843132708
1.67640607116804774 2.80453509185053784 -0.77753810623536912
1.73444534831099917 4.4556881803226096 -0.71159245969336749
1.55915769729506359 3.60308498982285919 -0.80201944132338787
0.8469110118954416 3.78513797954102715 -0.72483036427150815
0.66153719718549198 3.98302426256060338 -0.71270745762028098
0.54930893861129315 2.74638946134519468 -0.79353871089238959
0.20760458576516638 4.96088397392647451 -0.79668225388957148
-1.31862199290274873 2.84780075842004488 -0.72019316304377523
-2.09288364604745247 4.49822693004667773 -0.76281604594044461
-2.58572351235808373 4.13056822339663299 -0.73446526329425044
-2.6473116020240699 4.03137472855023127 -0.77684734115822596
-2.83383488932206928 3.26411913586524705 -0.73608121685555117
2.58668062853738689 3.44292646270675951 -0.71740490173966964
2.53224226017828569 3.40759848758949113 -0.71816632205600472
2.41597097164834818 3.24031895592105013 -0.72186111210493431
2.39951983577346306 2.95016072635196291 -0.70916960331363377
2.31327205990212059 3.78686635609352962 -0.73245324473038775
2.06052821415760645 2.86775366508760854 -0.74461075376446328
1.4527041690472009 3.61140685910547532 -0.85258390260856776
1.26702513695205865 4.70277873854053752 -0.74707121878479577
0.72645231931903331 3.84981164249889396 -0.76180859208000884
0.65063924558074848 4.74288619918985876 -0.85988751858277612
0.06535853000255452 -4.80305225165745941 -0.97144369095203231
-1.27261776717112185 3.2296977076232114 -0.80833584148018889
-1.552000695534133 2.72904213768498982 -0.85056365250548505
-2.14299816944611621 4.4804688815306859 -0.81719819034589225
-2.29701406589380275 3.39701907542975823 -0.79786744414426791
-2.87246753627117934 3.34623272148982531 -0.76537325056652705
2.45834960769967292 3.10237259230254736 -0.75106628441308232
2.47064815624429057 3.2913629014853929 -0.74225900663827593
2.42762058158696314 3.00143539361921841 -0.72951547406750017
2.44733093634975152 3.17305662499942498 -0.7545367029678407
2.36523877474959043 3.75323735189945573 -0.7376333426577274
2.25855163894037103 3.84660330373859161 -0.74951272084925114
2.15737268900973067 3.99451957297401039 -0.77469003649434864
2.04111198111172376 4.19814343706652071 -0.8010427941829138
2.08840317672342612 2.90100627903429675 -0.81540296210768659
1.86612075059583393 4.31977834607874289 -0.8146390221994475
1.75411873997418266 4.4416225126500759 -0.73946268564006623
1.10229985829918498 3.70376982456147585 -0.77536175267715868
1.01717754783457703 4.8232142776807736 -0.80869346485430871
0.59026069080651966 4.0556503454774484 -0.78025777093087789
0.48105335750273415 2.96137675720261973 -0.82488796925582286
0.52181658340915493 3.99588791418679268 -0.76698140626192901
-1.17292621848047118 -4.10352182569102997 -0.90335373714082512
-1.60890560184426579 4.5785558211550601 -0.85663247060667425
-1.60859091520024622 3.21734764270530604 -0.90183315528441355
-2.02935605214312975 3.22885317326062715 -0.9174148174716803
-2.6585317313180008 2.89710398102222699 -0.82843095286194612
-2.81519023554929237 3.13232376285580871 -0.72989527125622278
-2.84565995184154019 3.20274645237010569 -0.75000557606834428
-2.8721776000062782 3.41071735356026284 -0.78590141140538883
2.50611768580658767 3.35196366467771245 -0.75390702306078083
2.53744840122427373 3.51847046755437276 -0.74231699941718865
2.35680056534498705 3.2320581151772152 -0.77793296750512908
2.2564075358770479 2.91647275924773508 -0.78949557133216042
2.04247618377818885 4.1387593753542804 -0.8291268680766628
2.06020699905263038 3.93793893847783449 -0.77339489317939469
1.79635153968799899 4.34106975387979777 -0.77552520663401237
1.58900643364654615 3.53959844062050211 -0.83184200333346836
1.51671218018608744 4.62836493682859285 -0.78219119984222518
1.38581516038766539 4.70160366136107655 -0.77941263680321271
1.38836151690573484 2.74472886083440892 -0.90830391672203925
1.2972951768412706 4.72365420746071862 -0.8080073651098616
1.24938422820764172 3.6912233571611579 -0.8060759400927574
0.78839771172454809 3.77862030584971098 -0.79617318546070681
0.74451252986445859 4.76224198517087949 -0.79275943921202774
0.65565797714763907 3.91624578182557226 -0.78595239413972895
0.48495277885164967 3.21971628294392875 -0.84534394563366022
0.18479792493295161 -4.75604849714574929 -0.841447560472389
-1.03679989452263888 -4.69422564175366652 -0.9073537169503304
-2.16127834293491095 3.60074324690057823 -0.88935666700719718
-2.59049126154487341 4.03506481129250449 -0.76464292792763366
-2.72506589715770176 3.0317817215228704 -0.78704105374871014
2.45164600935369004 3.56212748214484698 -0.8051198990549967
2.22126779162744681 3.72138617318090192 -0.85142158456477424
2.16048107344064011 3.87974733822422779 -0.78466093772730428
1.75770378042495801 2.81572793229333085 -0.92129915184941991
1.34516140070268309 3.22742336854567213 -0.89519102756626989
1.1974516583646817 2.72998507417571945 -0.90308060796648915
1.23539155536350065 3.7067508697134901 -0.81049162051698465
0.95653303432550996 3.70999077458525894 -0.79197876981486348
0.49896029774870765 2.76024560667712482 -0.80841536035291672
0.41616648000333178 -4.14984484314158397 -0.93743319794515267
-0.45287609998723183 3.86568360143129386 -0.8970838492323574
-1.19555998797411367 -4.38233699292570922 -0.90381113505964872
-1.21516677805116036 2.80111051146844048 -0.82248233938899573
-1.32730203473253261 4.19828869513729419 -0.86176444573028754
-1.44918757888956473 4.63802236280461599 -0.9660870314642126
-1.80275911205335793 3.97905326825767602 -0.79700677148917609
-2.05864683727021358 3.75235716755212945 -0.83791900359393678
-2.31938046862045111 2.76203104594414972 -0.9201050520726477
-2.82715172282358074 3.35731844087496523 -0.79125539977611037
-2.83010315714455096 3.42843306654444824 -0.80653070375351144
2.5010767935677376 3.43746863310820849 -0.78286769165119452
2.22422286576892336 3.68785656242756099 -0.8411307596912948
1.99243002940801572 4.01623627871751765 -0.84499637863913557
1.99724823215618752 2.869576693533189 -0.83453415464439584
1.78577957767955597 4.37445833007100848 -0.81063695794183721
1.15300967457205905 3.2063911619238854 -0.95967483123993025
1.10184320929881396 4.83585846003648179 -0.90088185504343565
0.71400803912837785 3.21637688711192027 -0.86844626879115283
-0.22683044117012779 -4.90331624565954449 -0.93167475199905381
-0.95833259571157858 -4.7635969345717033 -0.88722265970187297
-1.15318170148995147 -4.51618783383596156 -0.93162346611460278
-1.23767401470280003 4.19014059051878185 -0.94780991407856474
-1.44877969992888067 4.15267580669018788 -0.88609763874939873
-1.58687127234097147 4.1041784558712342 -0.85916725467738764
-1.96149816733621951 4.55417898380633535 -0.82976415088447142
-2.66602660801728275 3.91640606086775955 -0.90192704599825124
-2.77579871986434723 3.06243907848245112 -0.79741468567077001
-2.8453368951780047 3.36744591152420192 -0.84458983778084717
-2.85691283246727057 3.47276942299708447 -0.82565448976818856
2.37050383916181806 3.39282265938947081 -0.88000320457651404
2.32582425761497191 3.27670229616619446 -0.87163707618815878
2.26002370783206352 3.61244743754855202 -0.91016301265911725
2.34272518869708346 3.1592312084564016 -0.8410423658421432
2.27599739453513195 3.02351903326276439 -0.86178134388830474
2.1869837691376528 3.78804256829697517 -0.84232056398716093
1.93368897243084281 3.95873179638418859 -0.82166798340647462
1.60357554656632151 4.51025227422786212 -0.8915200691224251
1.19044848312734586 4.73535744558949112 -0.86014896680939901
0.84597436203411158 3.72147249597590779 -0.86148177226415679
0.4485627139708635 4.07806624399513584 -0.82781113054846533
0.38279054661918244 -4.10644923747531454 -0.91189807473893791
0.27269358710648062 -4.67492336210740866 -0.94582747024983027
-0.51640340325430045 -4.89440712967295344 -0.99223720561515372
-1.01279959489242133 -4.03143797610832166 -1.02598460698838156
-1.80444567735730277 4.61694891134383578 -0.82134827820591039
-2.22563292264315749 3.26425569300102669 -0.89517439152011102
-2.2446804057591323 4.38328389665561069 -0.88039658153222045
-2.60507407488782849 4.05268316909739124 -0.84374668132135411
2.19966178520481126 3.08304011152889945 -0.94619986129020905
2.25952163122232674 3.67893714400055449 -0.85768381895667711
2.13538498237954188 2.91178381938981756 -0.86293434633329102
1.86378866038702129 3.94766113259518914 -0.82846927292806105
1.83220064412338335 4.25070192540390313 -0.87434706794745198
1.50708272340966221 3.42887318663305507 -0.93324419842042161
1.47165655883802859 4.64211582420343127 -0.88047286134767311
1.12417070362381799 3.67435676826617375 -0.85189852337902749
0.85568423929422877 4.8127882069055099 -0.91941278957196193
0.56657602523866546 4.04182538288648807 -0.84248598899457128
0.40298891413984522 2.76119755964641511 -0.87973049387954749
-0.1250834022705023 -4.87768967153844191 -0.96792387655317291
-0.78935491386133916 4.90961449697776775 -1.0057002532515682
-1.20478219422288224 -4.15511153957050006 -0.91606225958316279
-1.15300128480641839 2.71383283069232961 -0.91012360939879322
-1.16172044753836179 2.7418771295467339 -0.87652300926285409
-1.64127554410014587 4.59494032775882388 -0.88316772164026747
-1.7430687438494048 3.95532503081836762 -0.94250864153156022
-2.04014035167193608 2.71006735023102996 -1.0161055673748931
-1.81540744048168312 4.598935225575282 -0.87316084846361097
-1.8721366729448552 3.86216901786635258 -0.9255547765985106
-2.04703074278729691 4.533512513617036 -0.83800669686431051
-2.12260057747317932 4.48234497261157294 -0.90970199563180465
-2.21353387923460687 3.4639945689014664 -0.91605989546741595
-2.58793461092770638 3.94492094895191459 -0.87703908926534191
-2.71704529698938702 3.01522206075066901 -0.88145807668828502
-2.71964951504717467 3.80769306640727967 -0.9251145989665569
-2.78875041528931078 3.45894836231591141 -0.85109091096946488
-2.82933395896174966 3.52524328135984799 -0.86863270119020342
2.22658864769142184 3.22101700787385603 -0.88905784056860371
2.15753637604194992 2.95527769388528538 -0.8981499309367007
1.87346831418051929 4.24606418712469935 -0.87681024278857667
1.80444663998312982 3.99288384663348506 -0.84609001781716586
1.63435862876360538 4.02978256008275881 -0.84391049522281991
1.56635855736913632 3.26815515387496314 -0.90558017308601224
1.51830207969359132 4.02702959483797418 -0.83699916588867918
1.53722398589610165 4.10732166853552716 -0.85698924197752335
1.42098742233796216 3.52948731337738009 -0.9551583926202688
1.48428636019239724 2.75185010280301601 -1.04218673736581668
1.50199742550872273 3.96098852873994867 -0.85643377359656181
1.24469234103104531 3.63368411668819258 -0.8956097234353424
1.13322358327488182 4.81998746785015264 -0.90546572758480481
0.9689987024756026 3.67328167909984415 -0.89617199786067014
0.66453574837838036 3.85888448675557427 -0.8638687979759947
0.53364738971088266 4.7134684635867039 -1.01433502868456316
0.51393822049459204 3.97815747097918759 -0.90015589458390899
-0.34515128775936738 4.9966516278471218 -0.87525622162920835
-1.16605930320426054 4.73349347610018967 -1.0254781939252704
-1.11067485906982832 -4.58077139421061208 -0.97896102277881747
-1.14431097865136544 -4.04347503900607919 -1.08937852945078784
-1.74122563262475261 3.96149406793545067 -0.91744014322434708
-2.50764728464725017 2.79375486275349916 -0.95489078829499541
-2.66135677612006782 2.99240663539515994 -0.89606545043632968
2.08655936060563185 2.93454553003200447 -0.88093419390968075
2.04539921362103305 2.91167135453357329 -0.85642527647961253
1.95812160698654503 3.85478540756632126 -0.9131807902656407
1.92028100040814875 3.90243518648629051 -0.88665663915096293
1.89137562941209647 4.12159445442228822 -0.90831240200968633
1.94024430207408782 2.87995288521639958 -0.90624104472967515
1.86491445604147255 4.08097706243365277 -0.89941941206492082
1.85244669290969077 3.92683238727187067 -0.89236261414413831
1.71084247609014084 4.0247758440090422 -0.85509779850555057
1.81722788380655342 4.26008891348181962 -0.89794712102803842
1.67445723915098932 4.39858933420369258 -0.92327797617574747
1.28615054673716989 4.73084780242533398 -0.94159662034887637
0.55166667718251661 4.01262195270322941 -0.94041080747344663
0.32639168400015606 4.80340816031270545 -1.01122882269301329
0.3585196989553755 2.71047923667214041 -0.93414920937311674
0.37121591348329286 -4.49188044088365945 -1.04513751753376982
0.05633595395436905 4.00083138147487993 -0.99257831675025954
0.19724286869677038 -4.01552122105047005 -1.09199778117127244
-0.25861238141849541 3.92054190439823902 -0.96125872081372932
0.09316891877802014 4.91053302094941468 -1.00745168766911486
-1.15923563087460191 3.20897031162476365 -0.9138555938556816
-1.90911952048318145 3.19838514313316979 -1.05749685657028225
-2.61447429667984155 2.90897599689889308 -0.95124538695276328
2.27484497574383315 3.51375846539923975 -0.94373890883140166
2.20249841533464918 3.15284937648936259 -0.94607916634447498
2.16058478534215714 3.61309580100630612 -0.91709683922747798
1.21745229329711679 3.67871428031445724 -0.89737514475535662
0.86883524599379647 2.68583735569849402 -1.01884961447063294
0.96990211373205304 4.83854895198708501 -0.98599843602345727
0.72722443384140079 3.7799763569123197 -0.92507165831723037
0.30439175898665349 2.75282898273783649 -0.94533768378964222
-0.66978810917142473 -4.85958208485959897 -1.02327615355518242
-1.85881038341716986 4.62704890892802823 -0.91107639498272741
-2.57753445763476652 4.04291338309922033 -0.89650365748398841
-2.73605131220263909 3.6029409203594982 -0.92151196535565394
-2.77361189552598475 3.65065365949541842 -0.91621010488336962
2.15396358216625305 3.65365419460208551 -0.92954349416491622
2.10994437445071448 3.04229659131693264 -0.94720118802824071
2.06984379435482335 2.90432315764862103 -0.91850323231810271
1.99697144266622395 2.87717797661334629 -0.92456378492345137
1.75923678749157419 2.82706427163676244 -0.97293714432149103
1.82705915472006852 4.17459926349040433 -0.91299626085677454
1.6507924662503437 4.24077524559556185 -0.94219099552275187
1.54439766108165522 3.92289891876827523 -0.95711015558122636
1.53595218252304111 4.20696548634496548 -0.91060079945459549
1.53868930612624277 4.01913903478677792 -0.93621584925284962
0.54643763604905626 2.65958757087164965 -1.08228339510354266
0.45070558742525169 4.13784867370602161 -0.91894245314681977
0.35069160723181347 3.19645126521458778 -0.95953814398490134
-0.01614656415240647 -4.81517004297312834 -1.07815791117451854
-1.02370770672665401 2.77413444371877604 -0.96235694076766065
-1.09124913251462852 2.94259631742579408 -0.93614941266911922
-1.31294422194433236 2.65747942179864305 -1.08599727952107439
-1.94315680478362585 4.60274603337989863 -0.96530081649441024
-2.43419598813221327 4.15184215459098649 -0.96312935582479353
-2.36178860276046398 2.74185271504772921 -1.0676477030044873
-2.50382875162528373 4.0418269547691219 -0.93973717062003859
-2.51958638444037897 2.80909144141329881 -0.9964679808887581
2.20336292618578033 3.29752271058259483 -0.98269039359342458
2.14022348866138401 3.21675562734557419 -0.95694960486855474
2.12777606537080288 3.60816205421001923 -0.92870570985300482
1.95088686213533591 3.80058639762020833 -0.95221925323450596
1.8183736285202905 2.86009955488782941 -0.97774439570362259
1.85641340371054553 3.77495727125664349 -0.95501934144079415
1.85268107192302223 3.84082408724571334 -0.97273993451565799
1.65090189362261386 3.94311214235544805 -0.98018255805226029
1.54995821177452875 4.17874299997152221 -0.96167473266308845
1.2615453045623819 3.57852658852106442 -1.01123008283654836
1.11588817650342742 4.74748768665101828 -0.98304863919513497
1.14457827200744378 3.65682211362293863 -0.95720553647266626
0.86026531337059464 3.69444354235284012 -0.95905402759906766
0.72439738633117523 4.78824496195929505 -1.01917385872189792
0.61158946043808993 3.89649044568666092 -0.98907126408813117
0.1333427406910109 -4.72291347378804094 -1.00507532323680082
-0.82017987181811902 -4.80956266802260224 -1.01957160916736145
-0.80543954731940826 4.08286497628640355 -1.09266385181050696
-0.99540639429584754 2.71732498516914101 -0.98275878482752244
-1.04023036070187191 3.18994072623969371 -1.00058577718693487
-1.43540302963546718 4.11473833726928895 -0.97764837174184671
-1.7179296466499796 4.65896434423525463 -0.95453424913222729
-1.67855369661193654 2.66962164433681615 -1.07397325332000038
-1.98060169133969532 3.70868301881058571 -0.99949878076767595
-2.26205563073150184 4.30469844090976839 -0.98934494868159384
-2.60692743839815 3.94369144276098016 -0.94528865573526699
-2.62845045039044978 3.8237574362524609 -0.94499850540014185
-2.73338143624297913 3.19872252492958919 -1.0230658209004464
-2.76829339972795641 3.57800764189860798 -0.95769089229828441
-2.80339870381229472 3.47589386718334969 -0.9265682283218124
-2.75679857503240511 3.31680938292131433 -1.04787278896844005
2.21463242207241162 3.38944382597315652 -0.98924875967886605
2.1648600660380426 3.53251101836771886 -0.95389256256992505
2.00329394886867895 3.70222162845504332 -0.95442507019714729
1.89013243890659388 3.77561891072753442 -0.95436803283499172
1.70107389255126895 4.30763348970487669 -0.94982837841155032
1.50618173858064086 4.30735960060525791 -0.98391368653700284
1.48158057732708515 3.88545393628558955 -0.95229055625682857
1.16446875572245778 4.75001292294646671 -1.01215482511411481
1.06833172893506489 4.75581522809377866 -1.01217639699404893
1.01367209456734231 3.65179127198522258 -0.99940127863326822
0.7158582310577235 3.16345107089680688 -1.1324671839578897
0.66075884521643025 3.83103821569136205 -1.00627330917549052
-1.18428200855430688 -4.35890626434631212 -1.15849235929650529
-1.20460395279032539 -4.09910785642839226 -1.14025629736504186
-1.39491363011470026 3.16327009549898541 -1.14011399323647922
-1.56482357841616082 4.03158529605310978 -1.00671615239665213
-1.55827833621668788 4.62389957358862702 -0.95451868416711783
-1.64226169878439987 3.94910615372731 -1.04832674518943025
-2.17345359405916483 3.35573966457633865 -0.99450702854688966
-2.54839225141449299 4.00881509521204027 -0.97321930284948821
-2.69869163234035936 3.8096452631191644 -0.94956426526320958
-2.66697958429629933 3.74507512422499733 -0.96067114578210866
2.21934112727828969 3.51122430601567892 -0.97232425241812748
2.15866214218815555 3.1067063217702553 -0.97012215826150117
2.09057064488530564 3.22856562617833465 -0.9585801522155355
2.1259164442456604 3.28211035296392462 -0.971329029997551
2.09026935276580073 2.98947059930387304 -0.97256940879339893
1.63020805913738065 4.39361154637779183 -0.97398478517032783
1.48492106703557258 4.5516683864922225 -1.03505473866139841
1.37622433749337514 3.24440746621859688 -1.04302212653426296
1.276120491173653 3.54184255921062219 -1.04645559233824548
1.14872349014511399 3.61742721900489705 -0.97772833702245687
0.52677207042207086 3.96835449224093306 -0.98416976866696215
0.39844307111958671 4.1752582863636567 -1.00988384974940448
0.20529532128628139 2.90416443697258941 -1.01648617726537416
0.30476146417348526 -4.58621316339810026 -1.10232677610111329
0.2304212005736439 -4.6714217505441864 -1.04359136729822355
-2.08336507961498807 3.46012163196615985 -1.09429383796245072
-2.35049703812321198 4.14899317716183713 -1.00156955426655259
-2.58992109947631377 2.99758633195989566 -1.01062359000880986
2.16622593247659401 3.37717764034967871 -0.98177313878994654
2.15557360480299565 3.55433378438608871 -0.99207258533819054
2.05680275181693961 3.20950648750943879 -1.00228207411841619
2.03973415015055526 3.67361617384067651 -1.00070847911862582
1.95502796981983029 2.91414737600350326 -1.0241036814013571
1.8728545651875379 2.86653504345460908 -1.03113989155001384
1.92405632700872231 3.75127545640751503 -0.99583618238480887
1.63159004103329064 3.8296172496327352 -1.1203682961535737
1.58412888936281537 4.332331608040489 -0.99110492503975545
1.51714479773217525 3.95129774166401448 -1.02563224297915889
1.40547047236639222 4.6125959328196906 -1.06624671331487475
0.99802301465342369 4.82525559702984186 -1.06732299836191702
0.21537477475912625 3.17946817461324027 -1.04209952123292027
0.32119866695995924 4.20209047900700661 -1.09995777762327385
0.15934978957151069 2.67950951226305367 -1.0451266171695397
-0.22471800013106091 4.85162235052567237 -1.08691851185627009
-0.99748010578240776 2.68195017805402314 -1.01355599931210527
-1.08538658579188363 -4.54583831338147526 -1.21484219480800082
-1.20622260748917109 -4.24590634873066541 -1.07918405527745409
-1.35097990741909957 4.63602546329120191 -1.05167393792642949
-1.55916878724420216 4.67982584817967684 -1.03683798640739933
-2.0881358221182289 3.22417118731260288 -1.0689529835417122
-2.63482878111836838 3.01509081311637228 -1.02448002418803918
-2.67760669070312618 3.74267788792551981 -1.00080864434955275
-2.70755414879839185 3.71219410833695029 -1.00803785321633743
2.16689984343001907 3.43845929208291734 -1.01593203831889656
2.11383623154524791 3.6093559796014385 -1.00013804009895324
2.09313199716573362 3.12701961983843546 -1.01851724682574019
2.07596716999876429 3.23494446984423334 -1.00704463008026046
2.04677115588733116 3.04095723191605316 -1.03982719607908125
1.54596448790199581 4.08021951624757317 -1.05261086412029004
1.54332827990863386 4.19125617859117394 -1.04578380614474375
1.26111045049304193 3.3939981194655986 -1.1214873997185415
1.26274191046221862 4.7014447054259918 -1.08366127099692289
1.2320359559180174 2.69655387290968296 -1.07737627145225012
1.11254810389253045 3.19356597368155848 -1.06216543986696199
1.02468905095023977 2.638183881218092 -1.22202840147308334
0.71864707867414646 3.78018830290557384 -1.03448015817391425
0.42072733670403734 -4.18925369109035817 -1.20133142405885618
0.10969807696680775 2.70751851472817862 -1.04376030748741733
0.16596417874551717 -4.6894210576040134 -1.04916495575729507
0.10953907940981966 4.10413114213853358 -1.10845842380836812
-0.52318420388611087 -4.00676579878286887 -1.10354779831348049
-0.89603578804408579 2.72043158517007155 -1.02533689845820741
-1.43924776505483787 4.64933665008181407 -1.03957277929932523
-1.7513871351480792 3.17652031575816274 -1.12531387382611103
-1.73486010752302278 4.67364771901219456 -1.03010322772147145
-1.78755709005307106 4.66146924508128446 -1.06736831604892912
-2.05692173989574822 3.51583951201333811 -1.09283567368975976
-1.98768780014842417 4.52887650974745437 -1.13589892873679554
-2.40592032167070569 4.1171422182017734 -1.03303187588624801
-2.52082084116353489 2.88410254239144415 -1.08795984381145994
-2.62105462952395962 3.73598399427502503 -1.03789226902821707
-2.63688119183292091 3.81547566668923155 -1.02198811358604535
-2.66000525862827608 3.12258550927959089 -1.10091444232850155
2.12243103731021554 3.28526340267665828 -1.03071701383938708
1.78436065945405131 3.72727438370168107 -1.06933130298782331
1.54150864018691136 2.77104842589512668 -1.09200821438375195
1.54277752809391955 3.89521022683970619 -1.04679235348465194
1.44409476747208831 4.51749591801247696 -1.11353450386264585
1.52076969549016905 4.42297697276442747 -1.05038179181596347
1.44647262521314834 4.39000543885329364 -1.06550786269807696
1.45141449225853369 3.8575176085611651 -1.03525620401983698
1.0070848401688528 3.62723416068988813 -1.03289759544619453
0.82386838906725413 4.82039092919819634 -1.11429662664566376
0.81371722466261687 3.71787667031271685 -1.08359815095835765
0.419247637171415 3.15216798137473653 -1.16333444710394773
0.57213197456182996 3.96540702867617378 -1.02542962090439982
0.46359649831740635 4.03010655684637698 -1.0815767061611401
0.39984789658465697 -4.05393671279641676 -1.17887601605599035
0.36328339204113946 -4.0390915431683565 -1.14019953567765464
-0.04925950636718543 -3.99150429085189407 -1.15946295099933572
-0.40373039745621248 -4.85158823460293842 -1.19823885476888758
-0.43059613545052655 4.05702924106776486 -1.13411548612646262
-0.88363544202249844 2.6862831395108886 -1.04379618690408993
-1.93715461715792903 3.60388436963031245 -1.15388702846245339
-2.28605459868905081 4.15958111812947529 -1.01941860509785776
-2.25484965854099384 4.26123740574136445 -1.02431684689458558
-2.58150952746077733 3.86080989546402442 -1.07414571475248266
2.14466662387561957 3.35192579553413461 -1.03899835378542771
2.08649946822154808 3.51827075804039069 -1.07519028682031892
2.00450675252047272 3.5839492545641547 -1.10916190541428206
1.9512347801308243 3.13821552750054567 -1.11913756833316147
1.8582994149034151 3.00573235239374581 -1.16344235958019659
1.759200768104076 3.7590538230546362 -1.10086129909913333
1.62297851342933352 2.86419926338269404 -1.13554391915246145
1.59663831437768233 3.88050332906041318 -1.08540295807804488
1.49954653332636534 3.8788059324299673 -1.12814209755272188
1.08717972701365206 3.59020910274628235 -1.11723639119877483
0.90651797326117867 3.67470900123219613 -1.04566674616280664
0.5562278653104451 3.90233244683527625 -1.062436449387683
0.18241515308458758 4.73218015625057653 -1.19535055771317045
0.01775320454467395 -4.77422285076248709 -1.12399598105896437
-0.66860335386435721 4.83163721331796658 -1.1157352954424693
-0.91603261333725783 -4.71638490921152265 -1.15398174970873457
-0.83804509404549976 2.98094713050659577 -1.08038651114257589
-1.09450039062541693 4.2086065007717588 -1.07136419284428319
-1.81985750035835459 3.77547138159329165 -1.09612238357038705
-2.18492219377613051 4.27118780431093636 -1.05276266805286811
-2.38675448936628687 4.10959945858852294 -1.06465680162291632
-2.49514009564386807 3.91437472628650207 -1.13384855172702625
-2.55986497644721611 3.00340778190653301 -1.06016143096218274
-2.68364988115100145 3.41975232136427687 -1.14831323886601311
2.08591974158225302 3.40940974321684642 -1.09543443956533126
1.8085988153024033 3.72372067832584674 -1.10301931303284872
1.58416711707552449 2.79294324895353885 -1.09187377795319862
1.48743205634824616 4.31617757332470209 -1.09805898481328712
1.19521664022960894 3.21563046486428039 -1.14137620986539168
1.13921966976480915 4.72862430225184216 -1.14736385860542822
0.89680921628884525 3.65556190818781168 -1.07364967802929834
0.86430606945985844 3.1488135717324961 -1.22914002795135913
0.61357582298326907 3.90017683876659449 -1.08287487856396214
0.46890118918466589 4.6757429430526356 -1.10016969087622529
0.4151329921256649 -4.07897891924722611 -1.20072663778468991
0.15223840221197166 2.65666015934364008 -1.08951597468014172
0.00676255136368128 2.83183846464682576 -1.08951231801717463
-0.03740031912216549 4.82517885660888179 -1.12801596393604986
-0.10769788958201779 -4.80834827510330332 -1.21110817441198937
-0.69482823299703123 2.68297337337658748 -1.09620757403995062
-0.85222952605257496 4.7708592656731259 -1.15476565413037946
-0.84202170303599355 3.16607491236860961 -1.10341386420302379
-0.82697158037234508 2.65189079380510995 -1.10076717349253284
-1.16343690625031915 4.16263243490290158 -1.0954857528648223
-1.29483050263457322 4.06147132832208602 -1.13756806657728449
-1.62822030375870153 3.85814724044723745 -1.17666033656088231
-2.04795289957528137 3.32172075043291581 -1.15393898218535873
-2.1560598568962428 4.35336885940391571 -1.07205609960583259
-2.21258296584104119 4.25585608012789329 -1.08871099673748772
-2.33441456488261556 4.14229249349274387 -1.05363296577733001
-2.35751048222697568 2.73905129480789 -1.16982323122019838
-2.42501882511776623 2.78926420491351656 -1.14930218286852481
-2.59217450311198805 3.08094012177849441 -1.08599067635409141
-2.64770349539385297 3.68688729160124362 -1.1143183905266778
1.89798743451682639 3.21250939217403042 -1.13140355903961587
1.76846086925324641 2.86643757541520472 -1.10851717297538266
1.52551646713927869 4.13362737190526452 -1.1412030511346547
1.50720963174849798 3.99644235634943712 -1.1343941322559421
1.47169079665010738 3.90638622459202978 -1.11220697309217864
1.42605024118397328 4.47592310532778725 -1.12515708114357382
1.22516637371744008 3.50233919649086545 -1.11239994047680968
0.97867539129399417 4.74288802722618996 -1.1198562284515805
0.85812577513500388 4.82154668770003081 -1.16890978208335894
0.74275798959541284 3.77371167504824001 -1.10139861364030245
0.67612136545191781 3.83334239463812354 -1.10659760407515195
0.40444674625603427 4.0690681045455932 -1.14488285594573846
0.39683360811959684 -4.35084709068880038 -1.17617257255304786
-1.01634650489471245 -3.98978515966524583 -1.17169829638239653
-1.85855127501471884 4.61278013949229049 -1.15228426927381311
-2.09887659655054204 4.32144598990722084 -1.10789412390794784
-2.20157004174362081 2.69040830575533674 -1.19707394529625533
-2.26885195214932711 4.18127632169798868 -1.09243419617958604
-2.59782543803858079 3.72569376615562797 -1.1549867126813087
1.97590034807877069 3.28681594855178183 -1.16568465543946553
1.86637767707108004 3.19416534530104634 -1.14284930909253024
1.81130711486281393 3.66880990161515674 -1.17981876593010737
1.7838561242015647 2.90067974265696815 -1.14865381594409977
1.50977108481510269 4.23564951833093062 -1.13096128328696111
0.79047622431654441 3.70146563368848414 -1.11069479549976213
0.61290148858089544 4.74677893765904102 -1.18839015145601712
0.61971487483134224 3.82777479543487642 -1.11132546422924383
0.48606395326025065 4.68739291739065411 -1.15376552783243302
0.39346586517053339 4.615618923613658 -1.22816694720783115
0.28883736829815765 -3.99632821004134486 -1.18687180200400522
0.19534149961935723 -4.63956179428878634 -1.1183861358964462
0.01776326776669255 3.15908427678997805 -1.12719026383297138
-0.15789474384950827 2.66211131431234049 -1.12584830898546961
-0.13549488564331849 2.71682311281767896 -1.11156949055770893
-0.30751742075614252 4.18813947528849884 -1.29462847333802267
-0.61861261102624321 2.70753360625691952 -1.11295306386565662
-0.6441458656515503 2.89596527958783678 -1.12985075267313695
-0.95069956082367546 3.13655176241897804 -1.21745452143393051
-1.18424435827361929 -4.04577930167896582 -1.17323916715445953
-1.21275926390779287 4.61856163620204008 -1.14962176086815826
-1.35857174573531214 4.67657600337653712 -1.17131367020615529
-1.62837269203961177 4.68739525276560265 -1.13774040163849621
-2.28534791639775214 4.0831747786700463 -1.11915420609998506
-2.60613194949751703 3.18877680609744818 -1.15064954441069855
1.82572391032435855 3.09115974375394842 -1.21049335497937149
1.54537168919772538 2.80605507555729083 -1.13617822331072515
1.42459494799663799 3.86536521038202441 -1.15668308778178885
1.41228436120305556 4.40011631776323942 -1.12215362538512076
1.34664982907874964 4.4539220344423569 -1.16751447386407814
1.09968076236353163 3.56089162847575791 -1.16272805708646843
0.70205984935716437 3.76141149132775787 -1.12027988303182435
0.50979886961408538 3.93033095264376575 -1.18052387506652212
0.34104819255276481 -4.50259788048402054 -1.14591998359167913
0.19102160551749453 3.12888285780224962 -1.2402242714976468
-0.10825745061249539 2.63835569844650086 -1.14535268832741455
-1.00293711162854904 -4.60104602744125035 -1.31450902348851506
-1.15589728603742814 -4.39727988122993985 -1.31286186078725242
-1.52729815494152144 3.95544115387234418 -1.13135386520483805
-2.00601248143849986 4.45238859373336826 -1.16977075384268492
-2.14222131327829013 4.31509871661036293 -1.16417544007919349
-2.26735489855962946 4.10606814841600176 -1.20469883781885412
-2.47650774234600091 2.9220894230782819 -1.15163846735590902
-2.59094547405246534 3.01104395865217045 -1.1136974767128538
-2.55417052073329476 3.64729988586589648 -1.1918980037649034
-2.67000765105881399 3.22943852542376497 -1.17095056581799373
1.91051855609445553 3.24604653842535384 -1.18758848977129872
1.67950774637752986 3.67725145377451534 -1.17332292593778065
1.40219837735712671 2.73487514781036767 -1.17321835877175951
1.46664210390595295 4.27463937906173985 -1.15544506462746277
1.19780474225854294 3.20963193510492539 -1.17524617044692459
1.27111111993116577 4.63106511860669823 -1.19536751320923651
0.88879496555752968 4.8060335571134738 -1.18811383566336737
0.24304074620383481 4.20679378948706439 -1.1634994485552268
0.02196681057041829 -4.7224920281504783 -1.29684488292848199
-0.16373464481310693 3.14724092236859621 -1.17216514209620204
-0.31495272971090671 2.69035743396495786 -1.13206397784110102
-0.48976694793346254 2.67443740182795731 -1.12902772466872525
-0.50958617820953478 4.71026912799023378 -1.29476122955916839
-0.7009891610268586 3.15363900025438992 -1.14917825218416425
-0.85053580244984128 4.18479493237133049 -1.20760793886139406
-1.12196785739892824 4.5665906718712117 -1.2757997152308489
-1.26654697662460491 4.08649304424259441 -1.14660354867856595
-1.38399396610170022 3.99638165089933928 -1.15957254909966601
-1.75828428537873727 2.58795983847798761 -1.35131707857466132
-2.30171807741382795 4.00704005739102875 -1.21768746549836226
-2.61629839935311015 3.18492024523581163 -1.19109861316143806
1.71551165789956572 3.66454631853792856 -1.22535054898569284
1.6657188126528788 3.7282544894614702 -1.19020913339291967
1.64157953988818983 2.89439373276339529 -1.17853648319924398
1.47898667311108367 3.85453045974954778 -1.22983692601890193
1.49485141101232055 4.08086075937588966 -1.15979160869845366
1.46925809878067137 3.9912475849482929 -1.16809992965055276
1.46271788686628712 4.32483539024860963 -1.19349040407980223
1.12809052363419293 2.64908787625433195 -1.28684772513522838
1.09074165684524305 3.46574206003835927 -1.2363933269653522
0.58612323096462893 3.83229781532219205 -1.23645385044113687
0.64083062189545403 2.57645500245513981 -1.3330112530904763
0.27892869851571273 -4.52449582284104412 -1.18963346602614184
-0.33378903245237057 3.14235455799945829 -1.18927510934047009
-0.31775587346067546 -4.79525233414525065 -1.40502764653049761
-0.50277494267367928 2.63441109751125335 -1.16121395435722485
-0.48940630351907899 3.14332140087699363 -1.18595173442918544
-0.67310631266115872 4.19294119924534847 -1.24944005542332581
-0.66901903608716617 -4.74636122915685199 -1.43062632028090064
-1.21128935228543955 -4.10455609507453989 -1.34842949674305079
-1.69190259001778154 3.72569240449325489 -1.26259855335106908
-1.92805192776879042 4.54076213248119753 -1.19887767003137702
-2.04296748737685352 4.36364879774726955 -1.14870191136672473
-2.1930603963330908 4.22660558725949276 -1.23240044399047144
-2.48879705865488221 2.92300379288398204 -1.20639632013904219
-2.6457638789999387 3.29296268360100619 -1.22028976688728452
-2.58785709756665305 3.62034198607611302 -1.22031705025606318
1.70201359440389322 2.90422915898974132 -1.20072655905086867
1.58514446348821791 2.80853107597389728 -1.20588240831138949
1.62969819451255082 2.84927116133065539 -1.19932722330669028
1.48597932710863434 4.16538050810709848 -1.18635008980789403
1.29319995895376239 4.56919979777539087 -1.22739331379473882
0.99389934226301069 3.32887248866500407 -1.3330564115240735
1.0453504721114617 3.52621608188385594 -1.240869524344274
1.02942876752641443 3.18186899870568984 -1.29111819991335763
0.87837777860892041 3.64094123281735671 -1.23611378129042526
0.86514334221793288 4.7080169903812159 -1.23547158035836535
0.15365902528597397 4.20204333679342401 -1.21779017161969527
-0.50626555171112286 -4.77910069098831602 -1.43669253648398443
-0.4750933639242429 -3.93705284001500644 -1.30679953204694232
-1.03457917724749926 4.10072285569480321 -1.24561643292967394
-1.16561212936656955 2.58773472323831388 -1.28120963702419077
-1.25569231924139824 3.98581991633925181 -1.27922493562795903
-1.3856919145192157 3.99715753641108806 -1.19128883960182441
-1.52064377682711327 4.67919824873991086 -1.20892221486293971
-1.72664879060826859 4.63789510101342994 -1.25173390023439524
-1.87677555502424465 3.17275373316823384 -1.27653496951204382
-1.91902421563352554 3.48138931870262613 -1.25373825503188252
-2.02328569160477523 4.31037776167202491 -1.23526292828442497
-2.04057021941884198 2.64907352224480208 -1.26175673545280431
-2.25247341418565927 3.98758593098740688 -1.23614360929996536
-2.1622385060806586 2.66404262624625421 -1.29809509848187976
-2.37368283898975463 2.81407800216013282 -1.23440609106711974
-2.44618408417665778 3.77306160038062233 -1.30254764182006566
-2.55176140170451804 3.07478084872246082 -1.23558884830076066
1.79533717189861819 3.34617423434671668 -1.32574892253081122
1.79450608443149062 3.46982056250675086 -1.31254153421108755
1.72433031039403284 3.15819069238895045 -1.25604506246503833
1.7123470319143661 3.00427763126398162 -1.26303611207663669
1.76398939986609138 3.19092903147932327 -1.21808471173888377
1.58014607996747447 3.7120583172429753 -1.26156379221801318
1.49115606139589918 2.77417102125779369 -1.21151891062178896
1.431125305047384 3.87038469616310632 -1.22109315032825427
1.47985550585534842 3.94207538927950329 -1.20953690791034107
1.50727000203731487 4.13823903114102443 -1.22679064992940878
1.38722312730647146 2.76864007276473778 -1.24604979290697515
1.37936349654597867 4.4039504629209052 -1.2175544810377239
1.25165312922063965 2.68808592406191682 -1.25142570653074858
0.9733624177583361 4.71057833343482102 -1.26697773175529527
0.70861021761377996 4.76307387634484947 -1.29164835709169168
0.38956352523978444 4.00549285666065291 -1.24796914979124196
0.18813990779533368 2.54717327352693346 -1.39933543341421229
-0.23264420514857831 4.68188287952268478 -1.33688117652300154
-0.22029640570982637 -4.77084632032853051 -1.43614274518861729
-0.63405261748018771 3.07797184280877278 -1.42490052501247844
-0.7966187510864815 4.58238709741812311 -1.3867918592310684
-1.1833693479491556 -3.97444261563564405 -1.3425314550905818
-1.27048368016014823 4.65819344334277474 -1.232000133260027
-1.67776951033436506 3.14016330407012845 -1.27628649887267986
-1.90889164143808832 4.42498137260344393 -1.24972217746998759
-1.88885707023975069 3.37265465779286 -1.31693741788583329
-2.00951386882545968 4.35817657745677156 -1.23604514672105559
-2.0808777654562447 4.3201405383853313 -1.24081097730887446
-2.38219000813303872 2.86887524203335476 -1.23931719256307593
-2.53876458053015197 3.66843906898889749 -1.2475770919123661
-2.57937457209865251 3.27994468486305157 -1.22666532325092836
1.65384516288133954 2.99116586402878593 -1.26347449024007452
1.60575429174216611 3.66445724707773524 -1.23148577618581001
1.23011136846353741 4.5142880434357906 -1.28524755074500607
0.9331133605069416 3.59368403547708493 -1.27251012641718519
0.77983892727085224 4.75238934319315565 -1.30086139377408583
0.4276474859799384 4.62901925841972606 -1.29353075343295632
0.40832700252224591 -4.25473128068189332 -1.25479360120739036
0.35391514993749562 -4.38407524971245532 -1.22773946142667278
0.28681467086966 -4.51790873757108891 -1.26874028458001731
0.19542103924088727 -4.59963886614761019 -1.29167772375233048
-0.04652760366519861 -4.77699658453041476 -1.19875617543908231
-0.10635950555619603 4.20056662132773528 -1.26412842061952047
-0.43537811871849524 4.18901140375737935 -1.2918772489722441
-1.11325120487026297 -3.93762993056345234 -1.3488539364272758
-1.12343163232992982 3.11677702664639078 -1.30246401432827774
-1.88260739875604743 3.2783339694269924 -1.3181303315495887
-2.5348851971529589 3.71396994681881454 -1.25296734034172896
-2.56010369548061023 3.48280508499988484 -1.3028048467255533
1.80351311745548726 3.27592198307925475 -1.30489332104675371
1.77129701257535643 3.24577721388625173 -1.30509106359466354
1.75914705106406277 3.56423426762964057 -1.29078653700604384
1.65249434719343014 3.6300364897534827 -1.24282205872302054
1.64601394522481881 2.93259869720374233 -1.28434405434757259
1.50158013344530206 3.8081179209491931 -1.27134350884841529
1.32166905961805603 4.40876040680024239 -1.27306345458404957
1.23675821938065145 4.45948382752461292 -1.25936693847284253
1.08328064063164997 4.67101368376295323 -1.28915921594335958
0.76366526181801075 4.77137380897838703 -1.29462982530752879
0.13111628218309629 -3.9253862430349753 -1.3375949526151143
-0.00821274932663787 4.2108666426739072 -1.25626445189325797
-0.21028789912790755 2.53047002931404386 -1.43774327790713108
-0.65707117614787036 2.53512851583248411 -1.42534211340359063
-1.14968633867454506 4.59303546807220187 -1.31986488299900762
-1.20238538350624946 -4.19089822401987622 -1.42596433779181875
-1.80880117402139229 4.59013968654016935 -1.27546743598836865
-1.81376864166589402 4.52259138246926184 -1.32333942690946271
-2.08332637236768603 4.28538301126366861 -1.32000970849281685
-2.23840652536313334 4.01587366454341144 -1.29862680866333857
-2.50514494426546408 3.60532914070173005 -1.24208928212687386
-2.45057634230787125 3.68855140427826855 -1.27828394522530653
-2.54925918546621322 3.39839456662869921 -1.33213939551861427
1.69329167533179903 3.20189520776336867 -1.27720586257522628
1.61786399367656508 2.86909787274054828 -1.26027302256406348
1.50744443609048218 3.68323122055585772 -1.32108481732694072
1.43952939700691362 2.77481943535771602 -1.30338452770430324
1.47241534683670316 4.07996800857363606 -1.2995785107250335
1.4684085940214624 4.23427602891470833 -1.27089227845651509
1.39027124851481987 4.32081009093822743 -1.3101248603159501
1.14920390686584839 4.60144630106249153 -1.32829948448188162
0.6777387192206239 3.74430477517219096 -1.2979819212834447
0.54448667682193697 3.09922662934476856 -1.38148385011821384
0.52749225529871302 3.84098833662635464 -1.31175470354314405
0.31847981438797351 -3.92793943028812365 -1.37080576199965365
-0.11927390537093763 3.06069761273579388 -1.48190589411354745
-0.76682600436829862 4.09073939729961644 -1.36475770503252303
-0.99048041181545854 4.56028130496520134 -1.36867710006724463
-1.20088830733404461 -3.99699630523020355 -1.35571134453741249
-1.43511537900926744 3.82031331413289177 -1.35138550446852923
-1.53207671060723949 4.61850019442301996 -1.39093782005502908
-1.75253648013079788 3.60835395518548996 -1.3109081578955315
-2.20104566812836033 2.69214223649299544 -1.33226426462558356
-2.26985348043791735 2.75494390442809411 -1.31657762115601207
-2.54617941495377531 3.53907300735449581 -1.28899748152693072
-2.56066103276107837 3.30188868237003463 -1.30752448462427684
1.69941523727108046 3.09011532772325248 -1.28264339315427467
1.70230805760502002 3.54813515297728976 -1.28179843986413688
1.65009063079514906 3.161231797792035 -1.27744894656812713
1.62157470804059001 3.66335574849737666 -1.27312158885424398
1.33891030433920033 2.76345182429349467 -1.35968277572429908
1.40887925384620805 3.95522700842074393 -1.33078157315698453
1.34650383484373504 3.86426760871917541 -1.31816923321305901
0.91769393395461674 2.59452956055936301 -1.36662336378235794
0.40471491378910401 4.55593038540422768 -1.30078132817557668
0.35026246613251422 -4.42150874665817639 -1.31241468076179513
0.26811244662382749 3.92454245909854205 -1.41162056584625439
-0.01455254714937457 4.58141606466791185 -1.41501130218827709
-0.99705829661889034 -3.90718844064905602 -1.38433203171972075
-1.46535987780008603 2.56513085816070641 -1.38685136691046762
-1.66351096944995791 4.62850456719201375 -1.3284648319114043
-1.94550740923829424 4.28125549767718194 -1.33989884966415862
-1.93608259955135042 4.33523520670250218 -1.34396534083602592
-2.17679420731250772 4.14009235327522251 -1.33357352958691777
-2.2718944494496971 2.83947256683177551 -1.32421377683485209
-2.28450908654255347 3.89264966446029392 -1.33559649452937745
-2.52065113137752483 3.36200454920507585 -1.30678944112366335
-2.4876603798031125 3.16560511148075507 -1.36585063142774787
1.64338056725526127 3.08673085631114663 -1.28842752830475726
1.64279473113742869 3.03882201096256965 -1.32745468922124488
1.37966025493207556 3.85324972930726428 -1.33766495535768715
1.29485052136593026 2.77147333497273296 -1.32660636205404758
0.91722591738167036 4.66277389711678847 -1.37947573704649518
0.76918659610427498 4.65530939102466412 -1.3206154021077805
-0.01952082892754522 3.99876248707289061 -1.46814733995681701
-0.0884456404233547 -4.71479407555880226 -1.36202650814466319
-0.06310702462273772 4.13534867256206784 -1.33945155663648663
-0.57296202929161111 4.10677734340560008 -1.39285112002626987
-0.83054424538653304 -4.66120659986746677 -1.49212150675198707
-1.12162108141113048 -4.41088873146217164 -1.46587643854670135
-1.23035988807320873 4.60683284187610287 -1.34612174083059721
-1.74015540366838684 4.5773434522416121 -1.35225792239281972
-1.76485934989356164 3.48589152310531647 -1.37866476259837034
-1.82759324608217444 4.41965887226191345 -1.37819920045924627
-2.21100965522999848 3.91264972785154708 -1.33335961506558709
-2.48545088571856132 3.64551059753452567 -1.30048600604737929
-2.4854455920996954 3.48045259029814735 -1.31315049595967892
1.74029350733478916 3.30271138818520216 -1.32309315265486127
1.73579331878324816 3.43020431057428965 -1.31211870596915459
1.65133530313314725 3.63365850242530719 -1.30296032349552804
1.57931237643771905 3.12848332447016686 -1.34918022147070138
1.28423541372050209 4.37645413364215052 -1.33006157942498571
1.23749992913723261 4.4225729724810483 -1.3009296940102435
1.13140446524139526 2.65939644297058919 -1.34537446433759489
1.08574621453548503 4.41499830418261219 -1.35987250405740223
0.87106578231817977 3.15176555554610571 -1.39123243073098068
0.79453442859887824 4.63922667217876405 -1.40479443672370174
0.53260404527764882 4.66637494239828943 -1.35706426624532406
0.4208399542582032 -4.06090147795566914 -1.55376248788842553
0.41977911322358885 -3.97047494784011468 -1.51256200387879525
0.2362981981277632 -4.53471092978839252 -1.526196403152694
-0.17769415415894085 -3.87772724926521528 -1.45059369515403436
-0.95335480168295528 3.94293202828032197 -1.46941784347142956
-1.18350813102887464 -4.23129784821610588 -1.55200483504083486
-2.34589136222547578 2.85779787632375104 -1.33915371228444213
-2.32116094837618547 3.79671018579288644 -1.32530742032842297
-2.42280078797350207 3.71483182716711147 -1.33809213219938927
-2.48750724434919057 3.50929721344616796 -1.36767699298466661
1.68966743341180536 3.21471187122355984 -1.35329883083871416
1.7048706405717784 3.53708233758410673 -1.33671267007241457
1.58629958250563008 3.15460964923387532 -1.35445106633633627
1.50508825144579261 2.91017973250497031 -1.41130150854975089
1.476896557391985 3.67900375337732166 -1.39822266100537229
1.41455842813074861 4.15315433882987861 -1.36727469969168358
1.38174536239599899 4.2560017054559971 -1.36063748850348243
1.30346785127609377 3.86429567627752224 -1.3458719810794213
1.26517184993716203 3.85747160680296952 -1.33213616531669143
1.27113557278994183 4.31862159755675989 -1.3488068068605934
1.1260365697453929 4.52319630035700193 -1.381410673809919
0.78962566977581572 3.45383206439832557 -1.47036801486782753
0.79591530013948553 3.53864611121400063 -1.43562488845509972
0.78262783749321208 3.59249387528886066 -1.40929916779436626
0.69518807893899204 3.68261104794720628 -1.38693279547717019
0.46606156709870328 4.56416875776532738 -1.34684916737766014
0.50397421315948232 4.62750579320296751 -1.37662346448806083
0.44515829532764395 3.8461758096629528 -1.38318422336352764
-0.3994101685687893 4.11699840949152751 -1.39209035022562744
-1.1178902359153513 4.58489344001232713 -1.36699303423902041
-1.16576994057335104 -3.92993583607412589 -1.41285847563652189
-1.07420639832633324 2.53776671126367592 -1.44001513751079147
-1.95840773399265666 4.26484409271933362 -1.42217445288258326
-2.08934462509710883 2.63959605164926758 -1.38802507631879313
-2.20681597357063009 2.80106052091426738 -1.37204467731952628
-2.46637565766735722 3.40915998160630851 -1.33714226201214204
1.73375276042153814 3.28333034038223648 -1.36225012890729458
1.73410259330769945 3.40874046003388287 -1.37164920006604896
1.64902996176770067 3.57350727462036666 -1.37211160811797717
1.57934960414169057 3.06245434794365012 -1.39195608263186177
1.4101396475487693 3.73806718360622048 -1.41532505010463949
1.40386561219975237 4.02730043458800946 -1.36592436786737559
1.18777971024917672 2.71354540144437895 -1.37021607361344877
1.13685094268289388 4.35250560418249144 -1.39732857539509192
0.64928308045131944 4.69861355973971584 -1.39342213653876246
0.68471252144405037 4.60069787321825707 -1.3906700153340168
0.30869948743092984 -4.46666303530972453 -1.46148563958054289
0.25627428464642654 4.56858401920183965 -1.37502214727938399
-0.30285315207122632 4.05419103723443186 -1.46275720956407307
-0.78205710169430087 -3.86073237358082944 -1.4904620903036303
-1.36773553569999784 3.08407833979002755 -1.44339661324967894
-1.7170718721000604 3.13506275404509704 -1.39773606782065984
-1.71273686291420857 4.4691791411041093 -1.40906133456419513
-2.09330353633593713 4.13786430463568511 -1.41659329694365432
-2.1932666781799921 3.88591599539176391 -1.36511030483144946
-2.18030847340409739 3.94615144781016847 -1.41411044407671715
-2.31048992883681192 3.80604447827599301 -1.38210732448167106
-2.35316876373147066 2.93263345317821189 -1.40171893723593155
-2.49075874110963369 3.37694731946488425 -1.38530276537371955
1.69013060829557404 3.45941859022821152 -1.39941921102136813
1.56266425661679098 2.99211582320360714 -1.4066139317730717
1.35599570443170281 2.83838243521575784 -1.48536640140371645
1.33125948591632848 4.25869234715951173 -1.39127825561058605
1.30418037203300963 4.01880279085226277 -1.38045566049580026
1.30574542118509029 4.19656999756569604 -1.38309754756378966
1.23651052524241201 4.23101239524106276 -1.4013855206048802
1.26797065473022164 2.73861860762390252 -1.39698351369697549
1.23230642258749978 4.02339356801182824 -1.41053427216188276
1.22953958509707939 3.90663496761223872 -1.38708514332138244
1.23042171148699842 4.2962254279259664 -1.40037043165251007
1.14102415695450188 3.86976538376822576 -1.38767033775614479
0.93193140880330061 4.60527023539726166 -1.4568003497953359
0.61134749657778231 3.10028930350945453 -1.40767869019443226
0.66385369279964068 4.67758498331473227 -1.39672758087924809
0.59849044001728047 4.57081287799206493 -1.42202563028871265
0.31992983578942813 3.04444954649296129 -1.55184198833760312
-0.13424721480902088 -4.73406465086545492 -1.40733237156205648
-0.58637787465825619 4.60749168322263714 -1.40094503301175299
-0.87001958485523234 4.54523523373732363 -1.40477366445929741
-1.51386441385609727 3.65094778763851879 -1.44965018873767049
-1.70026258880817038 4.52112393036645432 -1.41173651485647556
-1.69757269850560744 3.21252880080773195 -1.44895206778747188
-1.846652733390302 2.57165029926562694 -1.44925292943558537
-2.14513977419086155 2.71037717131580758 -1.4126679666812576
-2.27529333699833058 2.83940257890889036 -1.38672546749124748
-2.24090788612978331 3.8587741161980631 -1.40131953593546177
-2.30142160687764896 2.96072360264316492 -1.4118874442294278
-2.45010534887792408 3.3889549722490524 -1.39299337933903788
-2.39805406883775207 3.5752950536148842 -1.46192560945796779
1.65995651573722003 3.24420690030421666 -1.41700287321419038
1.46295443314583062 3.64520139382113184 -1.46160893205698827
1.39898362232717055 3.68943452545255424 -1.42450733150701625
1.31114106521017737 3.81206752362320822 -1.45925948854557985
1.3452222007517034 4.00849755566682031 -1.40124552030562399
1.27201183564532427 3.85796316595278643 -1.44208726052218728
1.22189914604245131 2.71606202324929979 -1.40068541920575651
1.19612645530562878 3.8788155334661556 -1.44065680459841938
1.1838653230699796 3.96509075374940911 -1.43250148923178933
1.0662720123684708 2.67273976459046336 -1.44464273797653897
1.0476797555065771 4.42395650522210726 -1.42440562693155326
0.99898094598293619 4.55247262536279695 -1.4704918276458292
0.80331791050142409 3.32941908762697159 -1.4682846276317969
0.54010150234217524 2.54587535555679567 -1.43146659392419662
0.37347039443924751 2.53965027339515181 -1.46421119298273994
0.37826458656071399 -3.88925724781334692 -1.51968136941639598
-0.00066347883544049 -4.67968239907499228 -1.46395319358851239
-1.02982633979462279 4.58358808411619112 -1.40928625524913986
-1.03595353473454166 -4.51376865338237288 -1.47775742754320172
-1.28173633585316349 3.77367894292467065 -1.48634303533691781
-1.31494436223525324 4.59114932023952171 -1.43502355141310112
-1.64369162048296236 2.53475930065474397 -1.49209404388936018
-1.63788556428341714 4.57410572596009768 -1.42213931819670059
-1.73388766660117821 3.34909686020908604 -1.44367188599782859
-1.85647839393017944 4.23043058914531134 -1.45585670559614178
-2.42912559945222251 3.31511914469930913 -1.47114375745425008
1.65377061565198558 3.30387002368914606 -1.44496830360172268
1.55009152590085764 3.19729214612352042 -1.46699293399539643
1.34449447919921505 4.14906802331640279 -1.4082022696480947
1.26988212657785349 2.83857777486693585 -1.49324059570837009
1.07120530292498728 3.9214890208801565 -1.42603619167477969
0.97461612039599133 2.6112027471103274 -1.45060172670914689
1.02967983508752114 4.24947158104212885 -1.45687833564554636
0.94851509978307214 4.29560610401910736 -1.42880450643104573
0.58077847156306883 4.63755071058610202 -1.41756793102134848
0.40984330396965418 -3.91932932025282721 -1.52985302852341198
0.16431984941680144 4.58735194668842272 -1.44521120764947275
-0.16445117440532936 4.55699103627061852 -1.47018593649270923
-0.37345963655547443 4.60977506095127065 -1.44480736850172775
-1.2121357208710577 -3.93661892513358636 -1.5908599150723588
-1.35028473375205005 2.54215795243267362 -1.48729235192279696
-1.99374738965512921 4.21455757641662299 -1.44622508775480485
-2.09191597620116587 2.74145629024832038 -1.46224648769469368
-2.11687520060632162 3.85674475501913694 -1.44042353257409483
-2.35095951318458196 3.06395714040587386 -1.49140456392561527
1.50760605883720733 3.51884892133992722 -1.52332660846258539
1.45770938557141871 3.12861644365763958 -1.45384652791829594
1.26096998468189714 2.7670126700865505 -1.47269988295056775
1.23335236147870675 4.03175110807717818 -1.43780351426952668
1.13423363559834156 4.22429417141874008 -1.45788449326444391
1.07073051388024343 3.99963652964753313 -1.45928007497429268
0.86289459137543834 4.16387354848558466 -1.43426902328160244
0.68453297420549342 2.53430005485246967 -1.47601240929431854
0.72490580220212975 3.12128775297910099 -1.46871616305960284
0.59883800123702113 3.65318548270040111 -1.49525378944537324
0.46600307527747237 4.56444077134473503 -1.44272909228430146
0.41174367628539943 -4.10972632067543397 -1.69357842247540269
0.39012591269328345 -4.21670698193388116 -1.64963922985406208
-0.81200223691151474 4.60849051439782098 -1.51538959903863524
-2.1889416930791703 2.7878344185471442 -1.45689497732578488
-2.18845025278150329 3.86414169782310823 -1.42649184441530519
-2.31029990555628739 3.65102956790295341 -1.50683325343755325
1.54198343470758426 3.38617649382768526 -1.53862681576712301
1.35904237661236982 3.15883537114744062 -1.55792858123985911
1.23100603891917726 4.15429287063290609 -1.44311268710264584
1.01833335609754005 4.49555316649341119 -1.48598522303955449
0.99647701007469558 4.41854841929547781 -1.50397016482707069
0.93150422150696399 4.05164475363751642 -1.45539099207721967
0.87275653079695481 4.21481822512394277 -1.43865471166703918
0.60248071608742104 3.2293418710232884 -1.57101141484863627
0.64683103863812763 4.57327763759311345 -1.47439590260415354
0.39896019075758499 3.72128904502656255 -1.54492770781382505
0.12190525205971053 -3.8109802404209665 -1.6011721408601205
-0.03389224558660521 -4.65224155288937347 -1.52415801960732789
-0.43204743656958794 -3.81307174284357542 -1.59727777242924707
-0.65800777473699412 3.95871668732089121 -1.54155245422854703
-0.76268660081957595 4.61692103013290112 -1.513167055260634
-0.86733632448903553 4.55389451119037147 -1.48858145399163622
-0.92467739807030569 4.57758474220119282 -1.48494304755913853
-0.92356078434444544 -4.57195423510603938 -1.5799602986403658
-1.06580783417801372 -3.82743969581379107 -1.57815562012603738
-1.13170622317775571 4.57748031580551373 -1.49044324639861503
-1.14932557674397007 -4.30860419616747059 -1.58261754131173293
-1.29021059383228054 2.55125936116554231 -1.49222513174041649
-1.40134278578090488 4.5670509303224156 -1.49352164032669044
-1.45588908338264567 3.07337028182601157 -1.54204196067478283
-1.54471644534769736 3.54449607806407485 -1.49526677747701608
-1.60425254546225493 4.46247837693196647 -1.48276945707700913
-1.66368270530071238 4.45669832466136207 -1.497064842263089
-1.70884060894542555 4.41776050907871376 -1.50521626666089903
-1.82754575129938934 4.2753977716219973 -1.50554759461754273
-1.9189489418131247 2.58608296979430552 -1.49250495926525084
-2.02216133319451519 2.65939316997438624 -1.50000100268759717
-2.12115260755007062 3.81760391535536803 -1.46653784237325091
-2.11487258370339948 3.91952194867795978 -1.4652325933446515
-2.29871622245293272 2.94925103409365397 -1.46033143105290431
-2.29837514525883968 3.04410733114987542 -1.46804900554521045
-2.38334521032253965 3.34833514079047267 -1.46642286179046044
-2.39917289387600841 3.38078021472809986 -1.48850495779668246
1.4490545966750159 3.26113600537502846 -1.59425130384582769
1.29127296845042228 3.73889756072904467 -1.50759969233577507
1.26854553859421215 3.68513347569925642 -1.50374185122873771
1.18108114851303636 3.88115829906287813 -1.51264159267672715
1.13879263454059432 4.07672908559303337 -1.4702738147542147
1.04726455243916594 2.66968048616737796 -1.53209049024083166
1.10863652670770763 3.92838792213947707 -1.49460598463354732
1.01921040767123139 3.9964424666126046 -1.51012426974597624
1.01027751728314796 4.10350211708164458 -1.47559312634373563
0.92269451315632811 4.30491486825698111 -1.51722423183679322
0.80025450321543046 2.55725575830934071 -1.51800569926238693
0.68740887219558577 4.54895847522958441 -1.54345139573863155
0.42624163222324474 2.52996530243560702 -1.52483706075877024
0.21585054451062019 3.74546112455284064 -1.59910663768384853
0.11976406325739743 2.53273738117142555 -1.49544599203685169
0.15710091628302175 -4.56833070804911578 -1.59939074607844001
-0.08319879142959019 4.60401272581104326 -1.53907863384355248
-0.07582580650947318 -4.68506389954818392 -1.54445693960528363
-0.20438865280861668 -4.70422778906389638 -1.55672226073362197
-1.14373042717016093 3.02419315978139513 -1.61033376289957397
-1.00700350876284261 2.53922495107109025 -1.5137293820578035
-1.4853458837957827 4.53673001566428002 -1.51562353264827454
-1.54792363444045389 4.49501654154968922 -1.51469966545776047
-1.57410659668611497 3.30485459927703928 -1.54993880803022299
-1.81423303513108647 2.5670766237428797 -1.47880578509463745
-1.97813873832646347 2.60969741327674631 -1.47744104754782102
-2.03436247096693235 3.92524193155664536 -1.48573956277673669
-2.06372531940551784 3.99816196197056017 -1.49619334628740508
-2.15980567842865989 3.74263962053277544 -1.53567782829569865
-2.11197929983904853 2.80072287511891727 -1.56294586015955561
-2.36315654707065281 3.46173579438932011 -1.53260557011942788
1.42394105916725122 3.01569489468751861 -1.54142393982781023
1.41840248759715482 3.07298040407608131 -1.53729937737457978
1.33645035743472396 2.92923017469718427 -1.58665208773175381
1.33080716057974557 3.14435412221362709 -1.57246902742831618
1.32226126224146934 3.6740493201023483 -1.53559676144180091
1.29575243912912064 2.86277043073140991 -1.54370007076331572
1.00062059058644248 2.67793995527103501 -1.51003975362611675
0.96024676067202885 4.06094370576752439 -1.51760702205843856
0.86571653965846185 4.2030081213421191 -1.50248555922649718
0.55918365615588006 3.08558781297306073 -1.5422063036967677
0.35352570765218672 -4.34335787059681699 -1.58431638094794014
0.35478623564789558 4.55154984845435173 -1.50959209580168863
0.30090586617359866 -3.80724619029210665 -1.63482057250074542
0.02342405389743528 3.85542199747432068 -1.57571874976130855
-0.16826605224324154 -4.7011168852093812 -1.63452406129715366
-0.27896684666671268 3.92921143530921801 -1.58194468740795857
-0.26120482861686029 4.53669668183345642 -1.50090354577507767
-0.46600085994765722 3.94160133013270464 -1.58171640798119428
-0.56776540341734305 4.63070901610967578 -1.55546102379834816
-0.64149187101537808 2.53659432461185874 -1.51630116776931101
-1.06237036583743349 3.79861854834746904 -1.56522256518807312
-1.19493384670701586 -3.87464229726711329 -1.59081756312445477
-1.59996297754597516 3.41642588237510303 -1.51511013179757414
-2.00489612972967413 4.01051128102066912 -1.52325002703996959
-2.28702400552895702 3.06898404338925079 -1.53386549028398544
-2.31442544262207361 3.27566494347895709 -1.5754511236616624
1.39824181555091154 3.21932829544113908 -1.60763928574075932
1.16657727920705856 3.82074169776493733 -1.57530330146634157
1.07621264868354505 2.69277029701067461 -1.57412077792900784
0.85820025976203651 2.5936730937132273 -1.54443012125350143
0.62556553340380583 3.41248374796597576 -1.57211383001398208
0.63172302352614351 3.54202614054731857 -1.54088937019225947
0.52376478528125403 4.54600242104655372 -1.51625918249888469
0.503706353992181 2.49418762875839972 -1.5592260866143155
0.18153810322032091 3.00956719483734947 -1.63945547444040174
-0.06484759785797067 4.5949391493150662 -1.575064345255063
-0.19871456263329765 2.54117874033317603 -1.52501665443987933
-0.35653936144604997 4.62116531660648455 -1.57323019007789933
-0.88881331578225964 2.99062163743099951 -1.67848082717753888
-1.13499390402459444 -3.80322401700430657 -1.65879204754822718
-1.47590959183591419 2.49947717925789492 -1.56349946129329109
-1.54092683983634648 3.22959967452102736 -1.55523250256838041
-1.86265921464385209 2.59405936229263645 -1.52070913104080563
-1.9405752347837304 4.00398629610889856 -1.52304779800032564
-1.9259009401360887 4.0920845471643208 -1.55282831865596682
-2.05202699486692097 3.89613437364183879 -1.52773876768036243
-2.10574101045262463 3.80603014777473669 -1.53727986636757219
-2.20095851065000492 2.93259615859501244 -1.56047007031274187
-2.25059826099546889 3.14843702470431408 -1.54949727087593891
-2.30627164380950589 3.31922375822931892 -1.53609860262872466
-2.29746440231765936 3.56649949353511264 -1.56772944425910121
-2.30202408229237498 3.16682395375763015 -1.57369866463378938
1.22838400728140629 2.83562043136040831 -1.57505839045299556
1.16855387366075303 3.75645559068020107 -1.56928950247029153
0.90531080353372273 4.37766265525834086 -1.59504015821418021
0.98492594798754951 4.03876128518579058 -1.56454940586079316
0.86262088884274002 4.524473677253809 -1.55174589519942385
0.74315042081694704 4.51372476037949788 -1.58658265826339195
0.68806750691472229 2.49891021116710421 -1.56630344301561575
0.39940480590587479 3.04754221890472143 -1.61794463211219064
0.37478375232513056 2.55442647875309614 -1.53861111912383253
0.16925121113238878 4.5523890424762925 -1.57731418043414351
-0.19363144122812093 4.58079601029432304 -1.58979116247120911
-0.80063789388935858 3.89146623287914961 -1.57057309000752343
-0.92381800274760062 4.57081439318183769 -1.5940099155046259
-1.26301411125867613 2.56945673661124196 -1.53430578212162483
-1.01025806212892966 -4.44467135217321996 -1.71565540622530932
-1.33127166174925393 2.50673779263818508 -1.57688467065730742
-1.36345567262719425 4.5120773555220115 -1.58373373146037921
-1.55091253908957816 4.4052648884631056 -1.58765621307027804
-1.73328641799812622 2.52435003765808919 -1.54652810591312218
-1.83630517608531663 2.56312813773101089 -1.55695639251338847
-1.84455232626731913 4.1573500636494698 -1.5611946189124053
-1.78729856566801648 4.12999996276697789 -1.56721339846082075
-1.95196771260289625 2.70645969528529884 -1.56216287235730689
-2.01832613859687537 2.72421711265634814 -1.57008871047884524
-2.08926245480553741 3.68200575364096894 -1.59542416042975632
-2.35499479859763117 3.26256299638565217 -1.54569328823078234
1.39311534112310009 3.3323181622972653 -1.65548099276046035
1.33703965613756415 3.60180868027963808 -1.59400089699281433
1.27786543262426955 3.62319551428212572 -1.56006452170322629
1.25765097623328015 3.70330586672411588 -1.56668842669971653
1.2028995065764112 2.91567165691288466 -1.58430884853956755
1.07835478069705237 3.9472922187079913 -1.55309680485959345
1.00939603013801915 2.71577520072904788 -1.59885478318769625
0.88176763239994949 2.64267452378538659 -1.58617947785482638
0.905567323421957 4.4411837127858238 -1.57928572210008067
0.87092048456552651 4.2636130636220857 -1.59738968257500891
0.46993969259252732 3.60393912030404628 -1.59211608929259318
0.17380837069686991 2.57075311139023688 -1.55655038726121142
-0.30629434446018511 -4.71775835713473413 -1.63370653167946744
-0.27001058914671811 4.54248962401094403 -1.60919362800731114
-1.20299643854717853 4.54285899612880062 -1.57917608278173249
-1.27867677840887128 2.55763266771285558 -1.55373715026586989
-1.3128668254453999 3.60585921586599989 -1.5901316254660387
-1.33981341341797133 3.04344481003981038 -1.60972112623783903
-1.48676424066469171 4.38742955960424297 -1.59105364624374301
-1.45599367313371553 4.42297600212444042 -1.61354895261812969
-1.7597284403415494 4.22288836927592381 -1.60072119525938916
-1.8506610002971875 4.08358289231034632 -1.54980679975784286
-1.87947131788350963 2.63089562995741311 -1.55299095314733182
-1.92832522257623351 4.01250483193873819 -1.57462286965052245
1.31153763978703308 2.99475917068520969 -1.64043636054204756
1.13621851573004595 2.7771944806442046 -1.64176608947697145
1.02873383583492006 3.95086854552558542 -1.62058317452007672
0.95394538392383688 2.67753753320863686 -1.62589797591025165
0.86009711932996535 4.20605798474285031 -1.56651958840496919
0.3378847843701171 2.58633123870775838 -1.57500417426871686
0.28908839842876699 -4.43636533991257043 -1.63318594457960109
-0.15577706789614248 3.8631760255801959 -1.61315788603320209
-0.48914781757957948 2.59176894902230526 -1.57821670188530172
-0.85880143101353668 4.53402554623267573 -1.64020956221398784
-0.9467200090509541 2.59462773618661524 -1.5785976904558785
-1.23124319715093011 2.64374755941986539 -1.59836681744160236
-1.07023513613974952 3.68794603845888869 -1.64202718013003435
-1.3687220197651957 3.47742804685007645 -1.61786936039799412
-1.4478598803455387 3.33779583349346254 -1.61569401013540404
-2.03434664570525481 3.80561333214029895 -1.65443347400275886
-2.11474777980998363 3.60971850352299795 -1.66807673577251547
-2.24890869715804209 3.35442556045099627 -1.62972688914969255
1.36166132102156534 3.45061834047769533 -1.66345630582820547
1.27678025251580629 3.59170176921917106 -1.6406994563984072
1.15798784511585007 3.76599730876137606 -1.62381494710010954
0.482871778511759 3.28251142999631584 -1.63905497835789915
0.45465154783166711 4.51205747147200853 -1.59988668881841534
0.35162787487931713 2.42571584252735661 -1.73781029077035454
0.12268989525974136 -4.56403793459661422 -1.64388606796447645
0.03892402144079714 -4.58344852536173963 -1.63278076617692358
-0.09637658833154736 -4.64305480183244157 -1.75601536039068229
-0.47279922684470521 -4.69783439200652086 -1.69539041884335151
-0.4952305925489896 2.97225064650566706 -1.71739831632571427
-0.80873158751771124 4.58207952792546269 -1.62634832526932804
-1.20862606904439684 -4.02981245252487241 -1.76190429759117206
-1.50246715327905211 4.28851719613687443 -1.70680101794514694
-1.79504936555850736 4.10759927297550487 -1.63045657528436827
-1.88889730567607561 2.71808946031254361 -1.62822146039808135
-1.92721721530647505 2.76733274899975612 -1.61889304619865504
-1.98923311366570155 2.73704019297030277 -1.61004702742409989
-2.22972565697454073 3.15508623551144352 -1.62451865843769228
-2.19521540718252606 3.30235917686212854 -1.62308377328276143
-2.26576284489642044 3.23805118999275221 -1.62084998366522681
1.25379663778997053 2.96189838780265724 -1.64949346372017125
1.15491017109659722 2.91583154853196902 -1.62864281392195287
1.05645403393361637 3.81922994627604773 -1.62773860193023312
0.9301792215588347 4.08448273318054156 -1.60785076840802899
0.8492902190573709 4.28629337505895869 -1.63973725712601048
0.86052263277983554 2.53628420268058496 -1.66573450129674416
0.90856594774138655 4.06074036472491251 -1.6366090352028706
0.80913823267542007 2.48383012605980191 -1.66622166891444823
0.81353745552204648 4.13223804297646602 -1.61549561588518098
0.47576320308769071 3.46166697058529982 -1.63384005120098696
0.31309839883584578 2.50425332619461161 -1.69514752184214057
0.23751645495589896 -4.4626804724510416 -1.69179392880282364
-0.1044094853714165 2.7315653757265892 -1.67498371096813292
-0.32915820484777408 4.59441322037736022 -1.63209937592777465
-0.58233539613174468 -4.66349409717898133 -1.7489297168031932
-0.58242454119093634 3.82749392655957088 -1.65934237178569788
-0.81904288047720442 3.78974124997031181 -1.64361226893702805
-0.97368367186637439 -3.75049853310192827 -1.72236670688458005
-1.24171175224362518 2.4321818052853903 -1.7436207503438621
-1.31684146829475401 3.16779990363978747 -1.6515663438146424
-1.71480492994166278 2.44666792599287408 -1.70319625195467172
-1.7021646086182467 4.21244943238288627 -1.64560551950177336
-1.84703727280219288 2.55283031480171196 -1.65671066711897375
-2.07835511510998039 3.72269575273585485 -1.63979720810035201
-2.09137839599463105 2.91056639254893135 -1.65239564386652038
-2.18118617435007334 3.23575769483134579 -1.6315872819327899
1.25477795822070082 3.05445111612779385 -1.69012166280285636
1.26199509687173594 3.1009599253971345 -1.67809421857570595
1.28057508026543387 3.48268752240659696 -1.6458267844103549
1.21364053534567229 3.17269355420374355 -1.66533272987241587
1.23894646329915803 3.63276506380691311 -1.66323992018844335
1.1479968343265996 2.82963477431501476 -1.66286630622507725
1.04522398436217445 3.88281412310330909 -1.64174365300562553
1.06575221555575861 2.73092966944690918 -1.63305579545372992
0.88137348586633335 2.57759904400388429 -1.68510181429822903
0.84353199113191613 4.0608777438964152 -1.62898559240185503
0.71050509422865371 4.35823617557160592 -1.70381956341225482
0.77260045494701635 4.15034013716098826 -1.67226249125231963
0.7084406657886877 4.45644416578559088 -1.64603468821474941
0.75431540233124117 2.36716768599312433 -1.85457870709346162
0.36593558048379271 3.50910793177937874 -1.66340784269170294
0.28639854541902543 3.63297660651844412 -1.64236273977240743
0.33269575293343878 -4.32162789501332245 -1.72023315376665598
0.26651583113747562 2.7241453467273038 -1.66313149553015083
0.24839084737495865 2.99819475829345183 -1.68321009399595778
-0.21187195821687965 4.57136438569516645 -1.64450749999779244
-0.9254960863476801 4.53007407312790189 -1.68816854048356491
-1.18624275366297804 -3.77771369163574766 -1.76845084201996405
-1.29621735936135796 3.13329484332425334 -1.66108281733933527
-1.29821567542259486 4.40610457574443792 -1.72435990925010696
-1.68489709133618537 4.15954228406851811 -1.64087942376163731
-1.86355619829644592 3.96272208608235488 -1.69267861526907493
-2.11410400820057021 3.02485992352511834 -1.68332778288895346
-2.18894442666170574 3.43292488642588234 -1.67661156473088258
1.31294073987880267 3.44004362229252614 -1.67978898584440905
1.18616108598689651 3.02500981896619248 -1.67782387778189546
1.10450022842313023 2.86698518963538218 -1.68029182769962837
1.02797261241645632 2.83957711824290682 -1.68359951070186176
0.98534436285540605 3.83947703975577737 -1.64960947652720069
0.89940580850343332 3.97158244543694972 -1.64948392949621203
0.86942670148042178 2.66928188703197922 -1.668078448507615
0.67829546615759451 2.36507031157287217 -1.81814123110535775
0.50701576194563558 4.46881676711298059 -1.67398960214896775
0.37873875954151554 3.34783053358218785 -1.67968489622588057
0.41278975433932846 -3.81929397552893857 -1.7538682531620009
0.37649859563290428 -3.7741094223084084 -1.75787054276117405
0.2005881799496112 2.71634318057011503 -1.81436348347510723
0.15333480961098933 4.50318719473381446 -1.68936709890652592
-0.0901379146798008 3.74971806423755982 -1.66836855851660748
-0.14300834115630459 2.97563305641142639 -1.70568109995332651
-0.14801696021752764 4.55926385813261525 -1.6708657242678564
-0.33686519063310827 3.81076545572126291 -1.67005561565428495
-0.31936558623565525 4.55907502155769784 -1.6878320195199612
-0.7364798702056089 -4.60375205435022838 -1.77782729077144741
-0.61671756974627134 2.77717778471839383 -1.70952065532398789
-0.91913586503080213 2.82039062003263297 -1.73184099739736697
-1.12846156533334341 -4.25765050942935908 -1.78519932047636209
-1.1155454767185915 3.55763547005343028 -1.68886331504588361
-1.20326749090339979 2.49934127656189098 -1.73869386470322462
-1.26914262793634602 3.38522669414986543 -1.67906224570005191
-1.41100768008234279 4.3084617207372542 -1.72883248786711197
-1.95803014853520074 3.8492673250856928 -1.70614562768337574
-1.95797064993454017 2.86549689089672421 -1.72475671674439623
-2.05161052350847095 3.60836505425898446 -1.67518252713949778
-2.15328112974304453 3.28643549225290599 -1.65304217602221626
-2.15470331519860769 3.37350593670582954 -1.66604439164307871
1.09091065051082592 2.80262364225577087 -1.68194505846326114
1.0346117044362475 3.82572328208770118 -1.68841675811711167
0.8780265454495888 4.0173721761230734 -1.69548255063985143
0.57195455175281162 4.41724864319276289 -1.72453493768224075
0.47091012262707899 2.37743825823087063 -1.77818090814407137
0.16886792240175238 3.59993024690421226 -1.6845076926628475
0.2026847136198256 -3.74071455741863979 -1.7424259523315222
0.032056977755492 -4.58155214422873325 -1.69548618864814316
-0.28956579286812389 -4.66294134560985896 -1.70694755906792883
-0.39371546747742997 -3.70977957712835904 -1.79467403033748951
-1.15527658402973432 2.80576515960882578 -1.70710133968090672
-1.20837135010897478 -3.77513534597861655 -1.85663767673905311
-1.22252102429933895 3.01258951916031403 -1.66393264595439261
-1.37449150988764868 2.38478161395999511 -1.77267313086090827
-1.39367026988730736 4.31822753603623699 -1.69145795723235315
-1.58991542187523294 4.2048436011346082 -1.67944127874965599
-1.61990742391516518 4.18532558471690308 -1.72400552097101545
-1.90732660329741854 2.85185142941779812 -1.69108121033999748
-2.11698446488849124 3.24484776852746126 -1.68129134213640952
-2.16355065294476079 3.21037443908217091 -1.68925591371469541
-2.13320459443471933 3.52894571091370723 -1.69526194160996391
1.27615199506509369 3.25753033431112682 -1.70567391311358851
1.2547277095067042 3.35000814813838055 -1.69978015530797033
1.27738494486902154 3.4951477668076425 -1.69057868968779146
1.16796741265284254 3.13965783213593852 -1.69520265847891616
1.17651619549606457 3.19474433478729258 -1.68092313481887135
1.17850220515173731 2.97194924320557607 -1.70289715073694081
1.12921914942122581 2.8889941654824991 -1.71993365692772393
0.97808694346829794 2.77248089236847539 -1.71084993067719826
0.96507803630214162 3.8880135658074142 -1.69202511687527957
0.87175366298172197 2.65109559777063453 -1.76845106096486471
0.82318731439352488 4.11668753657523467 -1.6765880783657956
0.69865089151859938 4.23020998241786472 -1.75106449000974362
0.25313519075273305 3.19108561677063651 -1.70965208999447649
0.15994283572477208 -4.45981162437515977 -1.74651894267615715
-0.27206760588710505 4.50436561946068448 -1.70163885767095469
-0.38815190396731997 -4.68410105925265174 -1.73010733311012599
-0.75768174892310125 4.52921918604064455 -1.71221388356172022
-0.7207723134703351 3.61682184455409939 -1.73947293168916173
-1.15170718152211649 2.98349778612939076 -1.70465454916019343
-1.01361457977503489 4.44006248414080762 -1.7822608970286542
-1.1678552686941559 3.23595345027288417 -1.72693536509032608
-1.60489067185436629 2.36067155458242528 -1.83205685820336583
-1.79704109900417097 2.46271852725829321 -1.76651314827401484
-1.76258112029728053 4.07383818547322285 -1.69894046546407207
-1.84413159103374791 2.6608486059434191 -1.70017072965243488
-1.84480661248187627 2.71922381377368172 -1.72641889032385309
-2.05079435265751231 3.57029116062554674 -1.70009122130233048
-2.00538065408987531 3.72821828103720687 -1.72944792805776082
-2.11198156446344854 3.49400329748267291 -1.69807093252074148
-2.16710621357375999 3.33473352297346315 -1.71140323389530979
1.29905762430296678 3.33366444997975142 -1.70896669059394757
1.20786135067716405 3.25485908964082915 -1.70040167878857051
1.20727147767173104 3.59430726264893341 -1.72542521752809064
1.13176631744747636 3.20145535897418476 -1.73077716210048616
0.95345560664869855 3.80691755449882896 -1.72535287002467719
0.91598317804605711 2.73276053700413835 -1.72924259045189421
0.77684821778631619 4.13394970332747125 -1.73060468299851378
0.20373722283101206 3.16604327661848917 -1.73270046103845266
0.18718698090426475 3.08997435847678448 -1.72347184156440192
0.18212384228729944 2.87078015357806571 -1.7521341280504199
0.16813161123425505 2.95198674850284082 -1.74490614068211936
-0.06434368721412578 3.6039814031701547 -1.72385873387342281
-0.13689277487258372 2.86951088553173905 -1.75971814661713344
-0.21264415000826586 4.50833675162604841 -1.74347063312595774
-0.26362085814138136 -4.66204420597527314 -1.78101010585556185
-0.40815266939585376 3.61605875380447461 -1.7496500341760326
-0.94930562219268522 3.5791237399908562 -1.72147881708626427
-0.83258017210220314 -4.46702326146611739 -2.00556516877339686
-1.0940279010707763 3.44372352934431092 -1.72481046308805519
-1.12948000628601908 3.12182329126911329 -1.72219393532528531
-1.31371063682278066 4.33296761314882239 -1.76399698938855565
-1.48450961187314956 4.23709178015102772 -1.71396051970044616
-1.96392581883902273 3.62764010905081902 -1.72960824794667545
-2.1524168839011808 3.27857334542729939 -1.71337741271067756
-2.14418430401619142 3.42582183482680103 -1.7202458474528588
1.25668292025834605 3.3909774816916558 -1.74256717395239935
1.16552110892792982 3.1015555219806501 -1.75442211441842755
1.22073170746177184 3.29602486128994476 -1.75689368706143534
1.04859628825432094 2.85490297324756659 -1.75095317648209181
0.98528061751973228 3.79579052385944671 -1.76529086732817442
0.96417645211125425 3.85874228222554949 -1.73248038744804211
0.83519551434143458 2.7465656633874147 -1.79228398637105379
0.63489625196284427 4.17354013653332601 -1.75951776527935322
0.33706165904178575 -3.71673667506480054 -1.82138484083977281
0.17227582266764718 3.41553658958766304 -1.72791313851070116
0.12671796991283377 3.28684613249998447 -1.74950793388329084
-0.6924655288323498 2.86029263074035578 -1.75699334059968093
-0.83831869582446061 4.44548477874053027 -1.80187249319963039
-0.8791610823995073 4.42873167696633274 -1.77058402611442789
-0.92875354349433981 4.46307277425770454 -1.77200396248945768
-1.3351859646639801 4.26711252367353566 -1.73759089537664702
-1.8249186630661991 2.81524127370363164 -1.80846122510101259
-1.89287851611144609 2.93298850635824193 -1.75916068037549267
-1.9798689832666454 3.67808151560195595 -1.75132561622531568
-1.93384147842972753 2.96588289208166289 -1.79554697418684528
-2.05784194835839251 3.21832878283005597 -1.74195777763369763
-2.09464662293743897 3.51961041110234518 -1.72902610293027847
-2.0658079748525795 3.17986197830705297 -1.77204943529679015
1.04671802310422968 3.20866593157870073 -1.80452319898010161
0.91552330420474637 2.8584096057334869 -1.77003981496328255
0.70214781609844723 4.14687784075394994 -1.78822969911047136
0.3413977478941671 -4.25563199416588578 -1.76866006278524712
0.2848505675592618 2.32320131721922607 -1.95166288050281422
0.37445295856354299 4.38998982149892836 -1.82041656612002334
0.24788967459079364 -4.3629840061414793 -1.78531736551950426
0.02987473446256388 2.93785725665093 -1.75445318491932478
-0.01770172413423828 -3.66389055210843839 -1.87211921915940427
-0.30431682452381215 4.48322305924990694 -1.78717893501773384
-0.34914939930162908 -4.61817170034113289 -1.80703761984382094
-0.79638749444085855 2.94863695609235421 -1.74568433835662051
-1.11215623492521742 2.9435111118077697 -1.74677247778885159
-1.11934431351617136 2.88295958942834352 -1.75012208637315636
-1.03420601069518581 3.29963539491237157 -1.76804342454777541
-1.09482568245599587 3.04672821173417452 -1.74730018754495675
-1.21536371865536941 -3.81271076799514974 -1.89566748440237687
-1.34958170227604635 4.24661479331919089 -1.77450192191288769
-1.47096889493751082 4.22654788829682726 -1.76135848643928505
-1.63486007453806104 4.06262815259388166 -1.81681721800821738
-1.83278274509193606 2.60101951104095619 -1.82047170220485111
-2.03224764680748615 3.58934164478926432 -1.76511776336599113
1.14580181882402132 3.51190789780325252 -1.81074689136330891
1.11481820853382319 3.28101452228755219 -1.82455330593473386
1.12944980395944028 3.04043084981988265 -1.78953323220972438
0.8189767957181272 2.8088774770360998 -1.83454045279242273
0.80959931414138109 3.96452786613328811 -1.82184561993293981
0.64589548412251108 4.24845459874093923 -1.78130382973623891
0.44703380369406898 4.34514882505088629 -1.83483540296218428
0.42054244474798774 -3.83370697505889702 -1.93849092412710622
0.38969102442090325 -4.15985673861316485 -1.81845309900756535
0.09500473734641982 3.10044240477446476 -1.77120591154829121
0.04841277814768868 3.25984612424896048 -1.77972972989351153
0.03160933097697577 4.43398117647671519 -1.82070810430656005
0.11244220043684591 -4.48992887321661005 -1.78661020719019481
-0.05139532933633244 3.38715728894194479 -1.77641507413522093
-0.32816752498826912 2.92257432883804391 -1.76516569936254641
-0.12878419711380662 3.37266447287997773 -1.80010459291152181
-0.1903865562491889 4.44643525757500857 -1.82083096495638053
-0.24621796054513209 4.41176814832738362 -1.81267032145381912
-0.36146185948120796 3.4732645357130667 -1.79349168666124892
-0.83216738254195899 2.91100650110618986 -1.76447846662779528
-0.5825747453700556 3.47682162864097632 -1.79665206807975109
-0.61641415376524111 -3.66361934977826209 -1.87254651502043545
-0.85532650276993116 3.37454148271868348 -1.79747824554216984
-0.95999385057200648 3.25335728167886895 -1.78865283507716821
-1.06627964134113151 2.96121662050340984 -1.8010533833679927
-1.14121016831501909 -3.68839366800062241 -1.87842513866133132
-1.0875215906687794 2.57740043527227725 -1.99131793097785659
-1.20072359386752359 4.34995912209449909 -1.80587784366245763
-1.26726958383801658 2.33054353765563693 -1.87632952539794284
-1.26716741740937833 4.23296655456723503 -1.78631940930015221
-1.76363241087150691 3.88347429143677481 -1.7987202576167578
-1.81190735116954205 2.64604197974068844 -1.80987691479355939
-1.88688483187345946 3.82188946165415278 -1.7697505889577847
-1.87327819403993434 3.67316297188212415 -1.78043947650193246
-1.88075121009748858 3.7346647002603901 -1.80480301794376685
-2.03350050859205034 3.22759090625046507 -1.8045275530283853
-1.96369416023982368 3.5049889991104024 -1.84348320206148686
0.9796323887268451 3.74521268811976782 -1.82421350450098196
0.9116520800503265 3.8028287153962741 -1.81820978065518379
0.83185935145129164 2.46680510819336662 -1.88881624357579403
0.3547212530761189 -4.21278670406096989 -1.85849373090542125
0.25850590948120933 2.40750017142404182 -1.90485836989333013
0.08613713031798526 3.00319692597946686 -1.81324154502658752
-0.0396651971737298 -4.5710682994577212 -1.86399987144386325
-0.00466976620610246 3.19251738193555834 -1.80450678314362123
-0.15523253382850277 -4.62227662627720282 -1.86860299062791291
-0.4378847757996443 -4.62301248332804615 -1.82334055671515216
-0.48478189992083498 4.42142476559209552 -1.85283546955724843
-1.08178524140412979 -3.64647075538825893 -1.91602220860501049
-0.94853246331890073 3.15025198029362219 -1.81870433103703522
-0.99476855292995436 3.077091588673591 -1.81963238038681041
-1.55489512675283992 4.15172227992933074 -1.79620401045707645
-1.96198388493474507 3.63050481225485289 -1.80588631425617718
-1.96841241197994554 3.1807339874587246 -1.80106443631399582
1.11407142473970655 3.3547460215948619 -1.85164633627787611
1.08313347627718715 3.14624935075781886 -1.83199708930435068
1.01492271582450821 3.24647140325553085 -1.83239948273097419
0.96542618944066083 2.90462998416469942 -1.84099226728686327
0.9471670809412529 2.88088844934702903 -1.82059866701977602
0.86855930945686044 3.73013259176409484 -1.84099567058834745
0.8605735282799597 3.81693535944832263 -1.86633515667387417
0.80194477291531807 2.38827272918041666 -1.93720779229787188
0.54102048295961536 4.28129830713008985 -1.82408292536270866
0.475668070601235 4.20976013156481077 -1.8159570864708674
0.34953131068942322 2.30297146832957722 -1.9208101923038936
0.28253770239401932 -4.26998550510363906 -1.82139811188695866
0.10867579385920009 2.91378333483572494 -1.84074406388926759
-0.00010524529973014 3.12231374175291299 -1.83161912874515109
-0.13326517579748276 3.29954113261791271 -1.81598967718673099
-0.27146828924092314 4.40422437423078961 -1.87359123443591469
-0.53782458339950301 -4.623685452042265 -1.87348554738703221
-0.92753083296293271 4.33946534712274445 -1.82142483227070073
-0.95169813601421782 4.41162885575441432 -1.81624960475304187
-1.1327677696391445 4.30846209998606344 -1.80961664627339669
-1.17266581226933142 -4.10368968846016102 -1.92773095579103915
-1.32449277447773683 4.17556355275688684 -1.81587289225964033
-1.70269787173057141 3.87097113282440874 -1.80380685664425067
-1.78509436653354192 3.74252990739884872 -1.80534058903011707
-1.79505389706326701 3.69732209656568767 -1.80879404067411986
-1.82315410382887166 2.5498128663945705 -1.85201883880163454
-1.89197931983558343 3.08825119625648981 -1.82661398662603136
0.97033671796326249 3.01782714062700297 -1.89774754762265707
0.22738493899916215 -4.37155670302328048 -1.83001645441796534
-0.32597840271158013 3.41600230105309555 -1.8185654650348555
-0.28139952336022322 -4.62938764249542611 -1.87031199237995005
-0.62675297045005829 3.42127557576808305 -1.8205504895764808
-0.74787170115589163 3.34163837923326934 -1.81946283736334791
-0.80166333852626503 3.25752557693734834 -1.83715378305116395
-0.86824913870436271 4.38895752541062301 -1.84523451060491595
-0.97035425115394724 4.34579759697929013 -1.81590289598286736
-1.06368961099835246 2.74407913777113333 -1.93660598644075144
-1.40509527394617617 4.16690820376732685 -1.83462980316926183
-1.56608700423418523 3.99438479161324533 -1.84218906750519595
-1.63310175303630611 4.00723171820199831 -1.83555598459713032
-1.68719023428387782 2.3337652855951232 -1.90091068001396701
-1.7872008261448995 2.958407263630491 -1.92046817290706473
-1.83876031148037744 3.68483176709664217 -1.84965273781004091
-1.89348525252866451 3.14772786567823637 -1.82495790134602331
-1.93761164414095255 3.10738422248596136 -1.84441885959184138
-1.85801409414996499 3.35774143039924322 -1.94268914560616723
1.07074587185513836 3.4267686676007445 -1.88406732457411974
0.90944783893418035 3.68667725864812423 -1.91214961348901591
0.8154441650047749 2.95889797723662662 -1.88330534023643392
0.81481893887715051 2.63351958203397807 -1.92431263851760326
0.76833505619960529 2.69313280721776405 -1.94205507192364046
0.66646630060620082 4.025101809627607 -1.88967822144056563
0.59318219471355238 4.15465811125752893 -1.85612670985900996
0.58793793156339746 2.25518471407848065 -1.9955512081247031
0.40348402672247752 4.30354362785985156 -1.85814801156325848
0.31338657136774778 4.24111923778016031 -1.85232363194345373
0.1553291962429956 -4.39172385173377844 -1.87581592427671673
0.08633390969638052 -4.36916332523475592 -2.03545435200487734
0.16918181013690911 -3.60264688039776626 -1.97399645470335638
0.11886772601371491 4.38998992668550247 -1.8574015314075345
-0.14448308643302654 3.1802596676620154 -1.88225046338053237
-0.16744030772869142 3.2432089054271076 -1.84842421430725468
-0.19758223902246305 4.36068599626405451 -1.85014879454533077
-0.23532200971694792 4.35917282595863931 -1.85064977985601731
-0.33704989922764256 3.32721027280698811 -1.84575906370259535
-0.56515350607262493 3.33421827058458531 -1.84738182096616832
-0.94929459419048856 -3.63593865767089497 -1.91785476826398105
-1.00539851793181767 4.34172380215196885 -1.86180065397217454
-1.07720083234052 4.325428277332386 -1.86501143774301048
-1.1591729271999307 4.28820689643944242 -1.86645501309808592
-1.16919167293039594 2.30959286156271215 -1.98808339620386043
-1.28774046957506716 4.21000478922496946 -1.86869010867364271
-1.49397932366442565 4.1027261529093737 -1.85729514427395448
-1.66853281662734698 3.91129415394677249 -1.85714396791821867
-1.78103348537757866 3.74892221779666102 -1.85456393230952488
-1.75599310701245304 2.3629905124650934 -1.93946606791021758
-1.8862982272074833 3.18074382823324742 -1.91123131076390007
0.89614025545440334 3.24731540009618191 -1.97456944629368047
0.90723323853564697 3.27886741216376443 -1.89689740844080368
0.80584785688392002 2.88156866823095381 -1.8690807276312138
0.42469437087957623 4.2152155995542584 -1.87798138223649458
0.40035315540121996 -4.00903336353139572 -1.98905170641677231
0.41249405406649498 -3.88561460570118467 -2.03542943920203712
0.41116887203772284 -3.7140981807115403 -1.94146025220363749
0.3416768756605077 4.33544643641941452 -1.86394995740478953
0.29191318553510687 -4.22461928258932851 -1.89512171939756424
-0.02522257541352067 3.04070263477488689 -1.9075319836667417
-0.11223392919582499 4.39023827703455627 -1.85795673985876442
-0.05872966797854404 4.28432647209633277 -1.87900783930252979
-0.33467580452113077 -4.58912269230932424 -1.90491300713350986
-0.70998753255917846 -4.53794422376146134 -1.96858891028432459
-0.82766505465261053 3.16737105789447337 -1.87988084880783068
-1.0702973983931483 -4.21493381394368161 -2.06064987915009112
-1.18464310507199966 -3.69532441085586161 -1.91506468363760551
-1.41220239204239362 4.1027597952733359 -1.86824949373184368
-1.41877227509879678 4.06552053367136867 -1.86722133451132
-1.52462311887167989 4.01608495887728623 -1.90605062556057114
-1.71718041604858107 3.63412048289033329 -1.91464866342690132
-1.79873034880346094 2.55620414806265606 -1.92956966535173868
-1.83686057623592891 3.65496968164575797 -1.88443850463356166
0.90237764917994689 3.19681770140404131 -1.98708232871158286
0.85015983008004625 3.01527644515500137 -1.95002355117745485
0.84831131758909373 3.67595376663234408 -1.90460109756599771
0.80891555322039033 3.77234357953897392 -1.88132693406346774
0.74863277820715113 3.89194313319052121 -1.91901644199527244
0.37385341411076595 -4.12573118050428178 -1.93147586099552226
0.2667195255590864 -4.30294268483394937 -1.94419213779351718
0.0894398944037206 4.35057254189701581 -1.87782769570431096
0.1107251611477155 4.28421805542397394 -1.88999898749134632
-0.01592250488796415 4.30241394576796043 -1.88760481152598003
-0.28562920395970792 3.23653226579230413 -1.89292055542951632
-0.32822459134723947 4.30023385226134369 -1.90682591281559199
-0.43324610683393633 3.24936260934993104 -1.90568010438215074
-0.59160009571917826 3.25214761613392644 -1.89519171975156309
-0.71565289690275768 3.20934312508271447 -1.89586094766830948
-0.84179384598599627 4.31128767803911739 -1.90554906593937301
-0.89619461657021438 4.26136888944952652 -1.94064992379151446
-0.94888835624329215 -4.34984440246587223 -2.06253633914824519
-1.19662432737749591 -3.9895564870750051 -1.99621647966189086
-1.7719242635909096 2.58343860258777358 -1.93193091135237172
-1.76409434746093408 2.88800552669137467 -1.98493882405676136
0.97923763626299931 3.36929758409018287 -1.9359338514670914
0.88380666346076775 3.60570176923225993 -1.96439935407953437
0.91195803380450413 3.37698836563698634 -1.96987627454215297
0.8455410491472316 3.73957038018804377 -1.91921387185863002
0.72677973081531655 3.86599757645361919 -1.93135199798543011
0.75086506557806776 2.94866261676294927 -1.95990083539416471
0.7011395953507229 3.82235650771092716 -1.91644078336628665
0.28378684600516879 -3.57640062393443792 -2.02763804687946214
0.22796797270162392 4.25061781797391713 -1.91412162795127672
0.17966449623675387 -4.36507165209295778 -1.99985642069495295
0.14710248576214299 2.54506962281415294 -2.06619936274571936
0.00314258927306034 2.90069061960496377 -1.99836411484438448
-0.13782601740893929 4.32718361543336982 -1.92104286304426153
-0.29103710875265493 -3.57494926831730897 -2.01267408138250437
-0.22679166353369623 4.349083392199522 -1.89740407011775525
-0.3960593139644592 4.31156377811253844 -1.94531437464156509
-0.42778552703511424 -4.60709731085299001 -1.93040517940124734
-0.54372417344825086 -4.5305357761572207 -1.98761370956672945
-0.73827238692032948 4.26585132131251044 -1.97462355937087564
-0.82446570988057721 4.23687906063681385 -1.92213777767579619
-0.82811240432561184 2.94671262142836632 -2.06194563955532928
-1.20900454369231181 2.26715313968766896 -1.99778009844971538
-1.3259626450028712 2.10708756727191249 -2.2165393471192556
-1.32030917972802797 4.05669974185064142 -1.92905610827619056
-1.7015260704211852 3.66533930135311925 -1.95330947853083647
-1.7606032742078237 3.61811115625747082 -1.9479897003635962
-1.79084225343019909 2.63572111813176324 -1.99879258213036137
-1.78075985832347583 3.17941009073014191 -1.94116546830655068
0.79860973689800485 3.3338911677481371 -1.9591735164808104
0.79232633308206268 3.04148566186971703 -1.94802745222812379
0.76843668205405247 2.8327108389694331 -1.9563065484332629
0.6251626163941173 3.92908931099030667 -1.9673278278637345
0.44048423015369115 4.1339055807273235 -1.9434616287712394
0.33343441185811934 4.20715007740923586 -1.93249989748706485
0.06205128972392478 4.26930841834653485 -1.92637940396549912
0.03514890425642123 4.22366346100808254 -1.93397364833152841
0.00639667287296159 4.25245964050417946 -1.96385643972239698
-0.23308087950191425 3.07184142876914335 -2.02062334810622923
-0.39270347197255495 4.34547268898991756 -1.92834010837939784
-0.50941145763697881 4.23800391360927087 -2.04244409008371042
-0.98932500939754242 2.80216920133632019 -2.0125415918002707
-1.01484169981794659 4.23264647108828473 -1.94438102212018071
-1.1425293122819018 -4.10446836690625894 -2.06514602732489516
-1.14028058661273124 2.35604277970993037 -2.00441097227347198
-1.31706829932131342 4.10840596721586682 -1.93214154636631852
-1.37086411025848687 4.05267024515163321 -1.96449793724532018
-1.54926305326118685 3.82564086064301234 -2.00625278098651805
-1.74157347253232553 3.09270492293951849 -1.98118869811729681
0.8524584248088104 3.13293732118881429 -2.00127716259048638
0.81049394495712934 3.58874293615582651 -1.9743216225195801
0.74639946191448192 3.79895737308719239 -1.95829391001374331
0.5714940458546105 3.86344187046161913 -1.95227484459737455
0.37895324223735227 -3.61573185068298075 -2.03392083710585148
-0.3845969688136831 4.23439943999890556 -1.99206217454915069
-0.45352584703695242 3.15497323366678462 -1.98563919620295892
-0.36666825158171229 -4.58736667779340213 -1.9899050323865366
-0.55629809326306612 3.16529957378032956 -1.97056501615076973
-0.59642135986891942 -4.55087478990058436 -1.98155249858019911
-0.58392713439525767 3.154782983955569 -1.98029357286242758
-0.68758425078894403 3.06546624378808374 -2.03081131973651363
-0.91984586019461834 2.89087528699830498 -2.02910791635845378
-1.21324464825618872 -3.7815743091022993 -2.19591404459291839
0.85336518563541153 3.48372803890335625 -2.0116550843668124
0.79998051337195564 3.61450906666210114 -2.01052167522903469
0.47520919368720987 3.97217078399560242 -2.00199672379546989
0.33890160671162678 -4.08011348661794582 -1.99401494423543868
0.3117273806610304 4.12851772827573171 -1.98105321469024043
0.15873011069617879 4.18418639571540485 -1.98141145592648726
0.11616271291512868 4.15563693452169591 -1.97342588740919189
-0.02212907500802996 4.25843918645205299 -1.99154596280526253
-0.12547295410661063 -4.5428987446861262 -2.02548780174571474
-0.27175679881885378 -4.54129839333414775 -2.01379309899934578
-0.44038675521342957 4.20697112515492222 -1.99849241973860492
-0.51429639639153757 -4.54767811600009342 -2.0374553842643226
-0.76783719966924824 -3.50881905407305927 -2.11342553140665323
-0.74242029316522684 4.20051936179231067 -1.96840747560352103
-0.79704211024251725 4.19613689715892324 -2.01018586954016509
-1.24730579021921795 4.0388167824201906 -2.00721215289638355
-1.70634510251273963 3.23303626463134375 -1.99118828856255115
-1.77759807586225294 3.22474343001136932 -1.98753820758785604
-1.78703622072804391 2.52078359873342883 -1.99397764629761864
0.78256068081831387 3.14361955205010091 -1.99081557300143519
0.71551383202526653 2.2450942956296478 -2.07349442435475195
0.76194643259126082 3.06686694424681638 -2.02762984967701199
0.6744446585365913 2.18631171320899753 -2.13822047321776232
0.59031253869163081 3.85478639550582169 -2.00731723189680045
0.49030376215207983 3.84771093188686919 -1.98680240449918899
0.45722313583619245 3.88891426421778252 -1.9874161184681971
0.37440137268527951 2.15235312831902093 -2.15310394087107371
0.29597908004000545 2.20739123673120297 -2.09882531590064847
0.26812176002287369 -4.25515873128492483 -2.07042562105589578
0.21780424758326597 -4.32279542822442675 -2.07004473632711683
0.30735458408760308 4.0922601637234024 -2.00997066789403878
0.05404338537955788 2.67714962162755166 -2.12765022430504214
-0.36264369414954012 3.09186238352008136 -2.04161105454068892
-0.31805505185144317 4.17625909196734479 -2.06850982038455067
-0.86384312895765902 -4.41256797707085457 -2.08112596156583463
-1.24346294069341634 3.9555570542938816 -2.02364679155173555
-1.59330347477690681 2.176097375926342 -2.13448823016187372
-1.61878031843936543 3.55437470070414774 -1.99856011213865981
-1.64058578391599452 2.19104974639447558 -2.14193736161232451
-1.73708396915142083 3.3506019489920269 -2.02503280299896993
0.82448349315819724 3.26950737675645664 -2.00932156758055713
0.7573611238099861 3.61592568225372002 -2.04936113964621924
0.77382254900882108 2.54858159283677921 -2.13953797489886854
0.77412172829823356 3.27242028792178896 -2.00365542810754249
0.73179991300356229 2.73703885361091892 -2.11029546796252854
0.72590114940031092 3.36651943951860666 -1.99612427088929367
0.66201774274919201 3.79870582176511418 -2.01660949730649319
0.68647498813149499 3.00767233789387545 -2.04156154770676812
0.41764474528789075 -3.65097568572142706 -2.16407878067464488
0.32829662139562088 3.99568887222395386 -2.00698356789485199
0.33838098015284557 -3.53574722229150584 -2.12095999361697807
0.34939717626870631 -4.03135415551473919 -2.08241617784309829
0.22009625757807949 4.03758928194215816 -2.00084075502391734
0.19550910566409721 4.06801750690319253 -1.99712177224397114
0.09336470029584493 4.1769058259306151 -2.01527701761764799
-0.08202003070288158 -4.47350732389274341 -2.12652030725936703
-0.12567071505482452 2.96106947350251648 -2.05724913145059451
-0.13612747175730072 4.227891900367867 -2.04659442523336743
-0.48455800541684474 3.19213341378260607 -1.99498475122646246
-0.65233993208836283 4.18535848425916956 -2.01105402515945331
-0.69565907000140192 2.97730159482758427 -2.10930931549777023
-1.00185621671940606 4.10326621039865014 -2.05545975455423591
-1.17449663452631747 -3.5473161335520178 -2.12464083146876614
-1.20245709843917137 -3.62295424610989736 -2.06059155913870962
-1.30278007054087541 3.98136189920197303 -2.03307828455830419
-1.47672380456711005 3.8452788434741132 -2.03695351015880943
-1.65918444445354019 3.52889764409513695 -2.03760828018043716
-1.67329346607662144 3.23066054702666472 -2.01303459558664377
-1.71332674116141503 3.03773996814441771 -2.03894626784312427
-1.71260966182675167 2.27973476868884362 -2.07080112112328107
-1.74083842397362387 2.56318255644046422 -2.0364404214384435
0.77061768927473706 3.45917676246455841 -2.0281818256315205
0.76352784949607888 3.15401193524761725 -2.04271575461128618
0.69074896242310302 3.68678131669041464 -2.0628791301391467
0.69291138522261597 2.94227433707132979 -2.05733445759938238
0.65313652352716489 3.36470626440078302 -2.05775669823523044
0.54324446749338928 3.84295070928193994 -2.02317722871769945
0.40501232718307234 4.01803348722035736 -2.00968097389781608
0.3982093577092371 -3.91568561168358986 -2.06214030323207087
0.37304377272575795 3.95036813402973985 -2.04587043714783956
-0.17822744691237746 -4.5111577574654973 -2.09938133740083588
-0.43759693017100959 3.14736016491800452 -2.00357515230565486
-0.55938707665340703 3.13969407613322815 -2.00627831018052394
-0.52146989469398708 3.19140960900208004 -1.99669162433906955
-0.54102552158980655 3.20890216838428088 -2.01102399682948629
-0.54429416354312754 4.14925741365289635 -2.028240738247304
-0.63705415946354049 4.16032610706001282 -2.03847594989475178
-0.62929634583455107 4.23202270585194107 -2.02266289301391122
-0.71361064843623656 -4.47955715471939708 -2.06989101078711091
-0.80975222118102308 4.14180379695290046 -2.06247295676039322
-1.14458206508478733 4.02065788132986146 -2.05837559046944474
-1.59263599204987605 3.60077321265200023 -2.05612019398364421
-1.6431209360472514 3.3543445365696769 -2.02571155873504116
-1.71730723493900395 3.30329717327839711 -2.02434107593914847
0.74984625179541942 3.25812808058228365 -2.06289532390786512
0.69456029353133808 3.49981767778035913 -2.07721248975539163
0.65856157591289244 3.44489339517848814 -2.0483210130531937
0.5251968347583934 3.72929000504052821 -2.05025854997840007
0.47973477250414015 3.81631445084956322 -2.0483218334815696
0.40552059128410695 -3.57737377108216492 -2.14525877350574978
0.29081472709283085 4.00541297317912015 -2.06191984699114395
0.17611843247056605 4.06884333625800387 -2.03057671393310946
0.09107698876462146 4.15115200053680855 -2.04968700083583011
-0.48265507787059914 -4.52062411879528003 -2.16040748272884375
-0.50987373030821581 4.1658451756129713 -2.03914267820460893
-0.5315250629777194 4.22310233451843509 -2.04772613207401788
-0.63434514411104836 3.09516668736981337 -2.03254465289137709
-0.69009138371633216 4.14084232447447587 -2.03708116834563713
-1.01135621304866796 -3.47964948175946365 -2.16129792921067576
-1.11950838153026777 -3.48437278671136896 -2.17580977627316141
-1.54889185786839167 3.52327398286853732 -2.03972383330494678
-1.60137095347801273 3.47848208103914924 -2.04358495648513872
-1.63452305162466205 3.25514158070205717 -2.03191493372032994
-1.66852259624858146 3.44602949285444726 -2.04780461165193861
-1.76649887284973217 2.6583435562623543 -2.09459843862987682
0.77669170827129053 2.36546482924967716 -2.15259062732383866
0.75833691975804396 2.62740902640765972 -2.09225435534774595
0.75655838299156375 3.50699991932553878 -2.05887292056447979
0.71718153902301285 3.33390170032335176 -2.05906496878484591
0.70134415659412042 2.67698377388451103 -2.15294787690387857
0.61117348369571445 3.72211032161894018 -2.08128850678559463
0.56183096957065903 3.63768732091773028 -2.07537507874272764
0.22356172431543253 4.02144896666949858 -2.05886791668185243
0.0938351696990835 3.97705552589371747 -2.07177805777067148
-0.05788564678648055 4.20247928813334592 -2.06891328513430039
-0.2153701428151692 -4.47860592669735436 -2.13030732047344618
-0.46632678881904627 4.15950306442057549 -2.07348774198039898
-0.58043708494088075 4.13856288702301089 -2.08093527085070962
-0.80908635646798932 4.06811827193698949 -2.06592094859064446
-1.01285821347657734 2.59776739454776218 -2.13706244778384002
-1.16220466115712018 2.14147650706063875 -2.21286726718620574
-1.21699182286348462 -3.66846497357336165 -2.12121913320251965
-1.20281176842605309 3.89430397290196151 -2.09045250872291799
-1.49598294615211946 3.52868113101207515 -2.07228560524668781
-1.62298871486880891 3.07611424765884367 -2.15162276172078748
0.75508462364582374 2.25814997444939491 -2.21595312341209238
0.64203888381731111 3.40053559337483469 -2.09927115486156657
0.60068569724733856 3.53518300054726797 -2.07951655785964684
0.58708399236057185 3.48683149134490611 -2.08747789854398702
0.52372629797904025 2.11279065924715725 -2.21545288849130051
0.4994631010150225 3.69622654837706621 -2.12327138576303875
0.36638041218220146 -3.93836882409467481 -2.08538994668516819
0.19985133694138985 2.19334170676721829 -2.25499459250792089
0.13258990521953029 -4.34689444457241159 -2.14587113938565999
0.06736319233425567 4.08888501972922658 -2.09225945725642681
0.03731005066010759 4.00400032019898333 -2.11767342328174291
-0.17910509418818349 4.16593054884405767 -2.09661232687124821
-0.24990103704847727 -4.48723640567186344 -2.17445007927803546
-0.32746089704032461 3.04569004054946069 -2.08242252738964462
-0.45274548076401777 4.0357327377252199 -2.08249832258926038
-0.45154067521454988 4.11722941208956339 -2.10039359012834925
-0.45646554325798278 2.87070011780027912 -2.2681897643252209
-0.69787613750112065 -4.4047222939246069 -2.13568650278270633
-0.75642822481997141 4.09944364996621768 -2.09312788343698353
-0.91344978025502843 4.05645895909848253 -2.10205828628489666
-1.10860718710516637 -4.08576090801033764 -2.19814062320466563
-1.01884365497006879 2.38372072931552781 -2.30092930654653394
-1.18166045445634293 -3.94602835468407376 -2.18876073178283992
-1.21482104484853681 2.13199695739523065 -2.19443334317476069
-1.23193700666040651 3.89101965265146932 -2.1026640281244755
-1.17703540149362196 3.94561403391675025 -2.11417478929939406
-1.30392165056327225 3.82806956183808111 -2.10647772283273937
-1.45168284607087505 3.67968713568214545 -2.10571554253932991
-1.45824679087883124 3.58852540486015315 -2.08995422642702344
-1.49768869789726122 2.07212435786190863 -2.27586796346279652
-1.53429470234853604 3.61369950270605411 -2.08712997915805598
-1.52326078045326319 3.50236694929774872 -2.12328862961313458
-1.52807462379864312 3.26293375907702377 -2.09749924773749408
-1.56964008344911932 3.46545315113720598 -2.10418244523756748
-1.62581531510282007 3.32744364051458419 -2.08372172870353234
-1.71865646873602551 2.29942106314362649 -2.13951164958385442
0.646445235308026 3.17074889494812329 -2.1172769136843046
0.65336524240581184 3.31989825591165344 -2.10312083262643545
0.63361468343239513 3.62617473872028873 -2.10498029701577138
0.56494185608990344 3.08524455230853256 -2.13340415654461291
0.61687623123223179 3.44969009201159782 -2.10618541260927161
0.54175700949229988 3.32834564144742995 -2.12205825714996177
0.56058543450057785 3.59605622175727113 -2.13032072138226791
0.23053233550554592 4.00170785722673283 -2.08764831876972767
0.07927917280432287 3.94132144053954558 -2.14651177883891808
0.03645943657720132 -4.33759045025928991 -2.17990051865928525
0.06956265660937122 -3.41424114597882555 -2.25141352218028601
-0.36256957252190747 3.97466598205046617 -2.10351798087905317
-0.64551035341539609 -4.44313546421570926 -2.19318867764458991
-0.6578667504855652 2.98866969098721391 -2.13206691476009436
-0.81956252634927218 -4.41034543342906993 -2.12129246862641452
-0.92030581900758468 3.97913036031797152 -2.09939702774627257
-1.0230982553181911 3.98656196565731546 -2.11560880294633069
-1.15897760866923938 3.85823948790138438 -2.10106177071139699
-1.09363387901614773 3.8936022932509271 -2.10498685891573123
-1.28522203085128672 3.7492239916643566 -2.09959939531011264
-1.56589994012681966 3.14232422293791203 -2.15946199862931998
-1.69652728188928537 2.58428009703348938 -2.13019621092133926
-1.74094345930539385 2.51941819322326355 -2.16448457646917136
0.51527852381984951 3.24133383794529895 -2.18755733154376841
0.50187677255751195 3.4611163703472001 -2.16333876975523909
0.55396270112144919 3.53372982493716048 -2.14104871691376708
0.45516959320942413 3.49131937792356251 -2.14753837850010409
-0.0675447473720267 3.90760472964018701 -2.1490971741647642
-0.09815547527779059 4.11757957025186005 -2.12645159574988618
-0.11946224127578378 -4.44879303738900234 -2.19478481483586974
-0.26327815308558045 2.9638603911528052 -2.13995211107326266
-0.24078479469397879 3.92938856234178679 -2.14606897849891221
-0.41063749751953837 -4.46601370779281481 -2.29970610649083618
-0.44795387438337575 3.99128601218380075 -2.13573391635857845
-0.39120429842181903 2.93091955810892557 -2.19685410977491014
-0.71368046277099784 4.0820157864311728 -2.1187320442540023
-0.83750546085901523 2.86208023954350921 -2.13900834723337985
-0.96822223897702442 3.92623058777852219 -2.1544014329822061
-0.98960038938148898 3.92459590795312518 -2.12690726160335641
-1.46819934327262103 3.56292686241273548 -2.13703124613432172
-1.47922412524972602 3.51641787896813041 -2.12964126038388546
-1.5123651855842779 3.32601309979809256 -2.14861642447256829
-1.72051615126393775 2.6480651022198689 -2.17477303506119046
0.68664291398575772 2.7678183054413692 -2.21346564025218973
0.64148990795919347 2.88277119668070858 -2.21495692020755008
0.47735246121680153 3.35594619076815892 -2.18004257759701225
0.34001592611305764 3.72122184101959119 -2.19840214704493109
0.26994993861994682 -4.06947775173876281 -2.36612389538602663
-0.08646387490087316 2.75835486348063919 -2.23059695074118203
-0.25297297904523219 4.01519311258854827 -2.15744696328649876
-0.35835309089433809 3.95020455669696213 -2.15442668216107425
-0.58941787545009161 -4.46628689221733133 -2.20915796042063795
-0.74451771933023536 -4.39797825212392013 -2.14767463888598709
-0.69612214267767569 2.84773922664632595 -2.24493769331007442
-0.83143008061745249 4.02200113332297526 -2.15180657047856716
-0.87776694042028869 2.80511224930364156 -2.15876035768796726
-0.93898852964981638 2.6876004324159668 -2.18806305757792519
-0.99422942531882152 3.8714651840057992 -2.15233546086128547
-1.07186386314887327 -4.13996075099868932 -2.17319080701347866
-1.11024001297642005 2.19743210527523747 -2.21956494079731526
-1.08807817685471453 3.88839878960020702 -2.17239657956864507
-1.19260246170305861 3.83404611895620917 -2.16503210640369836
-1.21460335762841432 -3.49879268975479985 -2.27776045679311823
-1.33589956615797711 3.68913504920023883 -2.15918538572399976
-1.46347319154296129 3.2950541993572986 -2.13999892663121116
-1.65616292251177777 2.86533051264253302 -2.23112525653237537
-1.70177771701410041 2.56963375056962295 -2.23042682793415237
-1.72571104441425183 2.70159683094196668 -2.1825868253916596
0.71613164535305252 2.16640161874319404 -2.28491102136137991
0.48110351676913549 3.2739050047269016 -2.18649707519370207
0.5084159291695759 3.1152418201477583 -2.16822385802102602
0.34787781653886973 3.29407397556995019 -2.2016346916063152
0.30293268273590035 -3.43082830348556111 -2.25545982870674244
-0.11732939032462356 3.94382819705591325 -2.18244763416540088
-0.12930718983910092 3.86482286715728973 -2.15568163452315664
-0.18527771716447222 2.8528344898782767 -2.20936838721902085
-0.3116726186606375 -3.3902695326711858 -2.28724315420707747
-0.32917879807925265 2.90402944788979678 -2.20239063426740067
-0.90299287058002609 -4.31429841300300332 -2.17241034162173197
-1.01458679758648551 -4.19538847578140217 -2.20030058251880822
-1.39105382581697135 3.49685007714433738 -2.19480384582831523
-1.52024920082408355 3.13171126037730296 -2.17728120263845204
0.71798486937240813 2.64462832027055095 -2.24104258193958872
0.45276860420249676 3.60431416084841905 -2.19359751263229574
0.32634511435444125 -3.94521967793225725 -2.25666261582744321
0.23945776024717627 2.1022261071078594 -2.29696525528065987
0.16291486914518011 -4.27539593444862565 -2.26908752846608808
-0.04675195932184398 -4.38261909670909677 -2.24688961927262287
-0.06443647775945026 3.88142707471663906 -2.20094617494080502
-0.1070951060213549 3.81857582489571623 -2.18763575724018366
-0.15807332176772473 3.83199899812282041 -2.17922977721087729
-0.16688677358328571 3.90599298480504897 -2.17866236185621309
-0.5153225141070823 3.88652643868373771 -2.19693194838869355
-0.64928904605526694 2.89999861728049702 -2.20806952942828083
-0.83883137780341444 -4.29736068540787386 -2.20051803679549263
-0.91596097713088998 3.87589758407658413 -2.21211854781043682
-1.30872376237844334 3.33548971631814073 -2.19403846560205151
-1.36578232490684481 3.37482882860151934 -2.1998011637894872
-1.40785887462652459 3.55279592866026306 -2.18450720220414496
-1.42624272667243579 3.23394718214081145 -2.22633662259435106
-1.46487349133089695 3.17231900474741169 -2.2073434154321383
-1.70754611233352427 2.37351632377440813 -2.27205419417612209
0.63276326768197722 2.09122817719743992 -2.27655132771842528
0.56253589831169837 2.95837448614983511 -2.24556393288498057
0.45823979839056328 3.11484274473266609 -2.19667607141631027
0.34399613480793489 3.32905682881065124 -2.22850042588479269
0.3384120408853763 3.53152695980734066 -2.23393459220825497
0.26673884883702864 3.48049942837513715 -2.21236006083311532
0.10777099936802155 2.39757695043795804 -2.28100821832907963
-0.18338519181392027 3.88493317599921095 -2.19209085505394885
-0.15710584640634312 -4.4026571039047413 -2.23677153880064328
-0.27866216872286154 3.7969343022138613 -2.19723207540163168
-0.77336093120853189 -4.36644624394965764 -2.22750896090885808
-0.93618171910014725 2.71101119358998943 -2.20130901773647247
-0.90741792355798234 3.78513447523601743 -2.20886234156120187
-1.00429658827278967 3.84399243358259168 -2.21715895802452856
-1.29502911720194369 3.67122125272367894 -2.19041157517109886
-1.28294889989420202 3.40245710817408753 -2.22074510745787723
-1.64651878932274509 2.62683528785155707 -2.21685571468176557
0.67817136973319747 2.10388732482252605 -2.31031873213623928
0.32772340445677944 3.45254205432612382 -2.22629537742239991
0.40205139423089015 -3.81568271802872649 -2.31989848289177303
0.32903164433966814 2.04791296561229119 -2.31271928740271271
0.27489636633622583 2.06832418047498789 -2.30846925716539131
0.21265185958008415 -4.16720277396175476 -2.35613578789419442
0.03038507765232935 3.78549802932140267 -2.25445193344852024
-0.03273026805612721 3.84223785212283042 -2.23051250743536267
-0.0358241833196174 3.75877169194195471 -2.21678110647365267
-0.05773573530031842 3.74427456951811166 -2.26294922678031796
-0.15495212906051556 3.81256685208767632 -2.23434054494015211
-0.35487393244728554 3.83358808357732483 -2.22425509750969486
-0.39957638811322194 3.7643691744097536 -2.22384052509923613
-0.61856463871036582 2.87874962723733496 -2.25258915092614709
-0.74400890480965343 3.89762129050620754 -2.22182915471697395
-0.66054072484185355 -4.38054547502206937 -2.26725685189667203
-0.81662120285148854 2.72936074769662618 -2.30243606658532052
-0.91816934060100874 2.61682031763514544 -2.28731340662158367
-1.11265739744933567 -3.38163605341512818 -2.32896911475041124
-1.15992606274953469 -3.95244705634668758 -2.22677781967949961
-1.59023887677040432 2.95264638165573512 -2.2516217710056905
-1.59879853829508733 2.08541315008854244 -2.29840356987268413
-1.63020356013519674 2.11407726419149489 -2.31745884292987725
0.73871008814350947 2.32192632523122588 -2.33436345528744615
0.71531789706343296 2.61300778597186145 -2.2843738669783118
0.5134489413561435 2.9338105376255923 -2.26749702916973472
0.31954238142494895 3.23860083467841253 -2.265080517872057
0.41450812310303647 -3.46168598254600068 -2.37436011984739315
0.20161763018356166 3.35490654368532937 -2.27977394264819999
0.20373829545330613 3.2967566632751768 -2.24728062911772719
0.21940517877083346 3.51187313302413262 -2.2606296157057324
0.17348018959314479 3.41672545603100764 -2.27049843146328723
0.16928262428530164 3.47267609470341831 -2.2241101866372861
0.15733661929292103 3.56276120135307162 -2.24170114333378923
0.07393328772695323 -4.30211622718427655 -2.28921978969013651
0.07328501641640862 3.66193797260363674 -2.23920373270060669
-0.05185139945543431 2.60665169602289115 -2.34742221069562884
-0.33314574899660498 3.76937144210379094 -2.25979102508942864
-0.34586416492311234 2.88152971614691289 -2.24650088183513486
-0.46217632457028279 3.8018201115238357 -2.2500878200118275
-0.59782799764924366 2.83425343618494319 -2.28635048485817371
-0.77192995960988575 3.77886200243933956 -2.28865854945434988
-0.9701700737369584 -4.13945584893717822 -2.27440671650836546
-1.02901399293705742 -4.09042774782286678 -2.24986585421798457
-1.07264217528346406 -4.05047176937227693 -2.24721546248450998
-1.15207014741842162 3.6272199259868656 -2.25378344468524583
-1.13889589231352084 3.36463718917850141 -2.24465291067467199
-1.31579108410417067 3.20797537028050472 -2.32448076486600019
-1.35157561279262306 3.17363508144730577 -2.32470310753796339
-1.43510057906283395 3.09706962369550443 -2.30843985943114838
-1.54531432409628655 2.90927354659507831 -2.2647426860676716
-1.65645359695256533 2.76084609010460014 -2.26210234822203127
-1.69756002696579711 2.27453362256214131 -2.25261761234105506
-1.69946454387035417 2.53588940422359732 -2.2784444822942751
0.64504674963872055 2.69576560353835504 -2.29474185019009624
0.61838262823378753 2.74324501391547582 -2.29188957871188936
0.6206231861038215 2.8224034427065634 -2.27761929435831956
0.39606992202878877 -3.42788430626782947 -2.3524521403185279
0.35367059874686013 3.15464780087782204 -2.2653010909514224
0.24060578899652091 3.55429094855236194 -2.26866255458694877
0.09137641085852931 3.39050693896178856 -2.26609549052879489
0.16011825229594698 3.64981286282039274 -2.27223278751456048
0.07390163302272362 3.62131336332911014 -2.2861729960292303
-0.36787339386571155 2.84807001756279954 -2.26727794280456907
-0.53221036961267654 3.72437600876816388 -2.26827438650002167
-0.61146900953756544 3.76172565927751812 -2.3070445585749213
-0.85882955441576403 -3.31740329408731682 -2.39183139427242697
-0.77086840054934369 3.69102751904282078 -2.26796001029200056
-0.91056689182176587 3.75659727216329076 -2.27525930621741468
-0.92870926658184949 2.63207451717267693 -2.28616494567480899
-1.11529559475905304 -3.95943244007550144 -2.25950691482787791
-1.20294036942239035 -3.71177870076016703 -2.28467518647756584
-1.14309805908197193 3.425576517270565 -2.27682724621282162
-1.21914958357147873 -3.53736957128787788 -2.3446614055164412
-1.14710188769528321 3.50834686775683613 -2.27717340699032311
-1.46641332069190389 3.06349121407866809 -2.30562472693251941
-1.5107918228065258 2.9878258403503426 -2.29166611057894531
-1.60616993593227431 2.67814081411722515 -2.26751755353083029
0.45631966330384799 3.00078106712674408 -2.30885995503318853
0.39047634753134419 3.02661016612225708 -2.36988068366717108
0.26054572158231148 3.19255445610634458 -2.30969062380604129
0.13290126786741058 3.50180919994113982 -2.284477053432032
0.13209619856465937 3.56499960567424345 -2.27895302935333444
0.01349261546199899 3.38877363848333024 -2.27540859231604209
0.00735530063545902 -4.28735137646574049 -2.31330094605534997
-0.04851503679620518 -4.28739096603515613 -2.36165418973351571
-0.79221640304461149 3.68705059441435257 -2.31408837478182683
-0.96619762761430128 3.38532478827674232 -2.28049494555868648
-1.16009369647199034 -3.81256723401278563 -2.28703238145262144
-1.59161309210952995 2.76435013790686313 -2.27682547002245395
0.71205775738261468 2.18378094414422375 -2.35407180148512962
0.57793679740495096 2.78179440410684764 -2.30196636183274839
0.54455004797557072 1.98278105355686396 -2.39584412642723521
0.27246709497449961 -4.0175974931187266 -2.42600698849854268
0.14382445159758495 3.16588743740325063 -2.44372225231761853
0.05587607797599274 3.33211504801267999 -2.30943782853383972
0.04130929441251915 3.42643601209980808 -2.30071990704223861
-0.1529108071051333 3.39889884510458407 -2.29320347032381644
-0.10048753284588313 -4.29351891644981354 -2.35689125951923995
-0.21074264997790312 2.70748880265800418 -2.36648917833569516
-0.16200844050259711 -4.36187374982082332 -2.32803713947904045
-0.3069618385044437 2.70304710683674498 -2.41397314812228148
-0.36614679390963845 3.71170452678760077 -2.31102706281174264
-0.37855452634076536 -4.37382192039509476 -2.45611343432417195
-0.37977432033722119 2.83214040003727474 -2.30334996651082635
-0.472283713397462 2.80512382894031331 -2.32672001127137396
-0.53970438729290326 3.70042551725775848 -2.32553344024417141
-0.50702130462345429 -4.41845435588760527 -2.3681321571422651
-0.62882091729919265 3.67602371359560642 -2.28830506512781762
-0.70539203758592961 -4.36833219272752693 -2.32055003223695788
-0.67023788040723098 3.74101975657328278 -2.30946591429566839
-0.74768019764588733 3.66891040707848193 -2.28999247132039896
-0.95822343332056381 -4.14351615325805778 -2.36622614226239136
-0.95769259254632622 3.36971564093286835 -2.28169314621605945
-1.09481777786460266 -3.29765077768891235 -2.4365399169194939
-1.00366274378154685 3.42532075700971728 -2.31473274905536686
-1.03695584500089155 -4.07483738509196058 -2.33410669969397366
-0.93839700371527401 3.55562387801340174 -2.32551974098489778
-1.19748621672154809 -3.38375582946885123 -2.40358575939079833
-0.98340228725572831 3.28980134957379944 -2.36753867219443004
-1.15855681276401468 1.99062704659730194 -2.40391734258338508
-1.32600881148919414 3.1032445967753457 -2.35425628587275337
-1.59723986507646365 2.6901623814755804 -2.3224829278128496
-1.67349633727967873 2.23575167676505293 -2.29086198981335354
0.4163570461736229 1.93522539272315086 -2.44777080718183582
0.35655892511928616 -3.90221967807784509 -2.42623942683660898
0.00485511882249223 2.29446400053765753 -2.56323685109783383
-0.19807883435306697 3.60101775419722703 -2.34470560544912265
-0.15177476810334567 2.70213547634067153 -2.34494585255606047
-0.24041687164814438 3.40517160733803026 -2.29853419490732724
-0.23604469106314252 3.33823477398802693 -2.31865235609924447
-0.29281665227666803 3.42611126570679492 -2.32552200347953786
-0.5836648091836828 2.83490384312394106 -2.30812174303825035
-0.55677535192711136 -4.37786464420747823 -2.40446101842141191
-0.82504825400659543 3.59700107186071927 -2.29820928069781028
-0.83621101375012374 3.66246632986521892 -2.32111353189242609
-0.92045584752068554 3.47462655222958094 -2.30496559931655431
-0.8850321125670817 2.57905366868227448 -2.36363901459698944
-0.93917339812591849 3.29832354098518321 -2.35036151724490994
-0.97743225680543377 -4.08677777189288349 -2.36746983627183916
-1.17957907219316094 -3.70566468680348127 -2.32449474220816255
-1.18609596359140879 3.20574938146535038 -2.39177205653913383
-1.20905148812336627 -3.57049657345348992 -2.38616102732951818
-1.58917343640806519 2.7530000089272364 -2.34898276023048336
-1.6515970689074071 2.26814280504823262 -2.3080107893549946
-1.64803280461307877 2.43669552688910107 -2.3243092019979934
-1.68583402491310674 2.45822516553412918 -2.30531748396055169
0.71265670175546914 2.45968865944844284 -2.34179234305842465
0.64755766028531325 2.02828225418606811 -2.3852630783396509
0.63545664326679663 2.65256301199252897 -2.33327376741478698
0.53821748024933624 2.81729136072878816 -2.37675186564862573
-0.15585148646010311 3.4541506705586551 -2.34418069897441717
-0.16585097034512442 3.33016984278592876 -2.35615378213677351
-0.37974922770051134 2.74056906832738578 -2.39471240222584569
-0.40508687645456448 2.79662337671306505 -2.33306632007328618
-0.42305302314041204 3.4361687264994214 -2.32508758873561305
-0.46162644831166383 3.46709169227240777 -2.33170350073316923
-0.4749292843685029 -3.27251755880523199 -2.45042187671900713
-0.52864852606492052 3.5679661981255153 -2.33231417187165935
-0.65617632868719045 3.66410762787675726 -2.34864782845830078
-0.60207625385896602 -4.34239997199192906 -2.39308537966927171
-0.79098403755938929 3.59614459382155438 -2.35062155158421238
-0.86824009291227422 -4.18877103610502921 -2.4814106713360653
-0.87550567938310031 3.33800494467217179 -2.33168168070192161
-0.85028482307130937 3.36064359235558952 -2.3323868642647323
-0.88648598675143764 2.59003301921784912 -2.37754475892949069
-0.87364545232940527 3.50460402302154472 -2.35254512762431656
-0.91885979876190427 3.41923627864464841 -2.34566204960772362
-1.09845149160574951 1.99520758273023802 -2.45351602820722237
-1.3203257504747008 1.87397762597963258 -2.52252551725995433
-1.62845284725217598 2.6272226302528372 -2.34349301154527012
0.69941833569547218 2.09925959706944454 -2.39824339925812247
0.29009212562604147 -3.30210995331430013 -2.43243234581000634
0.26233199891926934 3.08900966361930562 -2.38035226832194846
0.09523923001370282 -4.23170875650997846 -2.38333278884561661
-0.26027359040718034 3.47512960033420004 -2.36784252407048657
-0.21409592049146892 3.2852297371049044 -2.37540622128995382
-0.291493907449347 3.35446006319961132 -2.37932721100176314
-0.35936732462346094 3.43714355796860138 -2.34316488206932094
-0.40932311100099705 3.48845521572184714 -2.37946615269286843
-0.493890755257757 3.40389436345594865 -2.35154027284404599
-0.51163068921779153 3.61936233206865898 -2.35919653181099509
-0.54681061245893914 2.78312867098040595 -2.35381145596402286
-0.75966885030483222 3.36354809272278077 -2.35172390483426952
-1.06677306172733433 2.05597979678457143 -2.44330560293274912
-1.32124874301218909 3.01030511336847839 -2.46200681798107812
-1.65069444320176095 2.17168052172108395 -2.36210834207872411
0.66165483617804399 2.46215576602951103 -2.38238547304010906
0.53876873539716708 2.6826787286549445 -2.4380426336423473
0.41409679512927683 -3.54594915116699205 -2.51850930823544417
0.16949021580721607 2.03118235567928185 -2.47406981286535288
0.04649395297054101 2.13917960443973376 -2.63132508135429166
0.00277823044388094 3.1978741671893145 -2.46908777928428247
-0.26125371494218713 3.27712303295204821 -2.38692652996805021
-0.43652265265858703 3.56754772273939036 -2.3788319302594072
-0.37625649226561858 3.36278265934738307 -2.37103185248262482
-0.51383889336325628 3.46065942631894607 -2.38253564758701275
-0.57296760362457289 3.38427513992243245 -2.3699438228086418
-0.55430506460721318 3.54113882760400056 -2.38087937002021421
-0.64176266072083488 3.38596115704156286 -2.36154648912082843
-0.73554393998603551 2.57524693579977937 -2.50808240587785214
-0.82122550906346103 3.4062817385233739 -2.37744804016117595
-0.9872293334397283 -4.05515780970756268 -2.49676433679162679
-0.98216924739146183 2.17302257708591195 -2.55368104406162333
-1.16962188250158561 -3.70858864850355641 -2.54795067357073846
-1.39026251190234684 2.94302040731009917 -2.48240924753398406
-1.52536289264965363 1.94015873440773734 -2.47119553328276265
-1.50506669788315772 2.64681498277781202 -2.44706151429855101
-1.61956819093979831 2.18603574930274158 -2.38955340352396739
0.69895395275500372 2.11228716544614059 -2.44359268343387637
0.69306567253300178 2.29690598204067031 -2.38934994514371413
0.52613932817392572 2.72693707083867576 -2.47144061828290829
0.39376300388280289 -3.76708441188120968 -2.4589102133321159
0.28630098563464351 -3.93903484984098728 -2.42738768420288631
0.18157458529405363 3.07996558217829408 -2.49080699208379786
0.08925265102620658 -3.24748878526741702 -2.47969128747665346
0.03268775353661163 -4.22140731089851595 -2.40165085097775099
-0.20587606573561995 2.64557126760253292 -2.43287458368207554
-0.67546395677584692 3.44980404148023378 -2.38942406162723398
-0.82428978200108649 3.47378207311576626 -2.37726226451210376
-0.79220813100686727 -4.22694110325340411 -2.53355710959278468
-0.69352107802915364 3.27079788372912716 -2.46232243487119984
-0.76824223630562549 3.23870672156721806 -2.43763566124046926
-0.88400125776709593 3.27351787746481815 -2.41330310287422778
-1.10079520493148242 -3.95322680368101187 -2.46147805976717926
-1.18009913267696009 -3.60147884777527105 -2.4323299392264186
-1.47060751314809957 2.85853275826699438 -2.4586740882780509
-1.5977404929258705 2.50340268481164951 -2.43657722974571556
-1.55104190927933394 2.56120683522707226 -2.47252886155803697
0.68307894519426859 2.16876213718349531 -2.42164245381036203
0.60210729651809003 1.89365698596235976 -2.5345476095304571
0.46400435935793427 2.8445985930227633 -2.48411360690806182
-0.06202882559345495 -4.28767085409413795 -2.42056744981329031
-0.09744707225764146 2.43652854652019402 -2.56321386056436973
-0.15597537474143119 -4.27331283236998072 -2.435836867113228
-0.13620441774699404 3.22327350165189364 -2.42970072306138096
-0.20022104993840914 2.65784448669333084 -2.43352549042487221
-0.2981573357580487 3.23045090108869992 -2.4472548082067207
-0.42411362240598977 2.6392652739179967 -2.50900606408745119
-0.66979607879968484 2.59645439311749104 -2.51576480692058757
-0.63097087636527249 -4.31268457018148865 -2.47917524634668229
-0.83285868413038922 2.55506058824846027 -2.46335385099404514
-0.9048444597407459 2.31190458444445701 -2.58030025163709897
-1.0013134751085635 3.16323965081485081 -2.44824817929339167
-1.07185855951519038 3.14930466678393861 -2.48069398884901382
-1.04188654891236299 -4.02845388695618389 -2.47295486184258539
-1.21926314741382602 -3.3508628533636875 -2.50972691015702631
-1.19938280565532729 3.11834740120365561 -2.45071023526628018
-1.4938334956115682 2.70366743962484923 -2.49561590215489026
0.62787144159991204 2.48668991428350994 -2.49050347876281553
0.58750237440380637 2.56857512600788507 -2.51372969144809799
0.56590457604041289 2.64259489185849983 -2.46816468526450805
0.33586351143045506 -3.89925686857641018 -2.45815211465830874
0.26042697440667417 1.86311327058965492 -2.56081009204697674
0.21842325545132565 3.02401838373494503 -2.46508727219874846
0.20545587790808847 1.92044527816729027 -2.5345097367614704
0.20574751922014586 -4.06172640268023155 -2.46921984227970182
0.13229042335794497 -4.08533089790637671 -2.47621811228954458
0.01953307600250168 -4.22125118223512352 -2.47334147110579572
-0.35859428695984791 3.26175363002571306 -2.47437986244120411
-0.47880973194790238 -4.33322937328068836 -2.51425195146637082
-0.83598939542583506 2.53446215317834023 -2.46084445032744004
-1.13939597216415578 -3.84007363789412981 -2.53308957311102301
-1.20868186777799091 -3.30064482309964458 -2.52671314876404107
-1.17901558774336013 1.87151195296651851 -2.54047694437832794
-1.18244979853561727 3.0380126246885828 -2.46646329540938991
-1.61867588679279684 2.10127909109143074 -2.49613482315160473
-1.59637008912240996 2.36952078032837044 -2.5297115724000685
0.69543523524576312 2.22179742361329202 -2.46200834527303947
0.38310271718691696 -3.28610449856812714 -2.51948286313961223
0.39711715131058123 2.8676273334818152 -2.54990682232958132
0.33447184160981325 2.92387201809125141 -2.53878642417293943
-0.3104456377909342 -4.30781578040081392 -2.50639434334749334
-0.24220483606988485 2.60847068743985 -2.49705007743103247
-0.27255997840965607 3.2039767568833164 -2.54261761054620727
-0.51778340585125693 3.24666095764401685 -2.53277521559671337
-0.7294063022743924 -4.25836507114085006 -2.53710865656382234
-0.95546753775837645 3.17997392282092184 -2.48185867481667577
-1.22631929667377526 -3.3823532111625294 -2.6180098446529847
-1.58682932513698116 1.94484884639299693 -2.55274072717769629
0.66747921233476604 1.94268653990221396 -2.56474516144237885
0.41096204939785091 -3.33114687792113484 -2.51825365647623212
0.24986037168044678 2.97302808936046059 -2.52987821225503362
-0.21461867228377551 3.19848922069892261 -2.54262929172069674
-0.52113438920411503 2.64373702750974582 -2.49769569629899912
-0.54299036782728893 -4.28505978726140757 -2.51325646779854894
-0.61798540889599307 3.16735342693691457 -2.58107624886367093
-0.98293099913976612 -3.20762912218227969 -2.52644768120031271
-0.93251621395527784 -4.06024478423239987 -2.51079154146663663
-1.18574887286886055 -3.2543770696023655 -2.54529879495114608
-1.12647617336182559 3.08943550927817823 -2.49694704544205281
-1.47228837236813348 1.82596048925926002 -2.59554053116003347
-1.60348036469061128 2.19254699867145098 -2.53441796754566084
0.47223807666501355 2.67509341187595684 -2.61629729762692609
0.31571672920257604 -3.20023449493932866 -2.55786130034185621
0.24245739691627216 -3.93226402848452139 -2.53505975949911511
0.1476515078543896 3.05686288628603986 -2.53059593378368586
0.01219364333851435 3.08339011593917522 -2.52542937119672795
-0.3549496252191231 3.16473420051853527 -2.52864432088818836
-0.42036109893930207 3.20616252606411045 -2.55293642862584313
-0.57676296904709268 2.59059297160249757 -2.53545012687460503
-0.57903840989685695 -4.25860390743032102 -2.58500144603646831
-1.58818114024001744 2.13704130008483162 -2.50680867519357742
-1.60965354897518775 2.05229149972975344 -2.59436725458510242
0.3845242887052715 -3.67653360008786967 -2.55972127450845655
0.27659016300425943 -3.84915054775986709 -2.55270057500254843
0.23915775790190452 -3.14653980825755486 -2.59352481225094067
0.08747994280020147 3.09400149903429655 -2.52763572662352232
-0.0979935101461277 -4.21981026004400217 -2.58251494949221616
-0.17658582841833664 -4.24538156480252304 -2.55118608730364915
-0.24316902430638085 -4.2247271379118887 -2.55263274661549255
-0.23689761555094238 -3.16967461603140377 -2.56132350107043694
-0.67573543775483791 3.14474590435137369 -2.54229761696194601
-0.82411963675147293 2.39693165287640575 -2.60054146348627802
-0.90281797463180291 -4.09534569053101993 -2.56488479330360963
-0.92969124751248411 2.26185157399654324 -2.58190579806668596
-1.02796611728322196 -3.99616035849151574 -2.56642064341973475
-1.0792203621822043 3.02007444069349384 -2.53135835441764545
-1.12887423929559327 -3.22427046461530731 -2.53375875720013255
-1.11368898449457188 3.00360770973768076 -2.51928912136709116
-1.16070716887070779 -3.5860713907909707 -2.57836931231958388
-1.15933425798678247 2.94770389061728322 -2.57961115787745232
0.67717416061964619 2.20885418880611617 -2.62046246329873478
0.47666765083453339 2.62378221296745595 -2.58730370712612201
0.40749323600060283 -3.48815024949609098 -2.58517695434424599
0.34329148602506121 -3.7983386027056012 -2.54659843379837314
0.20160647097513351 -3.95128525316108092 -2.5493367561087692
0.20020138205929819 2.95156086890413416 -2.54732378138099325
0.15269316262524679 -4.02616506503452953 -2.56183329208900012
-0.24436129007045176 2.57370718644384988 -2.5425870872406402
-0.7695749949168178 2.4939728556424976 -2.54973506011821538
-1.04893798712316633 3.01920174188858814 -2.56766562341802285
-1.08318708458624657 1.82185841418952044 -2.65428212690103216
-1.36102836879185474 2.772528306161131 -2.63339774687253181
-1.39267879575553022 2.62951729811766244 -2.63203647474703128
-1.5669773725039895 2.44672642404768315 -2.54897198227598842
0.67937853985183716 1.95055282455068268 -2.6248056643249944
0.65209097658228687 2.1431619156426529 -2.61443112048087523
0.64482966631039318 2.35370762359969588 -2.63136385265587869
0.53866333785584031 1.73432996627007352 -2.70156652617886284
0.15250883642392823 2.98611813196444409 -2.54422414596022239
0.13196574766939964 1.86180649861298653 -2.68940546294996885
-0.34841651714985067 2.57198051158729113 -2.57920039204594564
-0.46843963192823745 2.59903912150780991 -2.55913229843280421
-0.57970842082039553 2.60344726924882819 -2.54281965135135168
-0.61036638458124803 -3.08675465337034227 -2.64052910463813273
-0.81045655223494473 3.06263279362078489 -2.66924750877647554
-1.09045854979192414 -3.88120433202624548 -2.62096768547145409
0.43509344884713597 2.68963280759666779 -2.66368026660444501
0.10418037135832461 2.98798010628163535 -2.55837841554827694
-0.01209463440274921 -4.13043626179605372 -2.64514855713750263
-0.11522692677466671 3.08538148729450201 -2.63699919401797311
-0.15909587357854671 2.4372489836830411 -2.62067355408298885
-0.54052124619897135 3.13640139985920197 -2.64374171134380331
-0.62997135985649577 2.52651978698542878 -2.58928621788643643
-0.83117704282968108 -4.1292902635556592 -2.63549535578011085
-1.19016437427178112 -3.54777550886123949 -2.67815712428945352
-1.29793793949444791 2.82590628459837845 -2.64055556891302823
-1.40209271020748205 2.68548890248325733 -2.63276714749318552
-1.46152552238133326 2.58071963265475368 -2.59099063367929494
-1.56780062985851321 2.11700156773762727 -2.63575731593376794
0.68452352489918633 2.04786959728505424 -2.68504332681097235
0.66813833997760752 2.09346043100448176 -2.70921696436335235
0.53788465404875663 2.58158801369302449 -2.59781692182784418
0.39687119860413789 1.67911762394333008 -2.74966802421545164
0.31086316359995625 -3.72234052494731538 -2.60766230697698687
0.28883246070658319 2.87494120405658782 -2.61387192926210554
0.24274285413475913 2.82740189890378391 -2.63885888013775638
0.05834213774121392 -3.02749413174833082 -2.6959405891854189
0.03814129907477053 2.96737535487861814 -2.65692393918377689
-0.31076410877331556 2.50936185956788327 -2.64003556677806683
-0.29982572795630508 -4.17057618058554969 -2.65456383324431622
-0.35603656881237328 -4.19056022263739258 -2.67081390803424323
-0.38462180668649137 3.08634244659783707 -2.65194590082853932
-0.42010071669203453 3.08414569928295723 -2.6164113981924686
-0.62637056883652309 2.54060126848264511 -2.60392759214338154
-0.866113818538917 3.00931276480316523 -2.70351856103621957
-0.95103407780922833 -3.99371792219279609 -2.65875750098387353
-1.03156233124263252 1.87232851101756381 -2.67556598179995264
-1.12383303187839245 -3.0521016990931642 -2.68965459475637481
-1.14086524513970455 -3.63456443382935257 -2.74348170856573503
-1.21632963396576144 -3.47814706226242176 -2.72292741262834204
0.41498427897149459 -3.2758785682070406 -2.74846241398580915
0.38234485780845873 2.73829645361278162 -2.67281826022527902
0.35341585723798169 -3.55901008061492607 -2.62911167927229794
0.28040992470054094 1.67324438207368109 -2.76835956666733285
0.29224473034485637 -3.77688389375736078 -2.70495956928669168
0.1603974078416433 -3.9206273589545404 -2.68310777638198283
-0.19020723759689712 -4.16721681010328471 -2.70159738303530084
-0.4117246296519298 -4.1952390305623819 -2.67969305277737835
-0.4867194082327202 3.11474231534470158 -2.645270460088748
-0.48227749802076653 -4.1916292121438703 -2.64894968341089143
-0.51568544595083443 -4.18512328203621031 -2.68366839193033169
-0.56153302890153067 3.04323606065409713 -2.65562769406622623
-0.70830759051597236 2.41305713086424278 -2.6805141357261415
-0.92032781658896801 2.29777052851538954 -2.58816185329810589
-0.94167451940994451 2.17601567255279926 -2.62961626604980703
-0.99206750074659267 2.86518200146066304 -2.71795483028072837
-1.11398992160392418 2.84616615662467964 -2.69466122085278892
-1.57707050393318338 2.18334688858754999 -2.71663930498334194
0.41059810971724475 -3.13596691406983785 -2.72153679273055538
0.38245439857011015 -3.13767551432947611 -2.66616055851185241
0.23053800146403194 -3.9115687598021176 -2.65183716298806171
0.18653363101681478 1.75941188345522614 -2.71602505435695818
0.03511300302704656 2.87370294021862183 -2.72387556339582471
-0.10255936536094834 2.39697829453092748 -2.62039736521073285
-0.26122709867052135 -4.16451491865110945 -2.70894515187889251
-0.28889106017720145 -2.9753651675312085 -2.74282976251767341
-0.697648278219687 -4.15788210722014817 -2.70316209616318215
-0.92353192340444989 -3.01161426818795563 -2.70973728356943777
-0.82497712148160129 2.3989344728395281 -2.62004846112464307
-0.84836440127127954 -4.04614320464133481 -2.70829862636696062
-0.85385494087279512 -3.98068776520279988 -2.73034914838436826
-0.94903260666061195 2.22023017630869779 -2.61341382182338577
-1.16312605589630813 2.80985599021284393 -2.68534394491705042
-1.18028577541163493 -3.02500773662088607 -2.74569667427656139
-1.20788217767724104 -3.1012487103648354 -2.70741949872028398
-1.18698855390292857 1.66466855167709693 -2.77489441593085573
-1.55787051018632483 1.84015182243484676 -2.66914828528065273
-1.53042190380806975 2.39000911818738215 -2.70369749705166385
0.33874934806134593 -3.02921474093626308 -2.72952832083896624
0.17973000636315914 2.85913658435160611 -2.69446200116876433
0.12779235622410587 2.90925139039367631 -2.66769956060086377
-0.21560985176379036 3.04138680038469333 -2.73069685104019833
-0.23871666663108512 2.4154749791816057 -2.69014853115574581
-0.61969275729369255 3.02204621912269777 -2.71304771297142189
-0.66051862691946495 2.4667671252683312 -2.6529747818464382
-0.94859568001955885 -3.95860975048436803 -2.70799419443517708
-1.09766758229064609 1.7349707592816872 -2.73258780238457399
-1.11823945751503673 -3.77703597327160523 -2.67642399959446653
0.64365728455386673 2.20813252564835638 -2.71818511134179541
0.60560833820379978 2.37698055512483997 -2.6944426565707289
0.57078157924451345 1.73010646158572934 -2.72101462039431086
0.48207821953550217 2.56588155751717695 -2.66265976143127414
0.42734341683981458 2.6156438947606131 -2.68008205820803846
0.38523547976512496 -3.50269498971821669 -2.72703732544665201
0.34513527752215589 -3.54088392866576784 -2.71761977644481911
0.34130757236846609 -3.61213989248711442 -2.69848312569722992
-0.17525183554597309 2.43742818395691607 -2.64373979604427589
-0.43134737423428893 3.01720295801540805 -2.70137848640940259
-0.50261730089454004 3.03971212748641628 -2.68446989156485483
-0.60384355685796198 2.42283681742686241 -2.72892563138931621
-0.77906788514042646 -4.07565358016175239 -2.75652277018506853
-0.86920524538435651 2.26407759987297208 -2.69562012288750319
-0.93011630486613994 2.13994534342303 -2.70501690961255248
-1.23103959023124498 -3.07913765758617375 -2.77906451281859024
-1.41005699615788282 2.5765839120595766 -2.70715025604630855
-1.56521521724614243 2.07994575793479308 -2.78113555321898609
0.64515104013774038 1.77955653679941439 -2.76307097323957152
0.61840507960950908 2.1508827579282741 -2.72767180491425387
0.57395927704662941 2.38778932507777153 -2.72156483423545481
0.46128701671265537 2.56098740530655666 -2.7216632582547251
0.39816097845109449 -3.455255643092634 -2.76538421491086428
0.36349712046723975 2.6587481202887564 -2.70179612115410928
-0.37321659882687303 3.02749306508384741 -2.72413875190007904
-0.46518672041744002 2.39913102136425538 -2.77174458757624143
-0.91521112143338135 2.0990020084544283 -2.74669020976217659
-0.94334034012188939 1.94124199968199074 -2.81897291205388534
-1.07120049554618824 2.83181655167670465 -2.74184612445967435
-1.14279790668463388 -3.57285340698760567 -2.7146278516937361
-1.32879393058066531 2.67167650486301111 -2.75201974289808859
-1.55317578653709765 2.28174610851704429 -2.75066502017558934
0.50972525879220731 2.41621235533880885 -2.73447934202669174
0.38423688611049917 2.61883262656699589 -2.71580687971048595
0.17690837331326265 -3.86890110217139727 -2.79936742319414567
-0.10609817692485045 -4.04334042467315768 -2.84276765005384835
-0.13468677582445149 2.97453671220330618 -2.77577915279148968
-0.10155144166996027 2.2376962236023159 -2.76671048330213143
-0.24632771184412705 2.40919712445578238 -2.71391922921162987
-0.31877726392918138 -4.10298914713134444 -2.7544458669603622
-0.54789821697774155 -4.10715832072404385 -2.78216471068792082
-0.9203210610932151 2.87964004897142845 -2.77854600024735898
-1.05580886328880608 -3.80450530633799477 -2.74259737961915162
-1.25692118916064022 2.74400866088768414 -2.73995868399192544
-1.46359147829717107 1.68739249425521765 -2.7646275777108742
-1.52785414106783501 2.11804223513446255 -2.78738689209880919
-1.55735552775718289 1.82605937366962623 -2.81445009151709069
-1.58881110746578424 2.03865182082336682 -2.7521012435217842
0.25291127907413291 -3.81034214048651343 -2.77030998072656942
-0.04621609951350384 -4.00562391955614316 -2.84049424009520335
-0.39491638116945871 -4.12895713752311 -2.74855196915608468
-0.53805404022307124 2.98693517121285401 -2.77391560560438366
-0.57678547663634461 2.99271710779959221 -2.71837435659881299
-0.58941596725196577 2.97863375043904943 -2.7320769371118856
-0.6676830467088235 2.34780000504524722 -2.78592248170246926
-1.01532662156442632 1.73458883319133861 -2.81775493375338959
-1.22711384647793587 -3.21319960836460394 -2.7678868057916528
-1.40538301199157867 1.58002241050883696 -2.85965365819145001
-1.31643954536704899 2.61385795054089565 -2.76177471554000231
0.65800269395282451 2.08783447706146141 -2.74725345503740925
0.42645781619702172 2.55467007219157871 -2.77348743526776564
0.39780047791752404 -2.95841637767493904 -2.84784070922216115
0.35954726554654864 2.63873886127538482 -2.75931450621457763
-0.02028473218619201 -3.92777957741206629 -2.89959781991939103
-0.30320371256898626 2.37149470053170619 -2.7654766897843559
-0.48466407323089378 -4.07207511634752173 -2.79467041365466562
-0.56247098644444904 2.35799323157212104 -2.79924717003080525
-0.64796588351880491 2.36491774634005081 -2.75157307209973911
-0.77770814502194319 2.2625313863380998 -2.80088558063925586
-0.9772071151555537 -3.83810799803876934 -2.78869383154420714
-1.11013327260210382 -2.83734633183954843 -2.87321597627972336
-1.18843001429418549 -3.51498427760438625 -2.75691500649955534
-1.26565835640384416 2.66617657822895371 -2.78225875346224027
-1.2325187878637236 -3.07730576028744585 -2.85771617806987743
-1.43225837722964267 2.49609960730227476 -2.76238927983872617
-1.51348240089863384 1.67661584074421355 -2.83396676765429234
0.57448055990918445 2.2294880373542223 -2.77398008323170142
0.49110875186351677 2.38804692469182367 -2.82478010192510487
0.35038844172050881 2.53398101640989593 -2.83578217328922833
0.2818263736051882 -2.85746503452124889 -2.86205284968505413
0.02393956778932273 2.81254187163806391 -2.83563926556585555
0.01475482882372084 1.77715816573779084 -2.96200539366789739
-0.59328964322547173 2.95740700071607776 -2.75429276122474098
-0.62254192144813858 2.94555708469421251 -2.78233265062186419
-0.65929417050438555 2.37563589349451165 -2.75524115487739563
-0.78003171223023415 2.86884224418455291 -2.8882013359528349
-0.80551665393624605 2.10185539806364341 -2.9096686721467826
-1.3639953022193021 2.56976791832755946 -2.75542398046099946
-1.52886865174575437 1.6916382933642673 -2.85347077967770879
-1.53261086722364759 2.17243098284972991 -2.81264804196522267
0.64638471013003551 1.84888413779178062 -2.80393713478486628
0.59882889916480397 2.0961630260403159 -2.79808203327075944
0.32209385381101568 -3.51707581555806126 -2.83388994746323331
0.31163750530146833 -3.59225298906076107 -2.85377399012735067
0.27223628658986715 2.67624788609382058 -2.82764069155492503
0.14795279155049046 1.6109248871562396 -2.8869147200827161
0.18327272631460131 2.70951493566307189 -2.87741866131483093
-0.11377512807750807 2.13192895106287628 -2.84942828332185627
-0.17040215136343562 2.14356741806920326 -2.9062972778775773
-0.32812402911889466 2.89679380705815737 -2.83778490412929019
-0.49096451070407188 2.96734331386906369 -2.81798438722443434
-0.61098429241502561 2.92118041722316901 -2.79155999914486408
-0.69668212538242857 -4.02766409726090924 -2.85321723265219251
-1.11191485105866805 -3.502388963271446 -2.84673998673008422
-1.1796542114340085 -2.80911877268228194 -2.9187738330356261
-1.19944124958725351 -3.4589366466198328 -2.78922365977028397
-1.22360562788700844 -2.90778202551409937 -2.88507119623725483
-1.24836432673527375 2.65900977162035446 -2.83605256107439763
-1.33542727712111065 2.57622809673344566 -2.80504975892084651
-1.39901337665544667 2.43008258825154577 -2.81220531677396846
-1.48017031539597532 2.33475823634478852 -2.81685242507734523
0.61285534957500365 1.6346592132984501 -2.89778133301724816
0.56225273567468204 2.12193881110037097 -2.83968411172880986
0.00558371225646146 2.7414364197682719 -2.93878177851796663
-0.13053650147531337 2.82749716725974576 -2.92370888691536335
-0.22049916133781217 -4.07203742068659302 -2.82815279645049689
-0.36645535242431881 -4.10714374909575231 -2.8137765204022549
-0.42903712349964185 2.25117654890085905 -2.91518376302154136
-0.62688449605610297 2.90066824919346145 -2.81123968864834017
-0.71922090673622474 2.88859954340779401 -2.87279512471005072
-0.83115358010976648 -2.79261979455112952 -2.90692983900144064
-0.90269523988885636 2.78983020420652528 -2.84559045300638802
-1.1861743553793227 -3.27962761162449734 -2.81985449455555903
-1.26442120187240326 2.58314853516856946 -2.84420147931825307
0.62650042367743619 1.89428674146132825 -2.83365856762479096
0.55619823552816616 1.56347615046353905 -2.91337710688682128
0.5675404674043445 2.18700109320016933 -2.82905196347778309
0.42357744880235099 2.43826377697764052 -2.8980695590968697
0.35452132450784923 -3.45437332759592763 -2.89870324647718203
0.33921805008376443 -2.82050174402483522 -2.91182184348658968
0.32217583020879015 2.5656557505873443 -2.87564440379167552
0.1268771573359275 -2.77013747645840924 -2.92953288437353443
0.09299801397570379 1.61690724239295713 -2.94319676639631833
0.02589450385853723 -3.82379748458677149 -2.92543889431303938
-0.04767446028328239 1.91134740266703496 -2.94529864022709909
-0.11483964149613243 2.16719077463059007 -2.83691848296334515
-0.2585980035753182 -2.74598363514789234 -2.94891314616449085
-0.25611404640033253 -4.04144989846027958 -2.84138337085852033
-0.33281939520953985 2.31844373962062411 -2.83669384241788025
-0.19866525727276174 2.86094697796238417 -2.9079758000676863
-0.51858983189798324 -4.01559596369495875 -2.91097362030131146
-0.54597309240220382 2.30945328151981366 -2.85046873286405322
-0.66776476193622625 2.83927500889709306 -2.87226967308827286
-0.77941996069986019 -3.97656786280994545 -2.86086331222574231
-0.83904341465889853 -3.90467834676418635 -2.83974480136160023
-0.86378824683105693 2.06979852743611659 -2.87417987763909277
-0.86315149027563287 2.04599162500274945 -2.86299384372254062
-1.09765901361659912 -3.59006806518913324 -2.83950455435920457
-1.08963828316532374 1.57572575403571258 -2.89061042226854825
-1.1091488074077136 2.69906038519860436 -2.91894698213142156
-1.14994025856037796 -3.41532230507007739 -2.83677020246401801
-1.36152328956104629 2.4909979376075948 -2.85521788282206357
-1.50289906680026708 2.2180988560277286 -2.84103834454998738
0.63601828135905214 1.72090250405785983 -2.86796803151530177
0.31709163899024229 1.50086405301670611 -2.93366422175912689
0.4122390410148945 -2.95777591312974009 -2.90507429294330377
0.38181311592038125 -3.41103747623000686 -2.88919871812140094
0.2643065802660241 -3.6851898016297131 -2.87703575362059372
0.1183272837052517 -3.81334689261977022 -2.90013786453696776
-0.06334938505744994 2.78175832077469032 -2.87539431576813787
-0.48313844641345527 -2.81173382781249348 -2.89340951703100835
-0.35964651517504681 2.8956075373395036 -2.88031348672126652
-0.58544997153527223 -3.98027701993578731 -2.89609324600677054
-0.63008070775763858 2.88603090185432842 -2.82864756115061011
-0.70142868371490308 2.16911661080668461 -2.93909387194785587
-0.79081366498772077 -3.91498195071120181 -2.88830680599599221
-0.94814479505061866 -3.76538172269800464 -2.84561545496817292
-0.82629812562592408 2.82804061153831743 -2.90193146484250475
-1.0172086593407621 -3.6641579281515031 -2.8528418703179943
-1.08810544858061764 -3.52285798636367309 -2.90696304737488731
-1.21306636355964259 -3.12847883891371614 -2.86577072971784474
-1.24274370522470656 -2.98200549671261061 -2.92958212017545616
-1.30056405186538582 2.54584502253187006 -2.87026057150084002
-1.54787193963972736 1.99679258924182079 -2.85022713207692258
0.57220020214302614 1.98372806244765987 -2.97209453341496399
0.50763001566580623 1.52127189730452872 -2.92633436253949952
0.39700940690601783 -3.29564691136136201 -2.92839387067895851
0.20002157670801313 -3.69821307510911712 -2.942843592323658
0.18752114432760189 1.50146772227347047 -2.95715562279963029
-0.31505791255851673 -4.05910511040313615 -2.87889952228345392
-0.61031109801809591 2.85790254478081884 -2.89123891482425588
-0.64847596446597044 -3.90821859502367408 -2.96297704650243787
-1.04537904755936339 2.7027929281511196 -2.9470861725337878
-1.02583744498829765 1.59748419249312423 -2.91694124874097449
-1.47205663057593417 2.17191197044019013 -2.86872942277021581
-1.47104520857626242 2.11387826053342298 -2.86714434406363239
-1.49210007406531564 2.07951041504489531 -2.87496806744066191
-1.54030504050598704 1.81177578475584644 -2.89581342785485907
0.53765496656154355 2.12826598038844272 -2.96092285840369707
0.40791567070370727 -3.05904700621652426 -2.98698522409137901
-0.18300431008217574 -3.96571239574607937 -2.90764683156082882
-0.25944831962397125 2.16352305130852862 -2.94385667728159683
-0.40895052709145124 -4.03477601451924084 -2.92201576332206425
-0.58058168096582008 2.21542911134670151 -2.93994507116055104
-0.69286358653560343 -2.66270797125409153 -3.01764144906766374
-1.168407765309742 -3.38852768357147172 -2.97823590956228124
-1.20076259659730122 -3.25132521006683994 -2.91080794132771192
-1.20007132524191484 1.49859776954351176 -2.93768478208216655
-1.42990886631295777 1.52363982759486616 -2.92836399189823426
-1.50558243700752969 1.96155986816794314 -2.89882352093936024
-1.52402192370990464 1.66593426141580481 -2.94847992807136094
-0.13156460146451363 2.74813809091552796 -2.95111582552292795
-0.15029776930714703 1.9647119584108419 -3.01620249415601105
-0.10963742379723596 -3.95939460449788605 -2.9158283825282556
-0.21452542293071508 2.7918871092493216 -2.93123250566474436
-0.38056625577057029 2.83225794754913629 -2.96857119402210268
-0.46954682839358697 2.79023191978539398 -3.01642564518381562
-0.5650761399993337 2.18251335170779992 -2.97840837416520321
-0.82490472166520501 -3.90032358024240811 -2.92095014939708086
-0.87137521375958837 -3.85794107033046307 -2.92633587853898902
-1.02002848820139747 -3.6670590337588318 -2.91436541181938003
-1.07085318548173625 -3.56396666395065909 -2.91538393606656632
-1.12785875672937164 -3.4765456304555018 -2.96780577268401569
-1.20486643212762057 -3.07139243252428962 -2.99556953419488892
-1.19675713682127238 2.57319142312986759 -2.94942347057165133
-1.35962044197932075 1.44909887255798742 -2.98151717308795261
-1.46005246374947917 2.14576690704351591 -2.93410496624864736
0.61224471705439698 1.58254869250358832 -2.97032008747520759
0.51792383912657669 2.05982635763228705 -2.97619900667329551
0.47946063062983324 2.24432838923091005 -3.01604821545724722
0.30715528817524906 2.41608350931265381 -3.02359021204309464
0.30193614391437168 -3.45593202367827779 -2.93925899801457646
0.26703647455462631 2.43704558340137911 -3.00564372663077295
0.28574023090260181 -3.45114074446561947 -3.00598699302256067
-0.02134924232595398 -2.61410324070785949 -3.05442913269265315
-0.73327566272164424 2.75059303057741333 -2.95369990894698065
-0.72651312271404478 -3.89150659923609821 -2.94606889967763008
-0.79728477396292208 2.7115703123919328 -2.9563777175718684
-0.81114154879922828 2.00145697957569402 -2.97854008472967413
-1.19544460258128526 2.50315194778942596 -2.95060009725283301
-1.32228437362097817 2.32926967198045487 -3.0292903502285693
-1.51375383885001491 1.77390270513669934 -2.94134008701926986
0.54447347581311079 2.03008987631729143 -2.98415979838673584
0.23389225378376036 -3.59858823455877053 -2.98162147361326602
-0.0376069917033286 -3.86795449979135331 -2.94939353494298606
-0.05591984952580083 2.6995170376105353 -2.95244508920363291
-0.09718735916705848 -3.86370750497792548 -2.96680616192767044
-0.24451048268007688 -3.98516150095417121 -2.94268521549727424
-0.49916761369640594 -2.74765567199135763 -2.96120758798166817
-0.7853683154924167 2.78806061071058231 -2.94431833649748054
-0.84356801593409647 2.67608716701035076 -3.01812935235980273
-0.84380500777478007 1.85853727745558817 -3.05173370936948096
-1.10475547179940792 -2.6561596758619932 -3.02178433161425142
-1.04520165037878576 1.46037049996983881 -3.00657757017047578
-1.4296483362665291 2.03927839425318735 -2.99953109658765582
0.58884432154470046 1.76677503890022392 -3.07021704694922448
0.37003802698562693 -3.33547231447751358 -2.96524553313263928
0.39564946693143371 -2.7576714154005888 -3.01208507777935264
0.31767657145050648 -2.64578846749694696 -3.04129230231944669
0.02177409059808821 2.68446242139323532 -2.98452893587405832
-0.24239915525861233 2.06342263420256655 -3.01990548277817439
-0.19241436619696592 2.74126513474709999 -2.96804368763082715
-0.35625819478151771 -2.70808339251180419 -2.99495122731737284
-0.38379578814807541 2.15191517463739768 -3.00298211352013666
-0.76360134210901898 2.05351921174383545 -2.98486365888050287
-0.9013587664572309 1.75492215306016375 -3.03434421241483854
-0.97174662429865666 1.50885704450305402 -3.05309475931641616
-1.04201240290767516 -3.58344576907693435 -3.01183720421453538
-1.0783148800605995 2.57549525263007428 -3.05736545605613852
-1.22393558314889983 -2.71170912296337985 -3.02842160473734445
-1.49149551387526436 1.51597821198493699 -2.99860009500534552
-1.47846571734276311 1.93066893991565625 -3.03093339828806174
0.41157553476440772 -2.78840336759374141 -3.04488217213091428
0.31611799277620167 -3.38709180882182004 -2.97843893487175704
0.23985499148603168 2.48895578975611542 -3.03728658284140174
0.14806766486389786 -3.63386945315116572 -3.00517661385754797
0.02743258144086452 -3.80067746013065122 -3.00568509864825284
-0.14129534230396923 -3.82497402843628764 -3.03509894397243007
-0.24063438273572618 2.76998056924281144 -2.99872804227730461
-0.43628034486459233 -3.95932287926291293 -3.01501698422084941
-0.60805573001047986 -3.90748476236240672 -3.00720297859939834
-0.69483882586252099 2.74674084053560508 -3.00115479574903476
-0.6722293231777261 2.10105157168947265 -2.99510485064610465
-0.75239258772650974 -3.87794060487933701 -3.00165193057145574
-0.96698389969950949 -3.6790561196899656 -3.03806486433071932
-1.10195720296030353 -3.4738358437223229 -3.06309007057367255
-1.24022582186314145 -2.77257568605333882 -3.02987292673344522
-1.40933049529187659 2.0590158926963138 -3.07737685049421383
-1.50194168251731219 1.64754713957749188 -3.01085721687976671
0.61248454740410629 1.5924790477881654 -3.024901383625763
0.49430356760401012 1.33759876330961491 -3.07176964030847799
0.40744734270576527 -2.96228688601620105 -3.02249415431712576
0.33644330282988955 -3.27740150982006195 -3.00621791231087521
0.39440928463260894 -2.62687587196155192 -3.1090011470945047
0.3202953999767908 -3.35145767066855571 -2.99663898746780255
0.10991768752635531 1.40893957439621964 -3.06828253725723243
0.17599466527061908 2.51571090908533535 -3.06981513485000335
-0.03604502870268247 -3.84161668246858135 -3.02861758535041803
0.00640591272903361 2.58553961023046863 -3.0286887394383375
-0.1520949435002123 2.6167514506825218 -3.10761981634216378
-0.65024069578338695 -3.85079062688310403 -3.01311152365661528
-0.72317750140585124 2.07643287513594643 -3.00395822057523931
-0.73471588632767593 2.67011463558584872 -3.02881667504718299
-0.77589864737755643 2.04336189211386277 -2.99129611081033886
-0.85196380610257516 -3.82407860811031242 -3.01555942628757823
-1.03720047381604674 -3.51274784792305628 -3.03936782687622875
-1.10980511809441262 1.31252843212520065 -3.09287922415367467
-1.40290668498486193 1.33242083191974858 -3.08740000603401699
-1.47490341498678612 1.79116343391715671 -3.1416334887200823
0.58334246287242586 1.42342044904829601 -3.08242950150076878
0.40479549655301322 2.27744637179935561 -3.07798591396621468
0.37319473693826749 -3.11549153337055351 -3.02093098551738759
0.30616274201776178 -3.37788310165542383 -3.11469246411104894
0.17757857656387563 1.300161797094461 -3.10544422108895368
0.26343392192591453 -3.45322440079762005 -3.04287157157944854
-0.09581954758276363 -3.82090136705939898 -3.07967921806334122
-0.22487430628236221 2.63952227240990167 -3.07294866845368198
-0.27190187475393818 -3.84954712661941789 -3.07659246493581673
-0.45126638843214195 -2.63758460232667291 -3.12765229764385388
-0.50200532368700002 2.03347114295702802 -3.10995753684681375
-0.59869409820197639 2.69417639843857692 -3.09421101401467258
-0.59980907328698063 -2.65541144062977041 -3.04553536739036135
-0.65639919477017816 2.11756376315959027 -3.00536792034501943
-0.78978199374449154 -3.84161459782478998 -3.04310800069425458
-0.81234083747902497 2.59850760176329754 -3.07057937202496056
-1.21331222366677483 1.28868469495039073 -3.09948203508649467
-1.20391230309512998 -3.24635600190781792 -3.07776348938622002
-1.15197536576952109 2.40643122253951836 -3.06824915976745105
-1.21895052758528077 -3.00026055834673322 -3.23391393234417279
-1.27727680328432625 2.28678292340406353 -3.10030180312571524
-1.37253925515094477 2.14989919860642997 -3.10643936948650667
-1.50088462700123437 1.5572725712076485 -3.07056863850554107
0.49496177237462535 2.10137461033509165 -3.07901294165560824
0.33612085602106884 -3.26539960572488752 -3.01497785407884722
0.22558935074117234 -3.45339690421899181 -3.07757745741623667
-0.07900400375483221 1.73960495917838154 -3.12113771737330969
-0.14598945605409738 1.92337312803341542 -3.05773476548537992
-0.05849222719303144 2.5480376257878703 -3.13676540031768791
-0.26828599295424371 2.6893639387110424 -3.08672450379011609
-0.31075875301908312 2.09007228224830266 -3.03810255164903698
-0.66522293676440247 -3.82395944614343319 -3.09408859894906252
-1.00073331333260862 1.37946939799781143 -3.09698448668753334
-0.93241232290328946 2.53322834320251644 -3.15387021713687066
-1.17035745284443582 -2.55919368697042682 -3.10345797328937101
-1.10448226429248297 2.42009043704698179 -3.0763236023327436
-1.0867108508268235 2.47072156630429429 -3.10606979471147504
0.50228740478722045 1.9693213857844496 -3.13913473640568963
0.38415460978686455 -2.99836972040765071 -3.07436955831641789
0.32900299586876586 -3.32538603914119912 -3.08372125879729131
0.30739470810955499 1.2582830751248073 -3.11845923324122554
0.26727820087683191 2.35358528987510063 -3.07927132624579603
0.15458286930268553 -3.59466580255377632 -3.09271234809642825
0.13282115786494691 2.53697609110434685 -3.06537288160836452
0.05083726178898761 -3.73100278492944604 -3.09290326229293511
-0.20102986529049596 -2.54557678709437152 -3.11185678584500547
-0.29356506103525049 -2.59759027566013412 -3.09880992073469264
-0.33260307908910841 2.01997173728790136 -3.08163439504024161
-0.56514804585652256 -3.84536199217282215 -3.09074162093656657
-0.59746340174151191 1.94711938192873779 -3.15672043239025868
-0.57593704240730159 -3.77427759642468041 -3.1316962573938838
-0.67639325847273024 2.66445467987793805 -3.08914168693900981
-1.04481025482369261 1.28264609279421204 -3.13191571371388733
-1.2027210978222278 -3.14108001792967739 -3.17599128410828735
-1.42963157865946444 1.9201454541557561 -3.15065218398343916
-1.47302792606208399 1.38336862001433825 -3.10796907026206881
-1.4970817171877997 1.64377303402137764 -3.10428256684425197
0.53994158778676504 1.90288097560744474 -3.1248387208802475
0.44030215440073162 2.00196966715368241 -3.1453183771745068
0.44207998738715898 2.19599076448189612 -3.10396712040765488
0.32143215715198853 2.32790646194253492 -3.08961596079659406
0.25056719599500732 -2.44038105263516503 -3.18103785315924847
0.2102968822471443 2.4211524546305685 -3.07315630927001582
0.13571546814282873 2.45400556361871525 -3.09075699929835324
-0.34453360671169964 2.04756611647730979 -3.08425495414474815
-0.41079534850990873 -3.77820253365881475 -3.19451905610574372
-0.50615361892753574 -2.61799422675967497 -3.14503109612496079
-0.74327275484793809 -2.50308685526842956 -3.14256112658293318
-0.66951185953833536 2.57555325313367955 -3.12867819270095904
-0.81024048579432872 2.51236549225493455 -3.16439694305677799
-0.97999924835504826 -3.55101522448567675 -3.16634184510946515
-1.17014812674850033 -3.32561296566375475 -3.12356444159379665
-1.47533995339083068 1.58596142959989406 -3.11466572000020214
0.59054296174793608 1.46876882880428039 -3.1242918480405244
0.40568686156739758 -2.90835353383317052 -3.20604435568275603
0.35936524719448737 -2.4872455244289644 -3.1723571302607283
0.24909632215448305 -3.39473627696622682 -3.2086208231296145
0.18999012899469619 -3.50290982746288337 -3.132107044363722
0.08425299078510912 1.21281157199591694 -3.21217627159846453
0.04923334174348968 1.31316668339191844 -3.19511233820942486
-0.02994660217289421 1.58750831800734749 -3.1546772629093951
-0.00565929480582289 -3.71582033662547762 -3.18182709581029499
-0.138769729140619 1.79122157318621622 -3.15868027916356509
-0.31307518710180166 1.97616192321875084 -3.11999115896788304
-0.73631862408366078 1.88519930335648356 -3.13498699771666267
-0.93486060966998807 -3.64792502183325107 -3.13607532324602234
-0.86282862257974857 -3.67115122496464297 -3.18560338221706019
-0.86548435398571733 1.55662392417008322 -3.2208294629137324
-1.04840969659548056 -3.4693681374924541 -3.13393066601748016
-1.20363564870878381 -2.51325249183474142 -3.15005428061352299
-1.2411693824540293 -2.55076459062646377 -3.16730366062770408
-1.23870104347762089 -2.92651142603193648 -3.19700583253667414
-1.3647591248712172 1.20383878619654605 -3.16766999361063961
-1.3574856141059366 1.96379026279157798 -3.15925584724627129
-1.47830260875035702 1.52939166754377354 -3.16965791158828702
0.5846616608887979 1.57193107568954815 -3.12412738169038118
0.5640906049197083 1.69160398375341647 -3.16300247399545187
0.47896717390567584 1.21619362303026413 -3.15932972138762569
0.35081163694014378 -3.07910140474054606 -3.29494846581013245
0.318053392195213 2.2095715985433948 -3.14900913154856132
0.15669573644213475 2.37114668554367514 -3.1452421103626178
-0.13213420299629217 1.78315198770845074 -3.13439679823865758
-0.21633239690608203 2.51094733222440203 -3.22964387686550225
-0.42819814977559029 2.50382781937541532 -3.30432622099485584
-0.67553932442684073 -2.50465688534280462 -3.16215855067195228
-0.64083493062258234 1.85088819283976269 -3.20886248650237027
-0.6211341826775959 -3.75803631766347568 -3.18785435407860396
-0.83623427881948698 -2.44341004069750234 -3.17539915939482231
-0.98247451936434416 -3.47691224637456076 -3.16582775021060447
-1.313449176356982 2.12314759688272137 -3.21807988292711666
0.45750498288912028 2.08337377689869818 -3.1370312814307284
0.39746046497256693 2.16091693543737096 -3.15201892754132773
0.24336181179606231 2.27151215556957631 -3.21166674283971965
-0.23051898704796348 -3.73758799590294721 -3.16670125661975055
-0.25869960340208825 1.84554659021834411 -3.19521435781810847
-0.26446782976325478 2.54373903962426562 -3.16741796022184596
-0.35445193808111963 -3.67985963003284544 -3.28281953895453515
-0.30254880337336215 2.58397261928262045 -3.19155606251927226
-0.37057847982008879 -2.57279860848693653 -3.1823020026159603
-0.35888265386398377 1.92568304714030369 -3.15587787732524028
-0.3974560157901858 1.96467803328107982 -3.15062372726643947
-0.78330292347689801 -3.67365848645819026 -3.22564172888086187
-1.10364168309309174 -2.46218440558569851 -3.16005743313835952
-0.99887129611978076 2.48689607431616455 -3.17661804777470946
-1.18030537985747563 -3.0467937623586141 -3.19401476862682365
-1.24720273103216184 -2.68919021118568891 -3.18606758822748004
-1.43273476936249367 1.15428702894282909 -3.2628025255042723
0.57605082719616729 1.47255196147770873 -3.2116461769562763
0.5656258269803438 1.24186565996028087 -3.21896309823481808
0.41490532176680223 -2.68729324564139471 -3.18543891897997522
0.1340888583681043 1.1551939286120918 -3.21375650621647324
-0.09012006558248292 -2.38097199434957396 -3.22033621109156076
-0.17017201415079899 1.71948059977014811 -3.23416670219822233
-0.18191408119289068 -3.72981564549557687 -3.21631793977354175
-0.23012640316464616 -2.45284682928818309 -3.20133628664056191
-0.4926602028916004 1.8852867779381024 -3.21958860794447999
-0.46384647009999802 -3.72532532797905791 -3.24184480704717259
-0.57271415034001549 -2.51469456189627216 -3.23402426841381008
-0.55940805887737 2.56106021024440578 -3.21793513169586243
-1.0324192975377704 2.37288950315471459 -3.17992806110057424
-1.00373601301201343 2.44169311813284073 -3.20302428378275428
-1.08226803261476845 2.31891768084583649 -3.19806691641591501
-1.44663686112764434 1.17298478843584375 -3.28104537313781419
-1.44593705036626097 1.57284151756685486 -3.17685148749177904
-1.47422058907048559 1.65381465945241568 -3.17134151798030972
-1.47041315913879544 1.38473950029281889 -3.25221409459845123
0.54440317840601182 1.5970142709797821 -3.17487161751348124
0.41057780342699174 2.045028588480724 -3.17285792218141971
0.40729461141604784 -2.52631277589954628 -3.20124828557313679
0.34487606277255339 -2.31710785851928369 -3.27208527379083858
0.1195080963934592 2.37070448569425096 -3.24050155291290309
-0.0984874785961081 -3.73938214754655274 -3.19693732093397509
-0.14027406921066277 1.68373013252314374 -3.20650065503847559
-0.36006465085715583 1.92226612135963948 -3.18354660000665612
-0.63204477054509189 2.48755926694335949 -3.22598875594430812
-0.921265905380243 2.42523988905993759 -3.20373962945028623
-0.95709500496199529 1.25177228539836105 -3.22195858691329651
-1.08190808604192523 -3.39610848944554089 -3.19512335187803975
-1.12950133553757803 -3.29842405421380525 -3.22804110397706312
-1.12902864658171742 0.97759702502457557 -3.3096863681461377
-1.25778245759314333 2.12873901395699949 -3.2722500891985673
-1.31592443656959834 2.02925725148298319 -3.26811808965205453
0.51010700490415328 1.84685421557875129 -3.18757952926817234
0.44675138835751182 1.92812893975469146 -3.19608386387636711
0.41317175689585134 0.99929253904635496 -3.29585775247399537
0.18967492278732728 2.23507623897318242 -3.29937657662900508
-0.00225889854283793 -2.26251790924133767 -3.29077402392559693
0.06987614872753996 -3.60050033169236805 -3.23431615860765564
-0.12920066140028919 1.67568429901133742 -3.21626371723264493
-0.1666269137546551 1.71431746886418424 -3.21569057601002806
-0.29210529635097149 2.49458421654581475 -3.20585936914416036
-0.34187042487985553 -2.47430884201221479 -3.27787689136688964
-0.38780916022713047 1.86980527197554713 -3.2019426123765391
-0.54199155756157935 2.46438914354296612 -3.2486982293956026
-0.72717828552755148 1.74930051669150721 -3.24289408342514918
-1.03793037584094971 1.00208756142453304 -3.31337049477821255
-1.36124741039122332 1.88344537129898848 -3.22034974970890708
-1.4185173872453587 1.64972493844131618 -3.22932687802669172
0.47873462316449084 1.08208522194212442 -3.25717514064654523
0.49940666120326838 1.7022400274742493 -3.21561418147887368
0.24296466478546563 0.9186021228787653 -3.34341463259090821
0.14521150739972427 -3.3919347815884171 -3.27401626850093219
0.13724006087413482 2.29657777416510589 -3.24355637298202382
-0.06538727849360634 1.29829218370737087 -3.36760704265820277
-0.14206252933432034 1.46805246163518621 -3.36125157048882262
-0.19377608021230053 -2.33323007916455527 -3.28202464131833471
-0.2901990192314467 -3.61872608779632765 -3.30375116706873184
-0.48814204294984948 -3.65019161000370929 -3.2834712932757899
-0.79089990088279905 1.66939464573675544 -3.24129916836439147
-0.85755779336290527 2.39011830492035537 -3.30193451955816464
-0.98296757639904464 2.35873496027926244 -3.21359560104336417
-0.98992214843595638 1.12112826177552938 -3.26382082612238023
-1.20625294316141907 2.18869695126423913 -3.25723002384419535
-1.18863758646021922 -2.29510067599193812 -3.27714601357038138
-1.31846681459944381 1.94800757279211467 -3.25009889121976769
-1.43101360804015898 1.77177137117618666 -3.21632094712087202
0.55942127339042258 1.30200133096392068 -3.30293631275182342
0.53794023346140496 1.46984769743315713 -3.25870100764467674
0.40939556198948757 1.92704656855122125 -3.25961395727624748
0.38591363468749446 -2.9339421678186457 -3.30132226848243926
0.34455771210753988 -2.98113871991431356 -3.31053792842327743
0.32812677347427488 -3.18825039516601905 -3.28066688266372397
0.10382766165569218 -3.4468656365307222 -3.32177251964609388
-0.00379467907003145 -3.60421293147980171 -3.29660136115898172
-0.16948401298702909 2.42465096603208252 -3.30649158897859063
-0.26714069484342118 2.4357392469808703 -3.26817382156147218
-0.35913895854165601 2.51761957161687633 -3.26142483411477802
-0.4049296510902205 1.85326002112963129 -3.24609104931185843
-0.44955522880165366 -2.48794241048342002 -3.29744986845013877
-0.41536447580874342 1.80722243969656216 -3.25202993401410856
-0.5028865956656543 -2.47314717557494612 -3.30509176437234897
-0.92216111406621004 2.36249706652546498 -3.29419156955824599
-0.8691063494093727 -3.5313505849415634 -3.31132170109294899
-0.98794075938077819 -3.36082500074061663 -3.32251532155159834
-1.10313587470688557 2.1849099647400041 -3.34135589810852984
-1.15201032551701821 -3.18423306082315216 -3.28081093707305183
-1.219289446251 -2.94849249634401689 -3.31000305102413872
-1.33054779546842306 0.97183897412348075 -3.31625355455428394
-1.34628394269695328 1.86963161500952113 -3.27970616811286853
-1.42333644456060293 1.44601235932165095 -3.29560546818827982
0.52611778475979709 1.01444113532448421 -3.35188194352270008
0.41085294430797381 -2.47602739002987482 -3.38170310011281972
0.29209635487155089 -3.22309227296997269 -3.33440407857572385
-0.17011111836182563 1.64086961413578059 -3.25883180295463948
-0.48842481702897278 1.774151734658173 -3.28214945469107189
-0.85581776654727815 -2.22957704130548962 -3.31147491492843615
-0.92323460128447654 -3.407986796745619 -3.29763837955969397
-1.14579888077727587 2.18952818646181591 -3.26414762252501589
-1.16497157145480679 -3.09124615019084459 -3.30311097991939873
-1.25137613659757108 -2.40318040128286015 -3.32857713509690578
-1.44151536585476236 1.53284977547461509 -3.29796363588831642
-1.44952537131131098 1.35027078887165541 -3.33405008177853679
0.41081013782582526 -2.3479081876242951 -3.3554199005655021
0.3972178981875038 -2.32810786306223871 -3.30451648524536434
0.35774492603632302 1.93933544785506529 -3.38194971857061022
0.32072756819551362 -2.16638236077707091 -3.35063893828166215
0.0994712334136363 0.93979151075296619 -3.3591647110413354
0.01191261150837707 2.36733022551013406 -3.33096138011965026
-0.20584520762022487 -3.65085320619265818 -3.30438930791597585
-0.30114338725855389 -2.37678846770751084 -3.34443162273786543
-0.22955108695283716 1.64837731017054079 -3.31482682757822467
-0.40781099630432049 2.42176571019190323 -3.30842237162368846
-0.70153754370015631 -3.56628689757278261 -3.34519241804841982
-0.72244544935931243 -2.25208518225429355 -3.34452517119771642
-0.71587252495999498 2.34875652385159617 -3.39424412493454897
-0.88018159075582092 -3.42378272676311868 -3.38189217349987592
-0.94574275705218502 2.27890427259024086 -3.31659878431536814
-1.17007233608735706 -2.15344798870146281 -3.35267282775507036
-1.14625611601414112 -3.0183117000109676 -3.30924389135697616
-1.22769287710994646 -2.24105132307955257 -3.33461588843835965
0.5356159279794569 1.46754397626496669 -3.32742385881581848
0.45919484525092868 0.89321536513795641 -3.37462268394341924
0.23255342491274983 -3.31730009238341683 -3.32747858044777134
0.08842631809210266 2.32143053268758059 -3.31879053854708328
-0.19055984636471579 1.61377708692659549 -3.31418754103276392
-0.20954099281245872 1.60936817810559907 -3.31535820455692809
-0.43224194437925523 1.72711043604019587 -3.31126708325710073
-0.47160407818728978 2.41229282835592862 -3.31161486699872132
-0.44461036549102734 2.46861726751824362 -3.32037252193147925
-0.53803561778672671 -3.63658639060333311 -3.31112116362425457
-0.60048625566099567 -2.39807915957453011 -3.33105184555363643
-0.71080572177335111 1.59962655812622456 -3.34998491414117971
-0.7687734708941939 -2.21464275010044531 -3.34221897174718219
-1.01354037913054063 2.28588762079984242 -3.3035701622537359
-1.2545615968872581 2.01801897018709209 -3.30043603806034991
-1.23749296374059714 -2.76376068129883468 -3.36314664003264596
-1.27591720553360077 1.91709900060500216 -3.30489565371916605
0.54065195796793064 1.05060866070202419 -3.35487501610551853
0.53961405149770392 1.29132299633408376 -3.36401295318457372
0.41004950065391987 1.77305147868252844 -3.3910826722544547
0.17941339717722959 -3.32964885117379827 -3.35935960395132405
0.07799457815318138 -2.12079481880688991 -3.36958721679049589
0.09491359577893818 2.22254925383668756 -3.33540550909443789
0.04385365810810899 -3.47298963855435749 -3.37398579927271713
-0.17222994970012664 -2.20465796802448466 -3.3634466853249978
-0.37312972772794983 2.38609026769227839 -3.35253335251559337
-0.41531968877948244 1.71980371376784258 -3.33325746199619566
-0.44661508881220263 -3.62783639041260253 -3.31973848379994907
-0.43237498402956115 1.75979347556472976 -3.30798682192469506
-0.51464240619557222 1.6179790793163813 -3.38162452516518508
-0.76512480168851948 1.46120429728665169 -3.38641164248180937
-0.93960486902729556 1.08596373977053862 -3.33040596894788532
-1.11921139521490187 -3.13328867955690082 -3.35143151661061767
-1.19032786590071749 -2.95648325809289769 -3.35037687750300384
-1.25040334225969696 -2.24619989082877858 -3.36992586431043506
-1.34689931796199791 1.76052549645907197 -3.36054792444843153
0.49586997336432953 1.30805539211591171 -3.40232844153989999
0.47293388683606097 1.55896301949647653 -3.46016734771797685
0.39607539363797195 -2.76336361552952514 -3.40051484315789665
0.13456735005198656 2.18337650741862976 -3.37230044912402516
0.06836088861788908 -3.2987969836634341 -3.43720251217547235
0.01493853872276416 0.93521068269596741 -3.42771672804794258
-0.09764583565613572 -2.14538600985671302 -3.37004621193435261
-0.19473411017051792 2.31907506548101949 -3.35767371299144868
-0.36039270815006225 -3.61337668720229876 -3.33837148388218008
-0.44074687193511436 2.37248347716773145 -3.34078626865980466
-0.53006802190700242 -3.56675103373784852 -3.34741507826130347
-0.82147151089715265 1.33278231800156099 -3.40021984070272865
-0.97349080993849479 0.93599399796771521 -3.37822879124668374
-1.18301725197470797 2.05554170735621655 -3.38442522152911307
-1.40040652939544907 0.88936339486184512 -3.41863081502632626
-1.39919639363621329 1.58077643577945315 -3.40992320904816548
0.37414249518666848 -2.87694311759127208 -3.40165529718049342
0.32339366506570721 -3.04639628780159333 -3.39364398142612034
-0.03056306764995167 -3.46381538511747333 -3.42145062042822268
-0.22498479659751117 -3.52781124391538414 -3.37866432433190056
-0.25892863415607303 1.56043523106012438 -3.38541488593791629
-0.40378642190219188 2.30325903872238591 -3.43399175630397213
-0.39427056192408561 1.64780358138374972 -3.36338340212956988
-0.49108788935817366 2.3670063492835749 -3.38455160599792482
-0.61543910143257274 -2.26281006264049189 -3.43611936351788527
-0.89237737793315908 -2.02008154308570376 -3.42471852196954529
-0.90585533173548172 -3.34900915300395097 -3.37443940818226373
-0.8962561468606931 2.19816255865566834 -3.39376226699850791
-0.88482686268613264 2.29213089048122542 -3.37633547125177902
-1.2634435206579484 1.96177272204625508 -3.34789757842299052
-1.24371593264859115 -2.53141502011084363 -3.39620754157638682
-1.29108176816562592 1.80153090845055375 -3.39897946896639525
0.50305996072461756 1.34520618667258929 -3.45369130997274221
0.40049989919740475 -2.1352379719132899 -3.41631290678979704
0.40394743225942209 0.70556561744606661 -3.46118636607000418
0.33826711559777628 1.76479849255494248 -3.46042811461101429
0.37410871482978569 -2.06815928286892614 -3.42238634307202672
0.00845843621262077 2.26709929558758194 -3.40993522066335242
-0.06810028413396552 2.30751607217811028 -3.38914101527792377
-0.14287779345904603 -3.52670555691636656 -3.39073728526410978
-0.10147719155661541 2.23120279164098667 -3.41778215364684446
-0.30293512690473262 -2.24425991431849647 -3.4560115837873906
-0.44391454176221473 -3.61408212572320764 -3.37471719443754958
-0.43282531247100142 1.58221000916627719 -3.40619080618711978
-0.79366984285745068 -3.38746102394690762 -3.46972135920592484
-0.91583027670570616 0.88543619087010583 -3.45190389523418872
-1.0189999528140985 -3.23980684886712567 -3.37587959251646685
-1.10115686660868595 -3.03129988544381179 -3.4098555541529989
-1.1310235505724906 -2.94678881842449147 -3.39586543745781233
-1.23304545777953223 1.81434378879032199 -3.418005068762207
0.33875391196541627 1.82329880138777756 -3.47581409790639873
0.31351229558806393 -2.89483002179337268 -3.44853240060696908
0.21684288926387352 -3.17764816307978659 -3.44398070804015521
0.05488296420570406 0.83729651595601684 -3.43699481335623602
0.03335984607278519 2.13395408944569276 -3.41388126155269722
0.03472229986348257 2.22919812259251016 -3.40895473356006207
-0.39378114849246915 -2.29762229730527157 -3.45641459602748791
-0.32127992092562591 -3.57290011243998373 -3.41511830542884898
-0.4841385713554387 -2.27658142401706343 -3.4820456052025226
-0.56868998601778065 1.55897063431344352 -3.40374422710817726
-0.68047931874053003 -3.43443516448323072 -3.43444127635397889
-0.80708733735768234 1.14491326821791373 -3.51063374784564974
-0.92265140467287265 -3.27136019110526588 -3.41574244853351461
-1.03500951112146677 2.10393628149470935 -3.46818019875306183
-1.01188834053690346 0.78152567971020881 -3.43543572072398407
-1.20647035962383531 -2.84085594874390246 -3.40224248616984193
-1.09972452333408222 0.69558337498103517 -3.46437869222993466
-1.22758177407468994 1.88661471796253855 -3.4473423787151094
-1.34743219967863981 0.77566076236946324 -3.43976385068670432
-1.36439691999737645 1.29725855085206998 -3.47174560505302932
-1.39398637130340708 1.40145379167038842 -3.45549242024915859
-1.41718839206755476 0.92677335329013066 -3.43093199941661409
-1.42437196083602857 1.02756546986581365 -3.47611211073930271
0.50681243916361984 1.42796693954109388 -3.44770402268811083
0.35175225316626513 -1.97611046091920106 -3.45331086548514454
0.08825297414655839 2.09558795387812191 -3.4545307425220142
0.03125699786036759 -3.38056440065960828 -3.44037654349956812
-0.03103738696227719 -1.96467381735084889 -3.45330222661052666
-0.36572402143731464 1.54979914562999976 -3.420026623995017
-0.44302513301910545 1.58852261897964864 -3.41484188938224209
-0.59225621074424817 -3.49688420666695343 -3.44078707768714942
-0.71202653646451886 1.47180934666025598 -3.42442150886251051
-0.79141608348304915 -1.98474176250499901 -3.46494265825856385
-0.81862083566151145 2.17818797550072674 -3.48752174315828878
-1.01012479235526142 -3.15619347289082119 -3.40959738838061721
-1.19495956993847052 -1.98680408960432642 -3.44161792879639705
-1.22804806643541364 -2.55379350305219122 -3.42195078047854695
0.5313907790880662 0.98887318538283708 -3.42896412137262807
0.3978819256664779 -2.52973038963605346 -3.4146338932071636
0.27129692171642861 -3.06004961805846154 -3.46169859121393575
0.31197093223135774 1.9133996742171191 -3.47356990063144222
0.31489913454302759 -1.92044967571057112 -3.47013499064940678
0.27071957556525483 1.94076543205268881 -3.49206413876537303
0.23692941562575159 0.64798502603234631 -3.48223000897581159
0.15595089724850858 2.05817320745910326 -3.46633352775264925
0.03829034964216955 2.06447752068976209 -3.4632856736005091
-0.1270895456850544 -3.41393865395016816 -3.45493990169526155
-0.20226932736514364 1.34121150847514303 -3.48459173377469789
-0.30698705465412718 1.49463869114994763 -3.43755005549342219
-0.4674673529914033 2.24366597311459959 -3.45199037252472918
-0.59283285210299386 1.5469757503120618 -3.43680969984456341
-0.62574502670101417 1.45787826840042478 -3.45917816109941878
-0.85837299493333474 -3.31235597086227962 -3.46503008501654053
-0.95658595386681089 2.11054029211906879 -3.48189527470670823
-1.15581272892042963 -2.82293647301775508 -3.43669797065227867
-1.19093042937584936 -2.7262070462151784 -3.42921540450549633
-1.24518793158106544 -1.95591802077426236 -3.48808967159303673
-1.30422511687747122 0.66886863952122544 -3.47723242291876611
0.51189747538595831 0.79725263384601652 -3.48037373255769644
0.44554875699134716 0.66037880315905095 -3.49852731244982351
0.42409536017329813 1.60750863748849193 -3.51575523737389561
0.35733193106135341 -2.58908176184267891 -3.45922751373173254
0.36773668174494056 -2.8199467468137196 -3.43850648754048649
0.08336873048463281 0.70721120732836407 -3.47862932663283031
-0.02310443027795347 2.15798354972551953 -3.45102080439770686
-0.05433641693110514 -3.31749364158892179 -3.51913334136067002
-0.13107533704822966 -1.95702748567439455 -3.48310080463113314
-0.18762698540178663 -1.96579918717291235 -3.51989256910891202
-0.18454235915759534 -3.45876761279040323 -3.47403480489572569
-0.26452028363307445 1.4460614861780321 -3.45563888199213398
-0.27603796236437128 -3.52033433009751962 -3.46429656147268794
-0.29008060953042275 1.49499672186922972 -3.45381807903138416
-0.37003952338358853 1.56156967854616968 -3.43222063312425174
-0.40949390912665989 -3.54109907175530703 -3.47643688238905391
-0.51645485560345927 -3.5188127372158875 -3.4643547724338255
-0.55093456116267914 2.24495159913593056 -3.51977484018563969
-0.42759804891888509 1.56376601463383746 -3.43951341483072159
-0.62744542895372424 -2.10452891835864975 -3.531371225958849
-0.6790739608641565 2.20871165703195604 -3.54947828886878103
-0.83088566615163673 2.11550282945194379 -3.47556284117207515
-0.96415922036840895 -1.90492650340650305 -3.47516822695443706
-1.09159018358381621 -2.95501135403343529 -3.48110202892075593
-1.2524683511868242 -2.34760384347545381 -3.44922499993355114
-1.35137826988860943 1.60851901634527206 -3.46870074047570132
-1.39019075936332204 0.69672987706118938 -3.51723718614747494
-1.40278593344254809 1.19876615074406923 -3.49874943384117154
-1.41194448975163866 1.06663941916320759 -3.5315994089683298
0.49212737544847479 1.19006558033933363 -3.49772116809901368
0.41172181565808214 -2.04137782282568381 -3.57200252682949637
0.38370817604736568 1.68900226365629735 -3.49816489332724423
0.37157825864080679 -2.4110470417262464 -3.50395445246004922
0.32360842384361604 -2.76650869233887065 -3.46922683664921561
0.27839207157051976 -2.9056636645255578 -3.52106956019474904
0.09527218538956098 0.51136564507384685 -3.55262629762534976
-0.00032792572441327 2.11009025236217562 -3.4516548316685669
-0.17534663857939661 1.15163735836315717 -3.56413447232426828
-0.11689891026995819 2.12176148974620027 -3.52846790964065793
-0.28951156899762326 -2.01165964681164633 -3.59422025095431996
-0.62742248022536706 1.46663146759227381 -3.47506390280625066
-0.74505804430675415 -1.94365834839052365 -3.51192311289382531
-0.7311433018837814 1.34830419580300065 -3.48367471228502579
-0.97012413517003648 -3.20384919452507022 -3.48069521487414901
-0.95015604133275089 0.72501274130384674 -3.48845631069088258
-1.0897808961190949 -2.9223973304568478 -3.49841050415739785
-1.09468024832654076 2.00780886275361858 -3.51047614488070581
-1.18486919476855102 -2.77163688584148726 -3.49986076932696388
-1.23476270976964164 -2.52161727951346304 -3.44862810676752085
-1.26401114421110128 -2.01150798949306431 -3.51463370908708317
0.40263349380390151 -2.29013680009108045 -3.51244120691122541
0.08654258936882098 -3.19665672160632575 -3.4938693791716986
-0.01051392473392611 -3.31226438203165685 -3.50711133411558595
-0.00124058296109941 0.74140299849184199 -3.52122326318868861
-0.08459085816341047 -1.7941602235833205 -3.53679636416428611
-0.09256760494249924 0.96265936838468336 -3.55730251132737774
-0.10093669745910501 2.05555568251473098 -3.56890914073642573
-0.25050481438577077 2.1057074660954922 -3.60899131553395192
-0.31304248346472296 2.16223908620778005 -3.56680535460896797
-0.44224366699017881 1.24641407776207647 -3.61902923762872453
-0.46763408452370792 2.16322352137887064 -3.5214731841463407
-0.63082150014355742 1.37481643022794309 -3.50875086785261781
-0.87079947602461061 -3.29034927055488824 -3.52035692659247923
-0.95941547091768897 0.57743876931726545 -3.53935764634940764
-1.13597778319681231 1.90934652999033605 -3.54940615270203885
-1.20056375568010298 -1.7972975653158072 -3.52162803365417787
-1.17863776135368914 1.81057076049507737 -3.55311161736920633
-1.2392787819667761 1.70842943226678501 -3.52718563735341872
-1.33670598889839964 1.49687067451236167 -3.52248993383765896
-1.41080578828765724 0.81803847012127218 -3.52924688329866632
0.52044708860935684 0.82517604639217301 -3.50877374361656313
0.44290413057613914 1.26915504605517349 -3.52691892555135977
0.40308798072357171 -1.88770460837254683 -3.52517319688623232
0.35135619568989318 -2.73422217768838793 -3.55646428739955933
0.19117233692871996 -3.01812883458240666 -3.53005698991779049
0.11873317520005766 -1.74953091699892282 -3.53322136850791857
-0.05878413650273645 2.03162397048734622 -3.53065323226396899
-0.10398537400992781 -3.28789651736613253 -3.54662146643680121
-0.28531646699309005 1.32985880017659719 -3.52483093131615366
-0.34533251786023228 -3.48884944566159039 -3.51447477841669853
-0.27371420596332668 1.40371990653719259 -3.50049656063257952
-0.39862424998183116 -2.16668832135253453 -3.54886615945599715
-0.43889237587303487 -3.49727053915121866 -3.50855994810777672
-0.40305816001794054 2.14305888745526829 -3.56810092499791098
-0.53218823371270796 2.13269963498307824 -3.54182444132890728
-0.61364489330298211 1.38628851448562362 -3.52297793696675399
-0.69951000767497695 -3.34683134512908698 -3.53052266591512165
-0.65954009045287554 1.31638821044946086 -3.52541011330878451
-0.74605828878709546 -3.29386277003742745 -3.5312192728604721
-0.84123219758260215 2.04803985960466317 -3.53547828771010497
-0.84644751995463596 -1.69420360677253901 -3.57044961589083432
-1.01422570865350004 0.5009596540422927 -3.55061586338823032
-1.14690962662878859 -2.85248511343123834 -3.54091285085852236
-1.12588318643654794 0.44970457240810902 -3.55794309408261844
-1.18678734992999479 1.74956519509560127 -3.52014213307550561
-1.21483295044708561 -2.45749550755042412 -3.57582285729202809
-1.20678921731888189 -2.37341037892294082 -3.58853043523873749
-1.3362646284395765 1.29159046446399417 -3.53708869058150821
0.47089325013714844 1.33277644167670761 -3.52301625781722771
0.45146207943429334 1.44669300247541655 -3.534593941604117
0.35859400111595002 -1.69235156113324026 -3.56540691461351189
0.33380188558719437 1.66154547896936799 -3.54393770051379997
0.19922691224255198 0.42069735272567538 -3.57140257710114506
0.16196658007816708 1.92551618008065217 -3.55544251589069882
0.12493611010883116 1.86002489490366352 -3.58131107828781126
-0.14366969564802887 -3.35558228450968787 -3.54310155218553291
-0.20943737095437986 -3.40591135079682772 -3.53590550990702868
-0.55035197168390715 -2.10895502524308398 -3.56985093197515235
-0.68364531200922107 1.32162469058207899 -3.52911076489392306
-0.68838179742933792 2.11594526444568176 -3.61338794252225215
-0.76550319576720272 2.05365974839068377 -3.5533918654907577
-0.93946037571911323 -1.64541863266015187 -3.57238699153562234
-0.94121421528892757 -3.18951669786241832 -3.53740726680478179
-1.00707197172129392 1.86172556547768875 -3.6417990762111514
-1.04378391676477 -3.00094624896523099 -3.53365190929552186
-1.18543377446833942 -2.59270744394933095 -3.62604284158711554
-1.29284680942246233 0.49804475569689532 -3.54439449512717353
-1.35152898781983888 1.19930213382000495 -3.57619218010924023
-1.36591882173956636 1.14718708846610862 -3.54672424527417185
0.49179645661136756 0.60985152962338174 -3.56338479145210307
0.4641199170827347 1.17636735875069509 -3.58956645918690676
0.42788637718636813 1.32867204435910335 -3.54917848175384432
0.40710592419650143 0.43797073821514276 -3.57283391842073339
0.30527967151901891 -2.8590292221225031 -3.56514055683437769
0.24911236818830701 1.69810079181324536 -3.60283332673322754
0.28171280642808949 1.77442143933015584 -3.57472232875898488
0.04176706983710071 0.46741352613624665 -3.58463873015203616
0.08688231651172959 -3.17905410079592299 -3.56661063085544328
0.04395501681701688 1.93505922157850274 -3.58656227700639629
-0.03219138116297698 1.98644512208592761 -3.58084881544509814
-0.29430593712567221 1.20857523078350981 -3.60028325028998086
-0.37740247095274659 1.28279816836734151 -3.58870803189638554
-0.5722869133290136 2.15919847232233675 -3.56918464797694757
-0.62954672497953024 -1.88925434071150145 -3.6533787428266713
-0.82460162833452311 -3.27950581018718035 -3.56561792603916361
-0.79324264061410776 0.82494336624793918 -3.64118878067372354
-0.8927756123005266 0.59617662274839855 -3.57763783953036807
-1.10985535307109173 -2.8764673956832798 -3.58586698147420879
-1.27571373053501458 1.47738141293120506 -3.55454670474014955
-1.3843371742019015 0.5512304558957235 -3.60989972598562447
-1.40415821844234934 0.78759768548613962 -3.59337253472667628
0.46321222782842997 0.97658118846024211 -3.70445711115741938
0.37115489635007759 1.47814263814988922 -3.57403133437397091
0.39066742451474495 -2.16314058006711774 -3.60734549373694957
0.36326312996997678 -2.36713560270221324 -3.5786317956793976
0.01913029681556241 -3.24195339608733679 -3.59117053987995005
-0.12906925319715593 0.73615504085289407 -3.68422133637732241
-0.11682730532087085 1.94334479175766184 -3.62480754434337538
-0.30848364289344143 1.20974805992302281 -3.59232036745152739
-0.41677846893909581 2.05889780296847746 -3.59956354130945222
-0.47586690128454084 -2.00059346618836287 -3.64829327196736175
-0.56094273728364008 1.30576788470473204 -3.57456346370679157
-0.62564527523131086 1.26234036919411596 -3.58123502909950542
-0.60675301301880402 -3.25390096133417472 -3.6248582981665538
-0.65998429237586975 1.07725702518335842 -3.66049867994734468
-1.18680401956857073 -1.5826898702246055 -3.58981112539366176
-1.1950304583518625 1.69081749776542334 -3.55443032728144725
-1.13067805880894134 1.73468805480397359 -3.63312354198773857
-1.26448251575857373 -1.71851992779216012 -3.59218979598724619
0.50691239241952357 0.69393565282911773 -3.59111125200918035
0.47859286170502929 0.43986953819701025 -3.62299629268455181
0.42930923570585849 1.21677338604822061 -3.60318426743955555
0.43067248946079295 1.27346784793628709 -3.59839031099880158
0.41558405044185226 -1.76153834719916458 -3.62149144017667046
0.33142933594704954 -1.56293676029337503 -3.5954230785534671
0.31874173672175488 1.63712330315006005 -3.59817548797847131
0.21112352057475781 -2.88681673483965096 -3.6206011729920804
0.24183877432563999 1.77923657172890293 -3.60036583749600236
0.10781516778171513 -1.48520756910419349 -3.61632484124533615
0.17435594546794458 -3.00644712234710187 -3.60633049416530849
-0.022813224914176 0.51962528066870506 -3.61614611732864155
-0.02991397222309426 -1.47737458316942405 -3.6310365273349321
-0.04625208538231 -3.26561005336622001 -3.60537975045309178
-0.09453496852454199 -1.59980687766750052 -3.61345857946093396
-0.16368001602290891 -1.71330264636950114 -3.61976022983288015
-0.27068524138166683 -1.83715619151696341 -3.67290523623133458
-0.29043212793825635 -3.20676424477413757 -3.68865424454053503
-0.42308159884321361 -3.26056531596688703 -3.6635131995682606
-0.60462531656567065 2.03669982506736602 -3.60695448208076863
-0.63793633115154458 -3.21887730366180325 -3.62528306465303185
-0.71393028180523532 2.00751807353792788 -3.60485116627449775
-0.75727477303615753 -1.70940386197419047 -3.61269819149272475
-0.79241020763101278 -1.62379022236742787 -3.61867430687531133
-0.96982822881267261 -2.92244637270112317 -3.67199179795603969
-1.11702073323075135 1.67306995363452415 -3.63147392301597716
-1.24180915423422222 -1.53747766997604618 -3.61933606653309647
-1.23202547422155706 -2.29980164052727343 -3.68385767100300177
-1.27328428867384136 -1.75824844927578239 -3.63628833341258773
-1.36563533812609528 0.43584968468504798 -3.616324039381694
-1.30860745319317129 1.20157714672493565 -3.62537429684576207
-1.31852065852484146 1.26619078696933851 -3.61733107994298653
-1.38361214382856068 0.89844468057749316 -3.5963185029772915
0.4073814908851594 -1.63906084837263988 -3.62006981872291078
0.38158815845598787 0.22249770264093691 -3.64007305852228358
0.23614708817555594 1.66624426950594584 -3.63241270526281879
-0.50612662820368715 1.19464523337331152 -3.64248397483617126
-0.56283050034873239 2.02443307307683362 -3.65089821585679308
-0.64842123635895454 2.08559773720471986 -3.62994350159436063
-0.70252095550535443 2.07034513741632775 -3.62271022345880178
-0.72901125840703429 -3.23083455890762306 -3.64457685437740198
-0.72992783516275639 0.93169504993495256 -3.66655502866439065
-0.84041970384821829 -3.16762891625632825 -3.64568519545306158
-0.90966689074667395 0.42496350346492229 -3.61373603348799755
-0.93262700735296733 0.17328021368672597 -3.67390281488037029
-0.9789727130886352 -2.86550431653278981 -3.68280197773736795
-1.15579923545280683 1.64005345247239842 -3.64443889736827398
-1.19203060200803246 1.6512726067917638 -3.60437743889004736
-1.26783599973283279 0.24530265523485345 -3.62691516799179281
-1.24556913110618139 1.5219775484119249 -3.60511325816555273
-1.32314779477249989 0.28765523233710782 -3.63621759182764936
0.32303900866893376 1.5022818142760237 -3.67763590710434052
0.34682695539458824 -2.71664921483820399 -3.62767399301172944
0.31467740926559606 -2.7978828547306076 -3.63949042020227864
0.27694380136299807 1.62307215535303406 -3.657040529314036
0.25803108838378852 -2.85029187275190354 -3.65590096393152431
-0.16840225322032315 -3.20520629038989702 -3.64076754859729235
-0.30263125015523207 2.03988765923920168 -3.6568267974135753
-0.64992083459580674 1.99885379896722926 -3.61971467822197912
-0.72410870589782173 1.94874224511981486 -3.67557390815585494
-0.95683123500046929 1.76952278132167207 -3.73328881591635531
-1.08909780150391788 1.75883043044112042 -3.67011000894634742
-1.24598672234301566 -2.23559177766417516 -3.70002745253550369
-1.36282853834654683 1.01871159910438291 -3.6468068752018139
0.42867969339815259 1.05900013805774273 -3.74670071972103846
0.41401933654691064 0.12553088622140018 -3.68314448029230146
0.39710020460245415 -1.39179201306966727 -3.67336334136433651
0.37887002245058515 -2.17936762412999929 -3.70530206413691054
0.35118137299253793 -1.32005698116202819 -3.66421232942251152
0.33937616975563067 -2.54406351508728124 -3.68803096350643322
0.35682427168115999 -2.35384342116683776 -3.69491676815320869
0.3169146146573486 -2.4123048837628045 -3.69559066397687586
0.17605216877071078 0.02917328111490766 -3.6953195498824476
0.03039660724929653 0.19319584375252261 -3.67419734707259416
-0.11783881449544052 -3.20072617703387019 -3.67426581650175077
-0.09236909998861413 -1.38620857849970558 -3.67998991634361028
-0.11238534254012483 1.85524048398425512 -3.73349294018937394
-0.20407931532809895 0.87862809103765771 -3.70177997190989538
-0.24545732440816298 -1.59805562533646039 -3.754663007019861
-0.35022198253133729 1.15411459504275427 -3.65034567502201535
-0.37535422295858711 1.1221854165379952 -3.66072320862848821
-0.38339152771881779 -1.84039788629429024 -3.72129974991462076
-0.4597898496612251 1.96862859027147374 -3.69348181033611933
-0.54902476143835965 -1.84441607076611813 -3.71312508172764844
-0.57557125988428814 1.13049397744584557 -3.66788525587512959
-0.66958587793723223 1.93084388719910671 -3.67334080573613919
-0.87116514038095139 -1.37223751808509653 -3.65958450247442135
-0.76759832871613221 0.54427150904312283 -3.75601357478649156
-0.85736832013186515 0.39192853712454018 -3.67418988487220854
-0.95006821625409643 -1.29300823433624101 -3.66595006272644319
-1.0388652557625413 0.08758129656388962 -3.67567874052548849
-1.04820286390031314 -2.84573614526377128 -3.67601758587899941
-1.21591669795460455 -1.26543679992716429 -3.67178629247147503
-1.1175598472002386 -2.66745713487245428 -3.71569037594494711
-1.27663031245007907 -1.4816135180275869 -3.66479487360021317
-1.23578481100252868 1.3320973182614475 -3.75301134217983057
-1.32356998460872255 1.07633433691579206 -3.69655526189882933
-1.36325839602662868 0.72185583559308997 -3.68131498348140651
0.48751722481548354 0.46031960350067608 -3.6854006355953457
0.49056157085786695 0.62066724183998045 -3.68171721509566607
0.40501803900601691 -1.9582756984975811 -3.72608103587699713
0.39020810352218155 1.13162284699842974 -3.71474718461855558
0.38189146218838621 1.15223547540215177 -3.76248633143196543
0.33403136169757464 1.23614841992155378 -3.82912193981933813
0.36525235205201845 -2.01571569096570657 -3.72043258341208416
0.17884582099953159 1.70577655304165043 -3.69664431545527972
0.15084203558990034 -2.84316189791924856 -3.71259411024160446
0.0695915221509821 -3.07693474931633615 -3.6721388859482893
0.09670228492888036 -1.20670831419182134 -3.68642269656975907
0.05332072594820788 1.71681609779796895 -3.78214469621193672
-0.02814394292717724 -3.12893103285381802 -3.70816648464570786
-0.05046759779086683 0.20183498535558822 -3.72569024589617515
-0.13594705638180701 -1.34410617132099164 -3.72573621075951822
-0.20125591030406889 1.93561752190167224 -3.71240337855532188
-0.30169056973264941 1.00022995655774571 -3.70379608630720547
-0.25921771147040285 1.88749587156788579 -3.71763445017748273
-0.613641895736877 1.94431552418529163 -3.70991992480538357
-0.86652021729994766 0.17435453601677128 -3.71398607458462271
-1.27430634920640218 0.0556766646232023 -3.68590067278196232
-1.17713126534316936 -2.32574879333090756 -3.71956516871012388
-1.2642974668030531 -1.87898122505864618 -3.70471648844466994
-1.37717819947587117 0.5774171178211317 -3.72749316118114571
0.47244924985189263 0.29054731666592692 -3.67634669443824968
0.19404280130485829 1.5754526161664093 -3.71734702998932542
-0.03346527755984677 -1.19936283845984581 -3.70451911945933654
-0.09609928417752062 -3.14258119816475912 -3.72095944344753748
-0.18038568290785137 1.85882048571974146 -3.71218385567376563
-0.24029456589710191 -3.10894387139864703 -3.72820295441836835
-0.56396479134857547 -3.1394997831769702 -3.70096288949533392
-0.59926900708517195 -3.11499297219785243 -3.74652339443046101
-0.63204524269509277 -1.72646486024648471 -3.72629485762674806
-0.80235160827158625 -1.33853646261952464 -3.70394143383666519
-0.88471371241505725 -2.99801998145607573 -3.70872442702355842
-1.15500264252154428 1.49015981469512604 -3.7450853747730517
-1.26995222182461598 -1.22480823942604777 -3.70422628022434886
-1.27004952446770902 -1.76993326523885597 -3.69624145778725843
-1.28452445391601855 -1.55881179257851477 -3.73543454119398133
-1.27622885312002232 1.09761270469595362 -3.7291072264706111
-1.34301528220926536 0.14474383802895105 -3.7030433167613479
-1.3587049978317316 0.19092990183169706 -3.71717492237973879
0.45932658425605394 0.03999841964480569 -3.7425130855894273
0.41268776020528902 -1.43742689858113626 -3.69413074861686841
0.40356381471839409 -1.26419592952614712 -3.71170325546367463
0.37096094325042595 -0.00670276400496167 -3.70345897595981288
0.37289989570937576 -1.11431795437252568 -3.71289113832946871
0.3139014313820615 -2.66841273652387523 -3.71010547457073425
0.26821958950702846 -2.7661666597768928 -3.72234810755047585
0.19209008172871209 1.6397850554443747 -3.72066332644754993
0.03040256146574993 -0.0050421036604969 -3.71957757637416675
-0.14885915914732997 0.36502131699846019 -3.80479770179396004
-0.32857224186374967 -1.71186330376569229 -3.76231791809795402
-0.41160235189151284 -3.1326911195988365 -3.75507128993282446
-0.36568751372902092 1.06476386591243322 -3.69620190511087499
-0.38715800400196243 1.00015175383823829 -3.71763700595750723
-0.47537132169620988 -3.11505360614815974 -3.75454410953979867
-0.67309444740613378 0.92827395191884188 -3.70647162116174655
-0.80532142378457783 -2.97930831404146312 -3.77360258945084581
-0.8768681461457285 -1.11478095892143436 -3.71498126160245645
-0.99304544613770829 -2.7996772734704618 -3.75410628746648456
-0.99667504532378903 1.56156413640834546 -3.76738316050185684
-1.22687931346209878 -0.99987073999938414 -3.71976017592204844
-1.06341450744656818 -0.08884686414012027 -3.71313114673091471
-1.32947444466968978 0.90672887294341409 -3.81743646834790784
-1.36079672161142673 0.86985823845030696 -3.76948345194761369
0.45447594833647914 0.74068143673627906 -3.79039409712358433
0.4093660339938931 -1.50486861456435306 -3.78400173832587416
0.34470598874960778 -1.00220342423981323 -3.72043040176202844
0.2470433864597906 1.54413460948969039 -3.72818649320131401
-0.07900560898253878 -1.12814087946522523 -3.73724498624503321
-0.20167097589432975 -3.08177392728059285 -3.77136633950026301
-0.45176516639970127 0.98547460446540158 -3.73662154736440977
-0.54653970455821799 0.94561052131007439 -3.74390099406463239
-0.66428464762059325 -3.09908171410452127 -3.75491410351008392
-0.68407198365042932 1.82193559207562328 -3.74973226932947723
-0.64913334434232972 -1.45291919863632768 -3.8215664435868244
-0.746735835044398 1.80171801720717784 -3.79000128864114405
-0.79581703733897657 1.79546503682478864 -3.79129112554152714
-0.98442599880086967 -0.98519222108703297 -3.72144936052476538
-0.96392724699749888 -0.07463255264047147 -3.72141858506581791
-1.00770771635491263 1.64287117794372661 -3.77464820534012846
-1.25515011221148209 -0.10789735681388479 -3.71596607476088181
-1.14813315105686731 -2.49310754157234804 -3.74700479566689726
-1.24811102045406841 -2.03374225535995334 -3.75569372176940419
-1.28962844832863044 -1.21876768257111889 -3.73576659527611499
-1.31591799714491664 -0.11889735964496531 -3.74833387701879062
-1.37176034689484272 0.78355557456685776 -3.74343447154538955
-1.36815252864710524 0.36440951814244332 -3.80225450159984568
0.47468120928681912 0.19505581880375136 -3.73536161571820724
0.38989913662996301 -0.159178179851997 -3.7345772387049565
0.31342525394054616 -0.19685528718820389 -3.72498381898884912
0.31507085460830536 -2.3770693549661206 -3.80758275542377689
0.12862804542061665 -0.81917673889754172 -3.74266272908386766
0.17183879513480718 -2.7884053886061011 -3.77698541977236868
0.08866245315968192 -0.41406786170712634 -3.74796667544007933
0.0627567638664179 -0.15351326587073222 -3.73317930463810743
-0.0010166600573687 -2.90180066609789744 -3.79852032297720932
0.00405742378967148 -0.73250114203140959 -3.76413645342031389
-0.01385794542176975 -0.96215077782595304 -3.74068957485609088
-0.1953626348317487 1.80412801776549436 -3.75871283489478136
-0.22214434470440775 0.57589598229843653 -3.81699255255292247
-0.2562696987738079 0.82559184495784055 -3.74503255837837168
-0.29937902843563841 0.89022595338927268 -3.73812670264210345
-0.38342678122037133 0.968076668821089 -3.7370394752783942
-0.43527908243424573 1.83858499598257485 -3.82758751996329094
-0.4830238798035546 -1.67059232738677754 -3.80202756279085552
-0.53529458951232278 -3.05255989221325486 -3.77014571502762319
-0.62244903252975392 1.82366783576245717 -3.80311323692297343
-0.68527638612258124 0.57320007237551551 -3.81953708919270785
-0.81161963244227109 -1.08010706891877262 -3.75586985233997561
-0.88409821763090868 0.03430489297122455 -3.72856075961084032
-0.91705213212511483 -0.85098234267546058 -3.74732682599633549
-1.02560663235546046 -0.40831360354564489 -3.74031330797765538
-0.9965521692007927 -0.7497063266139673 -3.74687405078224289
-1.21977967292330414 -0.83033510600012861 -3.74240904997606183
-1.24630722721022802 -0.40771842515119916 -3.74357741627702101
-1.23639123299379894 -2.11296552636929791 -3.77453335871298368
-1.24691350654013666 -1.80382013508334449 -3.74518395499756229
-1.28766265956682835 -0.95771700547166561 -3.75545409666521568
-1.28411384574889964 -0.33121312112495366 -3.75177479446337081
-1.33576387189368306 -0.14431264630043661 -3.77616109177853509
0.47144392678571989 0.44622544906307599 -3.79482220740864085
0.44761776859476132 0.61368734830753324 -3.75750128980108089
0.43922908959935142 -0.20167739509156901 -3.77342274826196133
0.41568132581549622 -1.20969961732963616 -3.75130284374910916
0.40982399572802025 -0.97934778016514978 -3.76187360088785905
0.36054099330071004 -0.79177561004744668 -3.74753476200912994
0.35512563453244711 -0.46297740631585171 -3.74809237165650533
0.34036973866781645 1.04027182076927516 -3.82999093771144095
0.34723867787325613 -2.27423496616041243 -3.81488874920697185
0.30717291713047634 1.32254308058552983 -3.81738606481320986
0.10597922777928491 -0.66761578781452313 -3.75135323254330277
0.21948174192872266 -2.71914470452617341 -3.79359998313017543
0.0663096480994744 -2.75265535426061536 -3.83111244056500322
-0.00444985588267022 -0.19469307018120027 -3.75765705572084485
-0.06243039967926525 -0.05344353794978551 -3.78027755539039045
-0.25725946207559097 0.75509685551924854 -3.77233522826317724
-0.26948182747711436 -3.02728864693236854 -3.79425701097092327
-0.3296924125916903 0.92508510084257534 -3.75449003985394913
-0.60426271150048527 0.87399786083704945 -3.75223721702089152
-0.66315665483894726 0.78066416423720797 -3.76179379202090791
-0.86924622881922886 -2.82702052172305329 -3.83662475453282292
-0.8456121120894603 -0.12487999657201961 -3.77678871832691421
-0.92407452321861794 -0.29467833799455029 -3.74863299304745867
-0.97323313751396634 1.47740339332920101 -3.85308313956102522
-1.23880671507960805 -0.68127912763136012 -3.7468192443265127
-1.0659627513051082 -2.50076857653501916 -3.83843316602225837
-1.16925495636008492 1.35374871231562954 -3.81485235669072464
-1.19838424979072422 -2.23080586531411384 -3.77946866459797359
-1.20909395867240588 -1.9831226923520191 -3.78511468492851622
-1.27382065615882389 -1.6628231926834145 -3.7755971046725092
-1.21870236184784297 1.05293299309124189 -3.88622059614238724
-1.32925313308767823 0.60151347001861843 -3.76480157728879261
0.41069228513346068 0.70684082501108336 -3.83059973907232854
0.39987497315258175 -0.7866817220140212 -3.76551953362025049
0.41862816510940526 -0.57960500156376793 -3.77982727431880994
0.3972916369235589 -1.81520922147083774 -3.84312279459277883
0.2469549309489889 -2.40615713757776684 -3.83294345593463115
0.14792949890981144 1.49519175912179536 -3.79094651522645343
0.11698066558558533 1.5415759796236006 -3.83710139729395738
-0.02877034461124754 -0.46302384950843023 -3.77892362711094076
-0.06156916679880763 -0.79993550957382975 -3.78068144780236004
-0.11622259373590051 -0.98687339808919972 -3.79075383103807484
-0.11198195210037817 1.78365960351893804 -3.7907266728236868
-0.2281383624168144 -1.24627915331500083 -3.85272614172080985
-0.25159184185385008 0.85393336154646671 -3.77297990858258991
-0.26797781819880662 1.80486624473520108 -3.81600305131425488
-0.4040915750835436 0.85025908872151912 -3.81753190578312118
-0.47916802558469096 0.8300743183475483 -3.8231360737417508
-0.52215235559544837 1.78260871851747593 -3.87142645252793649
-0.58756899200859924 0.89786190832471935 -3.76538005829457489
-0.57401099055833249 -1.51106287184733401 -3.83850447311573006
-0.66733182238265965 0.81269986425041507 -3.78294040926580433
-0.6610662003769916 1.75373051924888412 -3.81097893078607397
-0.67980923977719676 -1.26036090497783038 -3.85278644991300689
-0.73554025555039881 0.24740085758131358 -3.85519818350969867
-0.86047183691823792 -0.74001879411913118 -3.7747598395686266
-0.83693618191378727 -0.38101077873870171 -3.79355348999288111
-0.8963408219305451 -2.74739825137333105 -3.82851132718009701
-0.88165362611375686 1.67927060403911832 -3.84046533856258776
-0.95406151272952922 -2.71545072513696972 -3.83765880706516249
-1.1471722314152264 -2.2663911925290674 -3.78841669647560542
-1.30813126347117481 -0.76936565365598464 -3.78720295549928077
-1.2833865350716358 0.93174373384145071 -3.86570166111273572
-1.22774057753003651 1.00133032707408809 -3.85306146206264533
-1.32223860876247334 -0.45871534825198512 -3.78981241154403214
0.46771530215814233 0.07498376079126517 -3.81064556641595509
0.42160381583993822 0.85637630211891591 -3.8484412395259282
0.41472406087117014 -1.32141928636459771 -3.85390065378760394
0.38805953262808918 -1.90148649879125475 -3.82376128283201444
0.33986270179138434 -1.91167747119898457 -3.89093086364367213
0.19613802721496992 -2.41895479246619205 -3.91780253372686627
-0.0953030263204027 -0.6849741961667376 -3.8112976298240917
-0.07988296326128243 -0.3282893371475003 -3.81188474372550079
-0.15174396122950784 1.69724722255951033 -3.8176072847248026
-0.24271390674086149 0.78408086472759631 -3.78801477768426587
-0.28330635921027664 -1.43813691220787465 -3.83912247385862049
-0.54281651053860003 -3.0094694877753998 -3.86433726278350909
-0.7538295801404411 1.67565761247633938 -3.83776064975811959
-1.11103391359449732 -2.35499570341187825 -3.83248432194281063
-1.29863912642476209 -1.26872243836212739 -3.92130350568613872
-1.30609540650286204 -0.97706389712242503 -3.80424965793964365
-1.33077689165758151 0.44260072567612907 -3.82566185162503869
-1.33446108599625179 0.78142593985548414 -3.83368970681484633
-1.34191152601684838 -0.1800297571726866 -3.88484813107463767
-1.35624416227347799 0.39207960029294553 -3.82459951964534106
0.45020948376712139 -0.19379986682484063 -3.8125626502412322
0.42447766862935365 -0.86447584137851952 -3.8037699309566575
0.43469714790722941 -0.65654371065585526 -3.82031627042867417
0.43108383101260855 0.57200484246286432 -3.85234001463692
0.38919631766945567 0.96287185862199198 -3.85523591463365456
-0.17969463014353287 0.06213743297002256 -3.88874691989421262
-0.07883621990739931 1.68435649074668503 -3.8399331205857159
-0.13871975179931678 -2.89343651836442595 -3.85800728762671907
-0.23838326438918755 1.65719683380277072 -3.85616099242656363
-0.28562838129812501 0.62013151441825154 -3.82019297619965803
-0.25873717051025347 1.75953882559724128 -3.84357580829177037
-0.28655570562836979 0.71716910230612319 -3.82387443726125431
-0.32413178529251191 0.65236616330607233 -3.83265553279012616
-0.42529211065360212 -3.10643143334226268 -3.81082009699855551
-0.66057886368823426 -2.89201819174110319 -3.84967396953983521
-0.56366396160069598 0.67893789700529228 -3.82926275027037955
-0.58848566231532018 0.5841151110854782 -3.85275415148982736
-0.62415799967014352 0.74349309160699317 -3.81097358149122689
-0.8137037753192996 -2.83376451854243028 -3.85853133770763357
-0.79854153223806279 -0.79111610300416968 -3.81472325131209411
-0.91510421076594761 1.55367693448968747 -3.86629397203986303
-1.06717698944814998 -2.32858574482760394 -3.87422453157708713
-1.14599510726218035 -2.1767443924124974 -3.81608329873903029
-1.18471290569738907 -2.02297702477260488 -3.81371503312930704
-1.21372056952423835 -1.96500539479742509 -3.8750390854261223
-1.26646561382940037 -1.59762707720827413 -3.81483637992760549
-1.2911173847226376 0.67633671428736786 -3.83833394242899217
0.42901227219552973 0.44009427772278387 -3.85110176185324082
0.38153906270661458 -1.52138107956233082 -3.83072707352020814
0.34179309298794874 -1.88725549667471526 -3.88067137191402578
0.15053458828812344 1.36006192354094901 -3.90231765567347644
0.06449845048499814 1.4028454974174549 -3.88257987466137244
-0.24055440936983713 -0.9737087860150303 -3.92313315543042096
-0.19048095763775286 -2.90723838559029568 -3.85440649776489019
-0.22580616575256268 0.32322636543419853 -3.87040704741948938
-0.308644808703403 -3.02435604505126632 -3.85738066485461761
-0.38192517704180151 0.58743588499597954 -3.86268824053904813
-0.38981557818748652 -1.48557941177530894 -3.86080603665758693
-0.57409019657834504 1.71945862754568646 -3.88981816221502585
-0.73196827401993381 1.63904062666027417 -3.87916086579296326
-0.6920982038716128 -0.94314897985947477 -3.90786608395780188
-0.80038972468369129 1.71581433355172464 -3.84153881865949787
-0.73952623988302113 0.00973939035246832 -3.88480685432505712
-0.92031443412965752 1.49494337511186881 -3.85527429171321145
-1.01562754050322956 1.33061551585311788 -3.91904638258828131
-1.20759252913877813 1.17102861512597189 -3.86298925235212254
-1.19830399734839976 -1.83258896709169372 -3.98681398275874788
-1.27951587759852603 -1.51062175470642979 -3.93787732750137387
-1.3310470029630046 0.51994036515237518 -3.83982042403428414
-1.33746673837113428 -0.25071811745414463 -3.88741314987690556
0.44523341003084649 -0.19825069101801479 -3.88297692048950438
0.41957058862043722 0.42369108912354336 -3.94310739466599047
0.41158065008091593 -1.05315558912912555 -3.93873826598909904
0.36174815744516792 -1.68592046757975522 -3.86533461181685523
0.08079916839246964 -2.66392393051035192 -3.90992061786133371
0.01648222647807209 1.5370200041321378 -3.89237598657234329
-0.06706925565689896 1.54084801347082179 -3.87683200517907434
-0.36133294651133396 -1.33660371613628959 -3.90001824657188934
-0.37398111540614476 0.61706070754515652 -3.86787244446103218
-0.40322766761779466 1.7298414928562682 -3.91311555351504037
-0.46910005818633183 -1.39315011129553445 -3.89570930370121093
-0.45711875386082601 0.5956964731065616 -3.86258263196796481
-0.56780245392077588 0.68679195305716201 -3.83989502961297058
-0.72859927652291656 -0.32745328756821845 -3.91408774836959727
-0.87543757741316564 1.59884100134316465 -3.87794420232744441
-1.33141361049336648 -0.4911387650427031 -3.89659889613036814
-1.32257641019494243 0.41268675478641986 -3.9227624453427854
0.45335091871898847 0.34422591068220298 -3.88367858652353926
0.42560944320418664 -0.72802652044277705 -3.96670200476530255
0.44019484416516735 -0.30178079589126133 -3.91331236251755676
0.36967144287722781 0.73411513771027803 -3.91159572211060969
0.32951669258252969 -1.81184601959733538 -3.91152735117159889
0.34035031722083403 0.88307330644177262 -3.89353904822623864
0.31819064400776742 -2.20411447588840304 -3.8838513010538307
0.30601676223191815 0.97670282892432492 -3.88281814645148993
0.30818701885064487 1.05118417580522094 -3.91563586674859776
0.26242771404179888 -2.32331918118448932 -3.90936191100881558
0.26435234285039638 1.23030634092129709 -3.91048045387395549
0.07415016363548915 1.47950145488144225 -3.88370097062562669
0.00277861803637303 -2.63877346234570043 -3.9352087964371929
-0.05311280822127042 -2.70839416534790889 -3.92859608258358417
-0.23353383676435543 -0.65533942097686271 -3.96072466002055235
-0.22929408109502694 -0.28159646019619228 -3.96257942598417534
-0.24022252673124281 -2.93460361842798934 -3.89056624822102171
-0.28607468505927269 -1.25499109326120895 -3.89349595195164477
-0.41028921080752578 -3.04717351475793974 -3.87428435806531546
-0.37016523423181952 0.41402040650110683 -3.90842762660604937
-0.50821604425208444 0.62993798246991006 -3.86582917848172514
-0.57689510105064601 1.60630855735880029 -3.91306437222393733
-0.72410727777457651 -2.81087180635815281 -3.87807249186982883
-0.78690438924506456 -2.77291276639400852 -3.88013604528041878
-0.66914663440599775 -0.70074112488059737 -3.95860712152836447
-0.85083831312139346 1.53109261153348375 -3.88537454301460938
-0.86939237312253748 -2.67841018917409723 -3.87244328912349856
-0.95966998566809292 -2.51912748213927173 -3.89408310355169984
-1.01669741195702734 -2.40201598573966324 -3.90044789277144544
-1.12323182715956671 -2.21636773235319184 -3.89249261603707675
-1.16608248184501684 -2.10081163910055357 -3.87559020531760501
-1.10720235832948211 1.18640860265502024 -3.94274007637850987
-1.18666805764372629 -1.9959972797307648 -3.91988901389804267
-1.19601496336010649 0.95521534899972205 -3.89530555507335219
-1.23359707907065208 -1.56752225011897628 -3.92964386540131683
-1.2356178916577929 0.8190988826104505 -3.89783054757051239
-1.28780767951164354 0.83397126840312441 -3.87716828098955046
-1.30975018300736901 -0.93109960828947269 -3.93716054647586322
-1.28294906210227988 0.24563024171111383 -3.96783257663003708
-1.33820655244541276 -0.03587521875943554 -3.96113075812281901
0.41765224815884805 -0.89495873045041363 -3.90331386830074223
0.39868953806276164 -1.41586794861146203 -3.96501614913719269
0.11999537513962169 -2.54169993459581667 -3.94555091088829935
0.02403218338348086 1.4321750269057123 -3.90600096620958093
-0.23398163854595089 -0.1208550878225608 -3.96347178438206349
-0.31246497584816135 1.66072113145703737 -3.92513532893966977
-0.56806212047445226 -1.22993554821326523 -3.92198700027732983
-0.62657286005090218 0.23790072553309366 -3.92062408228296855
-0.60786704340502551 -2.90796609765989178 -3.90632373398559762
-0.63144845002695704 -1.00643104656101245 -3.94224288906340847
-0.63160546921751815 -2.79306610245376818 -3.93018066650559073
-0.84812399447300768 1.48785420329276441 -3.93710941318483165
-0.89431479075691378 1.41579363318322504 -3.92004322991205489
-1.15460916715028095 -2.0208104622703158 -3.91516408792374149
-1.24734511211836607 0.69610884214166058 -3.94259045205897696
-1.34158981162500757 0.22313992045597972 -3.93927460732461476
0.43717088535453391 0.02821333825060977 -4.00182741776373785
0.44369157465382719 -0.11110374658973579 -3.9371966441469608
0.3910556343287529 0.33672121750380013 -3.96806310284497377
0.34081419514028211 -1.7754877397665354 -3.97601600977488046
0.28942132859717906 0.88937493730804262 -3.93740370800154427
0.18004073307314367 -2.33233977915022184 -3.93610669191173601
-0.1155036641876151 -2.74024568183205952 -3.93206656266695509
-0.15307525888702511 -2.72515234382242788 -3.95238371801748878
-0.26235686505297506 1.49976865307218521 -3.97191108122663605
-0.32816319916818687 0.13601121952673692 -3.95529895848568591
-0.31703128624818011 1.53664070468949698 -3.9491601553437925
-0.303276374183164 -2.93058047632016239 -3.92027362005558944
-0.42221822806542497 -2.95650567841467282 -3.93177138582213814
-0.46980921836884226 0.25295987278180282 -3.94221823535332527
-0.51344415810539012 -2.90631333272881376 -3.95621763199637089
-0.48113251858816897 1.60642908135448081 -3.97730026068056119
-0.67448312099025198 -0.02997930114421921 -3.94312095851849653
-0.90598518249590465 -2.59184955827372265 -3.95038361379932912
-0.99530969968480909 1.25217567662203533 -3.94583649766586442
-1.0405464609705608 -2.36018155151537234 -3.94797229998430632
-1.13776404564267852 -2.09435940231237971 -3.95358333185108668
-1.15835777367324844 1.10503570155210773 -3.93148947598175846
-1.29900915239420622 -1.08127380964851749 -3.93819189943564041
0.34744635982116223 -1.44568761853099903 -3.9994786554519588
0.29418668953978616 -1.93670088867930112 -3.93445669293122569
0.239165000301929 -2.25766011437614456 -3.9552605032972461
0.26639385437311325 0.99555450876928941 -3.93702749615198755
0.09891274694380343 1.28058930615902211 -3.94331474933799253
-0.01088761361424094 1.41115760998600281 -3.9621229531402129
-0.21584544471589201 -2.78680861953134595 -3.95917747830635669
-0.23538909654054174 -0.00943892994407749 -3.94229247454460996
-0.33974210491192897 -1.06539722473023701 -3.95306641008336968
-0.60102906488443009 -2.84509893388297375 -3.93969901982971837
-0.72064957214702707 1.42694365963765257 -4.03622053452566032
-0.77574174101652194 -2.76071419902196968 -3.95639719941381562
-0.96470442638231058 1.25141810089852612 -3.97858665313567217
-1.12215709312179412 1.03719482689993825 -3.94701818516049041
-1.18269980663086405 0.80058163549475281 -3.9503295925098425
-1.27449600289496878 0.5157102353102565 -4.00443420542380668
-1.32345240738378767 -0.51290603282499281 -3.99069444930147599
-1.30527514066720696 -0.35055672344000938 -3.95684679332477574
0.4092782124202986 -0.29298171447791466 -3.95777610868034291
0.42140564554845977 -0.17636573197743641 -3.94161045248835684
0.39848385284417548 0.23056157513428738 -4.05431866230347993
0.38397938833965378 -1.01205712056105046 -3.95981339559015844
0.39031171769651296 -0.88331698285264659 -3.95683938220557607
0.27419125668363525 -1.87656625290738432 -3.99121525879721473
0.29637567983232793 0.7789062566213889 -3.99620573455734407
0.22768937840084663 -2.09699451251404367 -3.96505269467503352
0.26531974515830675 0.92140274338027639 -4.00349252434901537
0.19271831214209387 1.09985822644492903 -3.96476292116749063
0.21298358497348693 1.19524200831726213 -3.94721880643621059
0.05804149088008753 1.27289907349306874 -3.97821146751806731
0.06042234986908813 -2.49626720680358938 -3.96959397930990487
0.0398660801572955 1.35103372575952863 -3.98095136886580381
-0.26630795667646656 -0.05567022904823009 -3.95210694487293779
-0.33088160338276978 0.0422326856614381 -3.96053504784369492
-0.48151943485625348 -1.109574116049306 -3.95923217112463899
-0.5341823644856486 -2.84526219443411055 -3.97429594856734258
-0.71083887897982689 -2.78474027580533479 -3.98428044803120507
-0.66277191745407793 -0.40169078304249967 -3.96512981441127721
-0.94761030677302915 -2.49890606382347302 -3.95062660735794058
-0.94340287804420597 -2.400203333200988 -3.99829626160040963
-1.04927868516880318 -2.29422684213441075 -3.99792194791361988
-1.17984197122481049 0.85474194007241178 -3.99743753599600415
-1.30227097592719865 -0.11261009721567278 -3.97587463232398663
-1.29499632186339375 0.29913508950002493 -4.00640926789531093
-1.30586567623528493 -0.84746551128170244 -4.04135153767244582
0.41803870944378063 0.21739052549139909 -4.03016707815974673
0.40581837794859155 -0.78599720412694185 -4.03523263073189398
0.38534957325469965 -0.08255574026948617 -4.02188122722740271
0.37831444121771018 -1.36925730220943742 -4.0337140129890301
0.34582837694546931 0.55532980578459978 -4.06325716049269747
0.15677635688417821 -2.25836022841174922 -3.9777158611037633
0.12977266244035388 -2.30794220430729968 -3.99324380059042294
-0.09742705459573739 -2.71495965534942396 -3.9852701687983525
-0.30837008750909428 -0.23107330500707279 -3.99590923187495184
-0.31402584704483877 -0.88996973177280558 -3.97075091817111669
-0.27608263646558112 -0.0569955565071826 -3.97572920622160053
-0.37024215204972399 0.0365825525760923 -3.97180591259488347
-0.36507502892305488 1.55494776114293454 -3.98894393980827111
-0.4120219448294597 1.54286629017438104 -4.01172984440445024
-0.47385887961694423 0.13306656638315639 -3.97009419414514664
-0.46316892152793238 1.4899274659771744 -3.99943352008395703
-0.51655034411607614 0.02315300444552851 -3.99012427814649673
-0.60580714925517398 -0.07624437307334508 -3.97924728493427127
-0.65793328466352197 -2.76264726248815595 -4.01232475898272778
-0.87453599075989397 1.29784096947174499 -3.98668526350946006
-1.00575137212887578 -2.37583107377615121 -3.99196608764354544
-1.102939027719257 -1.96482279980881214 -4.01714400870574284
-1.1657067879607228 -1.8920194419864369 -4.03994894649577407
-1.27346366283175727 -1.33257623398213654 -4.01295729505260645
-1.32502918064211528 0.13738386877681089 -3.9837797408044584
0.42229043934019878 -0.02120217574313687 -4.02026576764155585
0.41245828172985449 -0.621565041305563 -4.0560281362684103
0.40744481251755749 -0.46105304429987309 -4.03552170065479388
0.41472327395565095 -0.26280340834373028 -4.02671424689196833
0.38493823400450911 -1.01786578699602104 -4.02471565318282831
0.33216993155110025 -1.66553251404603575 -4.05519817607818744
0.26234227293629475 -1.96845200463821102 -4.00471606555028625
0.11039939074915214 -2.29901298691776113 -4.00956839949235722
-0.02109628290519242 -2.62401972677556383 -4.00650784477629252
-0.36192038854712955 -0.34843701397672816 -3.99368587350181237
-0.28961860199217254 -0.15020580728117244 -3.99384748475257023
-0.34261504347821631 -0.71414317778281833 -3.98971948434361012
-0.36324517237353537 0.02687635201121686 -3.98468674793258382
-0.37906947718419787 1.48167450225982367 -4.00515091798659384
-0.48247813878971513 -0.93739763155368383 -3.98554637123779987
-0.4526280711712759 -0.71083121087631262 -4.00024166106936807
-0.42665473023562739 0.08877246818420718 -3.98529712697345806
-0.52882188787480933 -2.70202522825260205 -4.00395023334746902
-0.58340676111057999 -0.70017384453653209 -3.99250133702779797
-0.56646486820162245 -0.06526154398919254 -3.99186381379993716
-0.5574892073397214 -0.20548123377911118 -3.9986981510868822
-0.58886333982539563 -0.35251845608163868 -3.99369674551268439
-0.8279259140430133 1.27541503253099076 -4.05816924107163413
-0.85267034098637484 -2.56506581151161628 -4.03471672702280948
-0.90934897455203478 -2.47644494228784851 -4.02649309377349862
-0.98053538796118211 1.09655207000809307 -4.05771426858731932
-1.0641880287192933 -1.97866546539405541 -4.09735333523835799
-1.14427391582750704 -1.93132164090332914 -4.03629461551813939
-1.11301586025663468 0.70910206748275273 -4.04722542931464702
-1.20917404126134986 -1.45791213945232601 -4.02250637942659228
-1.25989597189343661 -1.44400777557772986 -4.00342689766293081
-1.24988777074980173 -1.20130847173479904 -4.0130437422334122
-1.25708627463239542 -0.9684723055786898 -4.02499492051262031
-1.3037897501715221 -0.37122973742730669 -4.05651805208173322
0.37758368648640844 -1.24823745083748516 -4.05970542397242529
0.33184130628792524 -1.17898558973106549 -4.06870493657115517
0.30848134620624756 -1.81377720660623099 -4.02926498442268421
0.2330233439985277 0.76728503450867414 -4.04710178628665229
0.18963996589124299 -2.13150969424179015 -4.04611993817576376
0.15961206892692945 1.00231243391352942 -4.09964737586295147
0.03502588855504687 -2.47769377286934178 -4.03351497832062655
-0.00067061383225753 1.28683864441768714 -4.07364989814600786
-0.12118582567984133 1.30151915900021331 -4.12874400603218739
-0.24832195960675868 -2.6147874140402414 -4.04168160032686608
-0.38663061823688039 -2.68263015951091699 -4.05149373542360625
-0.41602146867217232 -0.16075082350134401 -4.01093504898905717
-0.46614593328227288 -0.38252397419614514 -3.99932738968704582
-0.44228483253509243 1.43866617669183694 -4.02091453157076462
-0.55812093066724744 -0.03554554600260069 -4.00678598842329148
-0.48907310150089611 -0.30333851415178703 -4.00014611694195477
-0.49877625285997396 1.42845394296603279 -4.05406197091496789
-0.81070049841403535 1.35595199083393059 -4.03791474215616297
-0.88279349072658431 1.19666647293245654 -4.04538445537169
-1.13891991596637543 0.6372678090607975 -4.08093972642845504
-1.28309422362301695 0.11324569311343932 -4.00704054776530594
-1.26482979386317629 -0.53720578674238306 -4.06098144823818874
0.37016683207278261 -0.42424304951342745 -4.05919835013498886
0.35114574964229761 0.27552785336595731 -4.05088224373116024
0.36865738113633867 0.32700899254833787 -4.09071938982584626
0.06778750559977326 1.11847938834506588 -4.09742338477081347
0.01344727815147343 1.16933526591457904 -4.06597170689452803
-0.08852517943960107 -2.6458064817151592 -4.04039186420957108
-0.18731234075098793 -2.6245408985437324 -4.06392035526923046
-0.46784188867182891 -0.31998759728412779 -4.01302797058901284
-0.43022661950618252 -2.63339709018517443 -4.06731100051797689
-0.46594740054622036 -2.59306772070376335 -4.0647680098411163
-0.5205878306468612 -0.2539912802408214 -4.01345015951099438
-0.56219028669786908 -0.17113431868053872 -4.01244809990134055
-0.58881395971923223 -2.71374862277666384 -4.03639032556044519
-0.81299753494559457 1.17273346499406239 -4.0787992305740266
-1.05220220224581773 -2.10697324937703367 -4.08421606873123633
-1.21147170214316735 -1.31954331141807968 -4.04158569616462771
-1.24219588732878328 0.50481888088798821 -4.05681719039410282
-1.22884042185117615 0.18645172232583218 -4.05301453514700238
-1.2434524047730704 -0.90760412675044755 -4.08431212882206918
-1.264929866565627 0.08068679276667515 -4.04917727486989598
-1.27304539135003525 0.38668638023996799 -4.04744222095555006
0.39016368137343815 -0.37117346224131748 -4.09966763003247259
0.35004340188200628 -0.79134019692889923 -4.08959898039979475
0.31159292275847578 -1.35752399516841948 -4.08869614055964981
0.21416915107168999 -1.8045578085240066 -4.10637292776055318
0.20624413267032615 0.78849496530078822 -4.12773258169353596
-0.00132398457249464 1.23836174511626695 -4.10262444138370697
-0.0434628235950215 -2.52469016509667732 -4.08118436589538192
-0.38651278314533283 1.39118115702919876 -4.0758354588512713
-0.45176591070070565 1.31569810832877754 -4.07748052392051008
-0.75324689594102356 -2.49587860305447284 -4.12161291762653548
-0.85950501070221152 -2.40315253302958842 -4.09494345059217224
-0.91267612662550734 -2.31241757396000081 -4.1062024639510879
-0.97199825365804582 -2.32240145890475524 -4.06663049676327493
-1.09783706326669006 0.74475109342650048 -4.122807530995245
-1.11760034718714629 0.84275733493415217 -4.09229894419872409
-1.15869708482474087 -1.62931848410046021 -4.08504189167576026
-1.13153308069715575 -1.52272205964441953 -4.08529290855774541
-1.30080183174150288 -0.63900225969930113 -4.07092661195612848
-1.27952458070763386 -0.49444641749108731 -4.10523471052344302
-1.28674240075928159 -0.19640230552286289 -4.07205016242071061
0.40252135413119655 0.11020769530475666 -4.07289914561140343
0.38181390946797727 -0.23402531307119392 -4.1439313204670567
0.35172300324100803 0.05445790726490898 -4.08641403282928906
0.35105811022038269 0.38670896950566519 -4.12400628936435965
0.25809251933076904 -1.76840914046917752 -4.11792658729051642
0.12957368480657061 -2.1820772131343702 -4.11204051991378261
0.04180646383064861 -2.23586404719723841 -4.09790408765462288
-0.24898276175810627 -2.53972330683728931 -4.11469372876027517
-0.31421157040492226 -2.50532930027607614 -4.10328119410470471
-0.50721955295899768 -2.57184931555849783 -4.10829008876633317
-0.84266575303498614 -2.31388784630682709 -4.10727851589363091
-1.05433592449649916 -1.85143895011561765 -4.11470370629790061
-1.18707263050686951 -1.30675824149966346 -4.10244851073341099
-1.23328472551444768 -1.20998796751067239 -4.1148852103811544
-1.24807577325459729 0.26373043097250182 -4.0673637149346078
0.38822403680114187 -0.57524409939385368 -4.10291715659491185
0.33478421713791334 -0.52759069352227883 -4.13256638631478257
0.33111108400535505 0.19323733993312825 -4.11176464958231591
0.28747406820801941 -1.60208223793868276 -4.14130664005055227
0.3083945352626859 0.57746157742824045 -4.11111367930694449
0.17573474539565467 -2.01321002116055059 -4.14529803591785839
0.17414729136646168 0.67415090923386667 -4.13380865109250539
0.07117693465645439 -2.18784900382608871 -4.14291934504099135
-0.03663619021890433 1.11269971054125683 -4.1127259827464524
-0.12491899468836759 -2.5571862823956848 -4.09421765716341479
-0.41230223236789415 1.29122868660794055 -4.09864642096721443
-0.51997645048507157 1.30953045927536404 -4.12857940258257639
-0.67758039741567289 -2.48360136226314143 -4.14394708590011085
-0.99250321619816639 -2.11875114444201573 -4.13493496421970974
-1.02927443191402146 0.91363785874625147 -4.14566739983630672
-1.04964681596367604 0.64912337565099787 -4.1289148889495273
-1.14095491801134385 0.33153831420798119 -4.12686549161522187
-1.21702531348310017 -1.25768103774847817 -4.12447339247106104
-1.19768449571813984 0.04558485773713762 -4.10439626633809951
-1.19922476961856939 0.39000084216170616 -4.11518481630188049
-1.2536056906772699 -0.02073072704797589 -4.09280236694889421
0.3791737375161216 -0.66732741425049924 -4.1144096119513538
0.33035249979885795 -1.06557652879793774 -4.20052517791224211
0.31289419718000261 -0.80021145522106685 -4.18917889009798738
0.32214371873653186 -0.0016452115940246 -4.17970052228833122
0.33740489841349769 -1.16453328315216575 -4.14572425883233908
0.27300590259663904 -1.69382356725407246 -4.14194439068954967
0.30002759894121378 -1.23339641452540438 -4.10853739749628666
0.23954691263369612 0.64981575480603937 -4.13438875722086152
0.18061313191785688 0.89611583315432741 -4.13221228817990927
0.09018490878104 1.0156075930864823 -4.1519620253202083
-0.02317420937997156 -2.29086664730087319 -4.12500459909598671
-0.01105175058632993 1.05572321317258644 -4.16391901352674854
-0.38225138799725672 -2.46920632325582456 -4.13928127507119203
-0.29712057297916417 1.28360417651494441 -4.13545235090806251
-0.61899425498635208 1.23429422036601166 -4.17966047203795021
-1.1030757926005057 -1.82855300541565979 -4.11629162851327557
-1.1030453583457609 -1.75433063964542546 -4.1383231216414087
-1.18593610516557213 -1.37863225219038354 -4.10416926890944556
-1.10904854614365167 0.52736029424161246 -4.14711599336548087
-1.2030359803118984 0.14168757974770843 -4.10778902109950472
-1.21887542481870925 -0.67396000941683143 -4.13779537203966274
-1.23038272852214403 -0.77530095765872897 -4.13828733289922646
-1.27545710836396609 -0.72886220741341445 -4.11164805827614721
0.34217829841891428 -0.49886781684191311 -4.18630640314762115
0.30326277554298608 0.23882760959114496 -4.13575279585244537
0.27115174693050864 -1.35841017751369986 -4.12997456407538799
-0.32161165743044873 1.20370563881332782 -4.1360075264927243
-0.43243158612920374 -2.39586247585073231 -4.15980158127271604
-0.508475563511818 1.19988238903817845 -4.14495887606256108
-0.69475533504696008 1.18756615559129441 -4.18240406319980362
-0.70829252907597373 1.10812738560483881 -4.20211385278305549
-0.78640639222475484 1.02389329068443602 -4.18872187000954099
-0.91060009274475573 0.97315074774051569 -4.17531102015650379
-1.03320758286624237 -1.68125039597057935 -4.17698324848567992
-1.11844893958115588 -1.52654568763755871 -4.16177972067513213
-1.2460132484995079 -0.20892241368467115 -4.15555583207730272
0.33417864958235832 -0.6495609935647515 -4.14385193585643474
0.3208167847844634 0.31493203932652153 -4.15908487462972776
0.30069297724176208 0.17534185455741269 -4.15567574081166047
0.157384819847738 0.70832825660207843 -4.18540871929391489
0.11276776956873152 -2.10387566434892825 -4.1737197977452869
-0.08190382196501281 1.14095674485574849 -4.17735868873776806
-0.18032816640572452 -2.27269792445400665 -4.18921139274442478
-0.26346103622744727 -2.34867483148697165 -4.18765188688782519
-0.14447429550143548 1.21853040248246192 -4.18067028726270173
-0.30355201857655439 -2.41984712049289019 -4.16192598861107932
-0.34246945082039654 -2.35294276775423095 -4.16706678912462003
-0.48337826652356969 -2.39046909999346946 -4.17992539981689681
-0.72922918881852117 1.03744724752624817 -4.17616037723576916
-0.76748830924038425 -2.30057223188844207 -4.18038310499536614
-0.99134537825013647 -1.84095103336698918 -4.19951855013642561
-1.05352066645015729 0.8176123614075067 -4.16244996872792772
-1.12278050882780311 -1.43563800386915164 -4.20510907097866582
-1.14410232348267549 -0.06507224089663058 -4.1837451414262592
-1.20364195611743852 -0.58426816652030067 -4.17106510808016129
-1.18144892587463257 -1.01922684629972782 -4.1987713961787545
-1.26221160530947651 -0.40366656488744851 -4.17576149171457356
0.27753489092576367 0.40942527562741921 -4.18553423217373233
0.30667248629202098 -1.19799945802956542 -4.18364225568011427
0.31565706432272511 -0.54529866914392355 -4.17858802062579304
0.27363580588290853 -1.23859905902517053 -4.17276510202976159
0.2434891134400522 0.32836472959549207 -4.18345248172590178
0.24120814853028047 0.52972002402055052 -4.17658175355922889
0.26564450335313383 -1.31796298650950727 -4.20261018772970285
0.20979317883809726 -1.46454883472313946 -4.1901019825396304
0.15852918677463157 -1.68486419968549694 -4.21688008983141227
0.17240675355370974 0.58556612122554685 -4.17163957238359728
0.12878829053663249 0.88373592078270446 -4.18078531677089682
-0.0891019480181469 1.00845436259666399 -4.18388663507889991
-0.11958947507654472 1.03480202321942261 -4.18710812425671008
-0.18909711552054234 1.05239957704121845 -4.18833484961169589
-0.15926928391117123 1.11781774238721265 -4.20553313599407108
-0.3012581278427503 1.10805464582692292 -4.18857022909666199
-0.39559878832849965 -2.35868764897520533 -4.17837924149618711
-0.56800722440072393 1.20063548564083522 -4.1862068994326096
-0.7628836212179122 -2.19693488379906032 -4.189342332279125
-0.82073150639595627 -2.18121701929545031 -4.2023840184781589
-1.05560116063966647 0.55826217560437397 -4.1661468594449147
-1.0774414251026263 0.33752648307804634 -4.2332777669235675
-1.10445918127810661 -1.30203515294687411 -4.265312206362184
-1.11718053278812546 -1.24926077047503381 -4.22372622432306155
-1.17449566049102549 -1.24202939868125495 -4.19571921842102302
-1.13879697592427109 -0.01380677153363889 -4.22115350536018585
-1.14119140411572717 -0.7949813252696033 -4.23068432142057471
-1.1719139848899478 -0.83703244166996349 -4.20999750740722511
-1.2403396560053408 -0.51774380966601652 -4.18206116517850379
0.30712852765910997 -0.63805487289239327 -4.21084168973046324
0.25296979573319189 0.08119508345551632 -4.21681889362878337
0.2729152920289688 0.21519269875137531 -4.21996689369864875
0.20610420068728508 -1.63627305178848559 -4.21701871266904416
0.18959584553955811 0.43914080710653658 -4.1941697439400345
0.12905008038029547 0.59909930782592846 -4.21189397597683968
0.08555181082336479 0.64889031876726799 -4.21411269329762828
-0.00533304466115544 -2.07636029358772767 -4.23699019901172402
-0.07728993849755175 -2.05782317114389812 -4.24358108322899152
-0.27263475231932749 -2.27826231541789825 -4.19820328506856555
-0.50732010249700099 -2.26776189140580531 -4.20578525687627724
-0.57484901927815024 1.10342888215238766 -4.18772810362100856
-0.71004698380556586 -2.23626809335412124 -4.22591377058321882
-0.69532352254700014 1.03108901619757165 -4.20333741011877038
-0.95328279676149918 0.86329222738634637 -4.2053919758595546
-0.99506190337590894 0.65120008211527736 -4.19762746763463923
-1.018292794041876 0.60018108044716667 -4.20846309577313349
-1.20044937132815255 -0.67798040709926832 -4.1978978588464404
0.34545256174942413 -0.34931221045590255 -4.22242473443689637
0.34505001810384217 -0.20201113507772075 -4.21522644682352432
0.24882310024903909 0.12708860693379545 -4.26603981781894515
0.18962408015110449 -1.47571707696860521 -4.27319689408646575
0.12969716233166667 0.44376832878397221 -4.26122437114228614
0.03457049541713406 0.83321836091580104 -4.23468055328910609
-0.01393354754490619 0.92711842592820626 -4.21557429980467369
-0.04072768820157391 0.80859538501251937 -4.2204728235376967
-0.11311491817564882 -2.07339847534959487 -4.25306006591325936
-0.42524580845840115 -2.30758696836486488 -4.23940968951786878
-0.57378984615725581 1.02243871889822624 -4.24602526625919108
-0.62669370523585477 1.02568410402438737 -4.20789329843104198
-0.62748106070048848 1.11677297957008514 -4.21898723115337582
-0.61193813752689641 -2.23419172499652641 -4.23461271023192332
-0.80244728948568034 0.87314499276891655 -4.21738818052428233
-0.94570455427811073 0.68745015343011473 -4.22110435654960359
-0.97912411378191344 -1.71086959162859342 -4.2471433056613348
-1.0036682216010655 -1.66740439375342331 -4.21753258839428646
-1.04550446957161802 -1.62575429120627568 -4.21950901366118902
-1.17382788857792963 -1.1823548091239926 -4.22379839412218239
-1.21246070498755576 -0.464494466824656 -4.22731556693050869
-1.14438297389682253 -0.50444240141147167 -4.241826107972126
0.29369910860744941 -1.12951660772616203 -4.24398635549994641
0.27704846850285841 -0.49878369926656502 -4.24316374295686849
0.27305493888581245 -0.60821822027281958 -4.23947899765035352
0.22372848473832563 -1.28581707839268455 -4.29770954155406404
0.22886595175999896 -1.17879520877675681 -4.24584967330030238
0.1644156033173193 -1.55035414723276199 -4.22691218611701469
0.11000223470166873 -1.87751057909333285 -4.24196117304429343
0.09910341181696658 0.71922691847255271 -4.22482034304557441
0.06324815977777813 -1.98612641571363824 -4.24391336958992316
0.08342601900907094 0.61018037560676075 -4.228542519442267
-0.15185462994898818 0.94959341360486749 -4.23837184979529624
-0.1628140185477345 -2.07301740102263254 -4.26004736391356786
-0.20868092283150974 0.93260140699831451 -4.24590988760820931
-0.24034450831708909 1.00267716542799845 -4.26283477817164247
-0.34845718734531117 -2.32888466080901946 -4.22603016610373494
-0.45694433644087862 1.00290938852870348 -4.27515632496053311
-0.72636156230562909 0.94288768307407778 -4.24988628467606055
-0.72522765339359596 -2.08384609792941422 -4.24698324321105503
-0.77298122145642567 -2.07446833515329621 -4.25239141874837578
-0.87239943481193305 0.8687781137398275 -4.22256745011986645
-0.87997653073772986 0.76744460210096033 -4.22691766956573289
-1.06305694850807564 0.03424012973382294 -4.3172150847839994
-1.10838154525724608 -0.22891708034398062 -4.28905990404199589
-1.20049904698183596 -0.32005035975672058 -4.23622438931788015
0.30626000536895848 -0.40506332557529057 -4.25889821742999519
0.29097415752652617 -0.20016141365347248 -4.28222003028934317
0.10980915144262536 -1.69313024492993058 -4.27818041445610664
-0.09877784393204683 0.79821783077514041 -4.26902115706728402
-0.26696469081312246 -2.21544165878636745 -4.26135083332911879
-0.60503859304081653 -2.11231857346258289 -4.26203389960929169
-0.6767066768972877 0.91628055687622756 -4.28119324295008408
-0.75969205407804041 -1.97092264189797772 -4.2803726682379919
-0.9270661883888478 0.56619345035460245 -4.26101274391180862
-0.98048672967625672 0.55499390159231399 -4.25166196503389493
-0.99657569671233648 -1.60351930717429614 -4.28428301090923735
-1.01678436022176744 0.27275975395545016 -4.32083404259430637
-1.1238270218135189 -1.14838509597436356 -4.27713856634814338
-1.05701437422197131 -0.46903843633317976 -4.36921899827212012
0.25248288503663058 -1.08654123398776647 -4.28815335942432352
0.26409779362411501 -0.75986978844236974 -4.27759320308721591
0.2438334020092664 -0.61750168776337022 -4.31517271209427555
0.21650358761174021 -0.11249338083141125 -4.31325151737213464
0.17009795105079062 -0.02450838960690915 -4.2978340996463853
0.11524041417057189 -1.58025124218164903 -4.2828426138928517
0.08736169117767636 0.45703175344763292 -4.28265780557075804
0.02832131164317047 0.47541964086792043 -4.29102530084839273
0.01895932624720472 0.60313649214585863 -4.30227452056744042
-0.31647273887096344 -2.24741403141032059 -4.27368301141184403
-0.41351843880914013 -2.25906756300152134 -4.27930612725539028
-0.54572885844533336 -2.14966708180886679 -4.28882436849082183
-0.53991158022273722 0.84193526135114438 -4.29787094968917405
-0.65442193426240292 -1.9652262394361899 -4.30581710822405661
-0.8738960336709698 -1.7954024793303156 -4.26853926251445603
-0.89352553973192061 0.70526402676601163 -4.27401805434817827
-0.92101542159852967 -1.63821887883460349 -4.28552595525758218
-1.04346845400747079 -1.36978479929357921 -4.32414506408538202
-1.01372478852254355 -1.11085609707713107 -4.37006761773160513
-1.06650978337950031 -0.16526601856915832 -4.28849910315584726
-1.07169838454388544 -0.11579122936572844 -4.31952744533647781
-1.11422365795050582 -0.80552716668714075 -4.30758814324526185
-1.15232366491637284 -0.35909586265411281 -4.27537329007036337
0.24056630963986925 -0.94298930109292545 -4.32191763728243572
0.22497398704205501 -0.39641071144134676 -4.29546473554697439
0.19029392871658629 -0.76919915571493491 -4.33074653611833948
0.20231320430054617 0.24837166618612486 -4.30415496440406997
0.19112830058509192 -1.41766233025648525 -4.31186295168039901
0.17710056964440044 -1.0837684340440048 -4.30998218881803474
-0.02493822810969978 -1.95466398739457659 -4.28389062735924409
-0.10509766846262072 -1.95141146778348817 -4.28279933081163744
-0.16609754590937492 -1.93465607005750129 -4.3069006257362572
-0.1717828482754786 0.78691140881372634 -4.3056056299499561
-0.20005454131390457 -2.05148115822040822 -4.3052120141773047
-0.29713747709334315 0.88022031859600625 -4.3269717541758439
-0.48016992143641785 0.87881589912806557 -4.33259551342224913
-0.73056106210429872 0.84866605785962768 -4.30799879490591309
-0.70460161122421416 -1.93132680152930014 -4.29091491540619341
-0.8229168766348931 -1.79091523927856677 -4.27983973013462116
-0.90710499133697786 0.61498472107729474 -4.29127589817852773
-1.05338008763728341 -1.13922244697220121 -4.3032694156150475
-1.03814270534846109 -0.9456221742705776 -4.33412226141880286
-1.06423160402201633 -0.29915325334390075 -4.30831017221601265
-1.076409260108254 -1.00649836513624091 -4.3179550522813761
0.24371670621660269 -0.26488870385525187 -4.31863426598394717
0.19457793709521637 -0.57006628043931107 -4.37731024368380606
0.18522366653424299 0.16789779524143311 -4.34652305750473644
0.13441933161119915 -1.52848731632636392 -4.32094801992589961
0.05341442559362994 -1.67993663330716014 -4.29952907481203628
0.05240000260377735 -1.54583662550622281 -4.32780894579303421
-0.0183417974592946 -1.81426947413707329 -4.30175274818436648
-0.02208152294035616 0.4838552370923217 -4.35911357032087565
-0.30141558090020282 0.7014735977853781 -4.35433294285249417
-0.30678096956955436 0.77296296425687827 -4.31559119873232699
-0.7742625340155106 -1.81114263376380635 -4.34320377690823456
-0.90537971201787049 0.40576388516329182 -4.33147284831380919
0.20819698985111268 -0.98195070176070343 -4.3391532005616904
0.19931209601804584 -0.88510542214504517 -4.3532156530418824
0.17528448189776763 -0.25712201590079553 -4.33571853385779615
0.16894458881061075 0.05802662874503911 -4.35089154160928171
-0.00261784024304594 0.3114084135453864 -4.38436914186618321
-0.07170155469363028 0.65156343786612458 -4.33745938213827653
-0.07977693593866229 -1.84947145261595081 -4.35776974562779174
-0.13151467319043125 -1.90856366269067101 -4.33991017228316167
-0.3696557557527102 -2.03257066195721103 -4.34937633778648536
-0.38576062675362471 0.86670798354067879 -4.34935614669932669
-0.44671225870712483 -2.12432555621213881 -4.32568673535991177
-0.57959955569668631 -2.00001019201668617 -4.33660791510210863
-0.59436396621754173 -1.93291607488622819 -4.3417134390757397
-0.82683526443227784 0.65226601645832849 -4.34483894442004193
-0.8126910479923245 0.35574188763956038 -4.36930074213685415
-0.84331297293053376 -1.68241443051593254 -4.35493308058282391
-0.92518803928058058 -1.55834773137863913 -4.33785508878278492
-0.84578217060745053 0.49804252043629449 -4.36393647019538111
-0.95623292381445535 0.26744474855683587 -4.36246704482486169
-1.02168431407755445 -1.04039794215130366 -4.34425175763953408
-1.0148436790328097 -0.18734575177563778 -4.3521824451367026
-1.02878198660104436 -0.58523411668192393 -4.43367574521497243
-1.04446148372063252 -0.73558587719672253 -4.41901757811375351
0.15517059215686504 -0.38794716150326392 -4.37131099732263184
0.15025642607618447 -0.12322822956930791 -4.34386629381684575
0.11884302959562069 0.23532018264768856 -4.37089052699920888
0.14293807447601195 -1.39590892445736903 -4.3748753411665291
0.11340609559580248 -0.06758222374162337 -4.35504659876797717
0.06291289039595392 -1.46092792574785602 -4.38860454470992867
0.03576645457551179 -1.64456577904624623 -4.34618328489351669
-0.03608102202913792 -1.77526482393307794 -4.37169482202093462
-0.05614017000144389 0.36662518333517807 -4.35641910191306536
-0.14364042572679619 0.5990677569483428 -4.38809868008639281
-0.37578693360754073 0.72039672888371764 -4.34376496937513501
-0.45024079946619899 0.73310914052049025 -4.3368987880965939
-0.50295459944158616 0.69261713652629142 -4.37562539638576009
-0.62763293419874644 -1.89675905284874791 -4.38619976078990348
-0.68376659412484719 -1.91160572145596874 -4.3528963757714596
-0.73980775085510786 0.68978582655771703 -4.37104853007458427
-0.85629340048179536 -1.55037452670030884 -4.35139803915333445
-1.02747471214255426 -0.12162910458305899 -4.37655597367596982
-1.0098671784991391 -0.23626616311342122 -4.37858515432327167
0.16276691189036924 -0.76653120793581442 -4.39796277787334233
0.16400909467724153 -1.25046363970331709 -4.37032464554430256
0.11772139938923003 -1.09860466796403933 -4.39140301105288966
0.11452382765256032 -0.86826954521924116 -4.38731163644657851
-0.25810120395405406 -1.80646393576156905 -4.37759883158902863
-0.3370435733670385 0.59475406671601683 -4.37500461618610093
-0.39511208677552406 0.77660195187375558 -4.36430948343648328
-0.40508543774886835 0.65530658718212709 -4.36989918418782608
-0.49611675535672772 -1.90433712142561751 -4.38149826726860692
-0.50097741215972524 0.55955152490450599 -4.38615603418385103
-0.66307916951430224 0.68511685195732919 -4.38698933690043447
-0.82469491994318844 -1.57718040472270404 -4.38534615807033834
-0.88181142811117019 -1.48336241895750076 -4.38131328824636412
-0.97252625999234765 -1.3298214800512711 -4.37676390329013465
-0.9425152039479906 -0.98529420074270546 -4.40312493307935604
-1.0397897526205977 -0.91129861518559607 -4.38910496595104327
0.10968338057184153 0.00283734208575288 -4.38820178529873672
0.11584322223776833 -0.19040498257539529 -4.38371290201496056
0.07526306803892338 -0.10219599079431937 -4.38070565555138369
0.03478913020895277 -0.01951778286046608 -4.39109669427926796
-0.02284420999482422 -1.43512455431596719 -4.40503976801220976
-0.02888252354355619 -1.67520318850992567 -4.39212895778558732
-0.10790037523188473 0.51268431586203345 -4.40352551656916891
-0.10139644762714281 0.37064234542454544 -4.40672769164071187
-0.07752542427927089 0.28366351884574992 -4.38758023038110334
-0.12772000769654837 0.30641036367933194 -4.39564248853877348
-0.1310310608290417 -1.82000766870318254 -4.39882016046089586
-0.48919943506430114 0.50060658478083286 -4.40852464654254739
-0.48953542780675124 -1.78693527711526579 -4.40208858751471688
-0.68966142335445768 -1.7913710845433708 -4.41445494656910942
-0.76957528035022282 -1.39067861909738077 -4.4265595880682822
-0.80436869415725321 0.25087645051462515 -4.42468461413182457
-0.76896537858017244 0.40048007715908418 -4.42795001346163364
-0.92063499311202102 -0.16341348766776786 -4.40487016961535005
0.1631920206752932 -0.66029166414441542 -4.41730198044238875
0.10465368927929926 -1.25328638964476324 -4.42131127139900926
0.06063702873495497 0.09885167180900672 -4.41368067500582839
0.05362113286737667 -0.2014924977511966 -4.40403771024111546
-0.04072316777427238 0.12227493470244366 -4.40045493734624849
-0.23260216142994999 -1.74813717668358959 -4.4355720426621783
-0.26983478029673036 0.55318272793632428 -4.40214700497048028
-0.25241846625715242 0.42129619199656615 -4.4008456187103544
-0.31922798670593011 -1.70660813388439236 -4.41731268256908383
-0.34346837899925409 0.44690209823003685 -4.41634660964137282
-0.39541857993008361 -1.70373144535487775 -4.43733992862394011
-0.54283033942555703 -1.76912367890514233 -4.43960482456013139
-0.81988846538881355 -1.37128453342734291 -4.42521232471365966
-0.95312516870806951 -1.06075433414381615 -4.40716277220991515
-0.92051898402018106 -0.96963446152685895 -4.42165196869209698
-0.96349975099204166 -0.09966749631112573 -4.40844667470160534
-0.99609195769811931 -0.921902946466442 -4.43473730098951879
-0.93030221641924038 0.04281000041846492 -4.42332037722992499
-0.97836081317864532 -0.34815692947773891 -4.41848420662066488
0.11323711166847047 -0.80336470614512012 -4.43187880926100242
0.09606774411166222 -0.39080285756849426 -4.41528055351353999
0.05173189153093065 -1.35376180791055245 -4.4341589586311132
0.07137687473786744 -1.05580499809519601 -4.42333367588262671
0.01986697576635962 -1.0294409478299551 -4.43957422071270091
0.07183208394824038 -0.85622156046434039 -4.41301120470384589
-0.01910313752195976 -0.3184432157560983 -4.44469614153474524
0.04396846340199616 -0.14031698707720289 -4.44340593079224266
0.00188858356097536 0.18616946191788311 -4.41243065564713621
-0.05340018620657061 0.03410497689875289 -4.42682355173556008
-0.10628300453308662 -1.50355128225871404 -4.44096378174589912
-0.12734659718725408 -1.69956961426310671 -4.43752512800503229
-0.12794681320052098 0.24335367784010528 -4.41859383544685347
-0.16850981922295655 0.4015030969675516 -4.42747566062126907
-0.17645061477008894 0.31699313662993028 -4.40562683698381807
-0.58948160959536933 0.3933727829337243 -4.43133400399587174
-0.58810670377875818 0.4866144200265351 -4.43776371163476213
-0.6937319880354933 0.44938522130443281 -4.44547039650877096
-0.72007535193696226 0.3075172283652895 -4.42673280776290312
-0.74216191055203051 -1.62988157462288275 -4.42887747937898713
-0.76538399747432451 0.26382874649090071 -4.41764994315257642
-0.87444799094124892 -0.06703672025652085 -4.42124602036549952
-0.76589206876927984 -1.21710946447089108 -4.46035124633566049
0.09325545468587915 -0.5744505615031007 -4.4603263570067746
0.0221445761094014 -0.76759121427792831 -4.45219661610722373
-0.03444672330935332 -1.31130003493960334 -4.46763914609629165
-0.22053192389529236 0.15564249903689042 -4.44991021855896562
-0.23155329261945215 0.25191838844620412 -4.46736114430819953
-0.36497831018828542 -1.58710018367745587 -4.444424714063822
-0.43227175621176739 -1.61288270290709845 -4.44004123351549929
-0.48196059063523433 -1.6495119924980175 -4.4580169017743696
-0.56046991481935382 0.30145771191404169 -4.48198564824791301
-0.68999426313970169 0.36354118909286426 -4.45783009029365562
-0.65331601072538947 0.31595567768731136 -4.4319988531206187
-0.65643032798673262 -1.64222645000593093 -4.45589793584380622
-0.68181106839746131 0.22949841909034385 -4.46624433618366279
-0.72847402319327348 -1.39945115958459931 -4.45773283231771078
-0.77933979693641631 0.13725440650961043 -4.43298144568189745
-0.76673296108216693 -1.16384840421954339 -4.45489549504991977
-0.8856019190050316 0.04418597290254721 -4.43660228387363986
-0.84445250920252435 -0.28833987180327869 -4.44589971990090405
0.0625015022089789 -0.70153618940512796 -4.47428172446195482
0.0084293055029371 -1.20419543644840155 -4.46793562015196599
0.03467546325535187 -0.92005810081412953 -4.47473039846972398
-0.03381477986557925 -0.27378343638636476 -4.49575238520079434
-0.079325840723893 -1.19108933502372993 -4.47426197010168991
-0.12528023040782243 -1.24734049901320243 -4.48496532868599296
-0.16403252724900938 0.00566322172334894 -4.47900457019862319
-0.30266821848794062 -1.5879110817715989 -4.4708447688130537
-0.33511312503442509 -1.51625965189001222 -4.464065533174705
-0.47040277931256141 -1.55582660487067415 -4.4537379325544082
-0.58580002657473973 0.16401637439457062 -4.4739691182256287
-0.73186537308884414 0.07930727528832253 -4.48750752589971835
-0.75114343853622378 -1.13130153035671621 -4.50980539720261486
-0.86112044067315319 -1.02504467669763177 -4.46586245801406356
-0.83343389446148697 -0.11056323094010947 -4.48562421924822541
-0.86019323408018566 -0.20069674951959399 -4.47676518305230253
-0.81871029138277751 -0.83142754827193022 -4.48834408681750396
-0.92215131837872155 -0.88155951007650202 -4.47934546743653961
-0.94554308933736009 -0.54579815245484875 -4.48841523807984899
-0.98864890187886634 -0.70805765079206517 -4.47427987566982122
-0.05028258045188039 -0.22880394907401214 -4.51835258908965631
-0.07721317323979232 -0.60418946386768879 -4.4862521054224116
-0.02733700797550866 -0.52897597757351078 -4.49927456235122669
-0.10774663888568259 -0.42848107694101328 -4.49409956508110842
-0.19472786967510236 -1.41061196562396352 -4.48061838338899587
-0.22669377789136239 -1.3380199465393241 -4.4865158453483156
-0.32150821483787523 0.00924521775346026 -4.50385575556274542
-0.31136618017209444 0.0949383711566591 -4.52430203655816232
-0.39928508997485523 0.21013077941689115 -4.52860265355039804
-0.37599458529477026 -1.53486152640141116 -4.48489142119352735
-0.42168636793312525 -1.57318137965322058 -4.47201913705510812
-0.50629792356868675 -1.46340460949486073 -4.50187404446716499
-0.62370030251483255 -1.34442329409612271 -4.47836801555031716
-0.52572644243277467 0.18205931170326367 -4.51741917565191553
-0.70252179307811702 -1.19737373602518216 -4.48850361374669404
-0.75742495450021863 -0.39952199526740179 -4.49222814241074531
-0.83392161501426143 -0.94541075568749544 -4.49281358190037317
-0.02098719522286882 -1.05261095021708684 -4.51296650159718737
-0.08540461358983052 -0.77040996856341937 -4.50670347051918885
-0.12540196005844079 -0.18894410882826329 -4.54082160246421385
-0.16631015681701264 -0.60824616704114831 -4.52935919458898351
-0.13847205981571931 -0.41974340382319403 -4.51243164193745194
-0.13332624985430305 -1.19155240181165256 -4.53415246281365647
-0.20866326652545109 -1.22821450314890401 -4.50999954623270671
-0.26620116502632318 -1.33189487524960049 -4.53055616224071933
-0.4950583464595727 0.02832107555211336 -4.50581425960091408
-0.58532958784977529 -1.34519161361864281 -4.51892426325912844
-0.54156124492023916 -0.01281999349970015 -4.53245678693493925
-0.65416831842754763 -1.26023323351365546 -4.48875021807613983
-0.61767563188432406 -1.17570671376521663 -4.50787301716193145
-0.79967737001536021 -0.49801039506547051 -4.51815319502494628
-0.84514576195215874 -0.75290778661165547 -4.52876523815936061
-0.90400267822571656 -0.72026334024157945 -4.51933326166474991
-0.08318835805329154 -0.9876793494814835 -4.56128819811018804
-0.11802504851649839 -0.34974685950767881 -4.53568117247959179
-0.20015417566666849 -0.47110797474330124 -4.52406037310939979
-0.21070703884867781 -0.39443140417337391 -4.516091097159598
-0.27356212114854084 -0.0859565537912266 -4.52747367508491561
-0.27442160667851323 -0.29992714894004319 -4.51964348254868575
-0.35103999464811353 -0.11693071730279929 -4.51813500728751727
-0.40572377364525775 -0.03717825820409407 -4.52059975207491149
-0.48826607257489191 -0.12748613964462494 -4.51637253455710219
-0.44861695144298142 -0.17878587059024756 -4.53301859370095528
-0.46072407450980379 0.05854487360405042 -4.5345134085592198
-0.58848096851685106 -1.27177447689529055 -4.53459073302201254
-0.64546073765295175 -0.05276113921499564 -4.54435283523204259
-0.69326247073039293 -1.16367516345074051 -4.52178440634974255
-0.74109052607859105 -0.50491675974771411 -4.5186667635514226
-0.69025848552998592 -0.42682314582454384 -4.53100103149118727
-0.74348131772511938 -0.65283639265403515 -4.52012558424028654
-0.72758086434734948 -0.37277294978721615 -4.54237729178771854
-0.72548930406973855 -0.26466236234430901 -4.56052147540476938
-0.09052931060591345 -1.06888963818518024 -4.56323329623913398
-0.22398479599441334 -0.77567224199885243 -4.56443499601834635
-0.17671525084310688 -0.30648899333278368 -4.55410134472028449
-0.18201506261634737 -1.14494313047850915 -4.56227729558671236
-0.24100160666628742 -0.62630068363658942 -4.53719692549103915
-0.32493854942433326 -1.0891474403354211 -4.5356314299062328
-0.3150181381514493 -1.35631931947379414 -4.54073419596990924
-0.2984513443048365 -1.27030130223175952 -4.54336180411068824
-0.14436530865046637 -0.25511247307430535 -4.55744880724282986
-0.43500254058894833 -0.33003215246104206 -4.55365595717107219
-0.40443406545931976 0.0511551064338941 -4.54559884682642501
-0.46945804770519667 -1.39743655602316008 -4.55394266528699543
-0.56854076200195358 -0.3187108177830259 -4.5373562031474215
-0.51897170131293224 -0.10460939542988555 -4.53890879123170787
-0.54741145120910906 -1.08060596363374173 -4.5391334524829956
-0.6304290131538911 -1.12587497921939894 -4.5496495287618135
-0.62968657789386773 -0.39929080084584212 -4.53830966329671348
-0.71204596814884613 -0.12766046133740511 -4.54926623495976212
-0.68203559334023978 -0.49689157464796702 -4.54416131822568392
-0.68208605124033594 -0.60583281891784624 -4.5442554440965468
-0.73365839705335445 -0.78636187723271966 -4.54059116117661521
-0.68808781177780598 -1.06291113581758156 -4.56799832535235595
-0.68220732199338852 -0.99702524813143489 -4.5784732426842325
-0.81712371036659603 -0.63474275033970617 -4.53849381163071008
-0.29104915699016137 -1.01275763853398493 -4.57867111852659914
-0.26060955722935975 -0.58377079242955265 -4.58133965221065953
-0.24208614807009499 -0.4688975916318292 -4.56874432046458523
-0.31508965904411579 -0.74144831350587281 -4.55556798152155729
-0.4103333366110844 -1.12021975515874495 -4.54863539987983589
-0.38474662974210871 -0.82394109895112344 -4.55316092777686787
-0.38632900529211356 -0.89645169943295722 -4.55896977965631311
-0.45696185798937367 -1.33827886512042071 -4.5684740397470387
-0.49851347544526148 -0.92698559897522936 -4.55370547444159968
-0.49868965918541991 -0.81476485746410798 -4.55147199337257646
-0.58869839559549675 -0.4448062701766648 -4.57619714459232352
-0.50942007806359169 -1.13058747420286698 -4.55107574031977702
-0.59731614613943063 -0.77729554789751398 -4.56000016026683674
-0.59980962769303747 -0.65350793627791959 -4.54300649654908284
-0.59453770883254853 -0.26333851541855119 -4.56837268274686092
-0.66083979602015508 -0.35786178865900964 -4.5673168360107681
-0.64237093218046226 -0.50460018835800957 -4.54534526262854754
-0.31969392472352948 -0.8496289957843417 -4.58033594506015529
-0.35223886826539019 -0.71148817360463346 -4.60287850958531841
-0.44116613499796958 -0.8266126108723999 -4.56756018348785986
-0.52928526096066164 -0.68790779905105481 -4.59217508317585388
-0.48879629389149259 -0.50413373424233587 -4.6068488890830297
-0.54958346282357806 -0.92826988188143089 -4.58556577787269237
-0.58354186959707488 -1.02668990666576998 -4.58423721247139415
-0.59128641254407954 -0.5366024482384103 -4.5874024312378312
-0.66504080202245142 -0.23644670591406131 -4.57360085529444316
-0.19244491612278591 -1.00719308332591106 -4.58871523348809518
-0.37511605191717112 -0.54437532736102323 -4.61558670781268177
-0.34682861723656577 -0.63473497547685709 -4.61768379017722719
-0.44451927144373343 -0.65451627882965824 -4.62571303884201512
3 0 1 2
3 1 3 2
3 0 2 4
3 5 4 2
3 5 2 6
3 2 3 6
3 1 7 3
3 4 5 8
3 3 9 10
3 3 10 6
3 5 6 11
3 12 13 16
3 12 16 14
3 15 14 17
3 17 14 18
3 14 16 18
3 19 0 4
3 20 4 8
3 23 21 24
3 21 22 24
3 22 25 24
3 11 6 10
3 24 25 28
3 24 30 29
3 24 28 30
3 26 27 31
3 32 33 12
3 12 33 13
3 12 14 15
3 34 12 15
3 35 36 37
3 13 38 16
3 39 7 1
3 16 19 18
3 19 1 0
3 7 40 3
3 3 40 9
3 17 18 42
3 42 18 20
3 18 19 20
3 44 41 45
3 42 46 45
3 20 19 4
3 42 20 46
3 44 45 47
3 46 20 8
3 44 47 43
3 47 45 49
3 45 46 49
3 46 8 49
3 43 47 50
3 49 8 22
3 9 48 10
3 47 49 51
3 49 22 21
3 5 11 52
3 26 53 27
3 53 54 27
3 54 55 27
3 28 25 56
3 11 10 57
3 23 24 29
3 27 55 58
3 60 61 35
3 32 12 34
3 33 59 13
3 62 60 35
3 35 61 36
3 62 35 37
3 36 63 37
3 16 38 19
3 38 39 19
3 7 65 40
3 67 66 43
3 15 17 41
3 19 39 1
3 41 17 42
3 66 41 44
3 43 66 44
3 41 42 45
3 40 68 9
3 9 68 48
3 71 69 72
3 69 70 73
3 73 70 74
3 69 73 72
3 75 43 50
3 72 73 76
3 8 5 52
3 10 48 78
3 49 77 51
3 8 25 22
3 8 52 25
3 50 47 79
3 79 47 51
3 77 49 21
3 78 53 26
3 23 77 21
3 25 52 56
3 78 57 10
3 52 11 57
3 57 78 80
3 78 26 80
3 56 52 57
3 56 57 80
3 80 26 31
3 56 81 28
3 30 28 82
3 31 27 83
3 27 58 83
3 81 84 85
3 32 87 33
3 87 88 33
3 88 59 33
3 90 62 65
3 34 15 64
3 65 62 37
3 38 89 39
3 15 41 64
3 39 65 7
3 66 64 41
3 36 91 92
3 65 37 68
3 68 37 63
3 63 36 92
3 40 65 68
3 93 70 69
3 63 92 68
3 68 71 48
3 92 69 71
3 48 94 78
3 53 95 54
3 95 72 76
3 78 94 53
3 54 96 55
3 97 23 29
3 55 96 58
3 56 80 98
3 56 98 81
3 80 31 99
3 58 96 100
3 82 28 101
3 28 81 101
3 81 98 84
3 86 81 85
3 85 84 102
3 103 86 85
3 60 106 61
3 107 87 32
3 59 108 13
3 34 107 32
3 13 108 38
3 108 89 38
3 108 110 89
3 110 90 89
3 90 60 62
3 61 111 36
3 109 34 64
3 89 90 39
3 90 65 39
3 111 91 36
3 66 67 64
3 91 93 69
3 93 112 70
3 67 43 75
3 68 92 71
3 71 95 94
3 48 71 94
3 71 72 95
3 94 95 53
3 95 114 54
3 95 76 114
3 73 74 115
3 73 115 76
3 54 114 96
3 79 51 97
3 79 97 116
3 51 77 97
3 97 29 117
3 98 80 99
3 84 98 99
3 58 100 119
3 29 30 118
3 30 82 118
3 86 101 81
3 83 58 119
3 84 121 102
3 103 85 123
3 85 102 123
3 102 122 123
3 104 124 105
3 106 126 61
3 105 125 110
3 104 105 108
3 127 128 129
3 108 105 110
3 129 107 34
3 61 126 111
3 34 109 129
3 130 109 64
3 64 67 130
3 92 91 69
3 67 75 113
3 74 70 133
3 75 50 134
3 50 135 134
3 114 76 136
3 50 79 135
3 135 79 116
3 77 23 97
3 116 139 138
3 116 97 139
3 138 139 140
3 96 137 100
3 97 117 141
3 31 83 99
3 29 118 117
3 120 82 101
3 119 100 142
3 84 99 121
3 118 82 120
3 120 101 86
3 120 86 103
3 121 143 102
3 102 143 122
3 144 103 123
3 104 145 124
3 124 146 105
3 105 146 125
3 147 148 127
3 148 128 127
3 59 104 108
3 128 107 129
3 107 149 87
3 110 125 90
3 150 127 129
3 90 125 60
3 151 150 129
3 151 129 109
3 152 151 131
3 151 109 131
3 152 131 132
3 91 153 93
3 131 109 130
3 131 130 113
3 113 130 67
3 132 131 156
3 156 131 113
3 112 155 70
3 70 155 133
3 156 113 75
3 75 134 157
3 74 133 115
3 158 134 138
3 158 138 159
3 134 135 138
3 76 115 160
3 138 135 116
3 114 136 96
3 96 136 137
3 161 159 138
3 161 138 140
3 139 97 163
3 97 141 163
3 117 118 164
3 120 103 144
3 145 165 124
3 128 148 166
3 145 104 59
3 128 166 149
3 167 147 127
3 128 149 107
3 149 166 88
3 149 88 87
3 168 59 88
3 60 125 106
3 170 150 151
3 126 169 111
3 152 170 151
3 111 171 153
3 154 152 132
3 111 153 91
3 172 132 156
3 173 172 157
3 172 156 157
3 157 156 75
3 158 157 134
3 175 158 176
3 175 157 158
3 176 158 177
3 177 158 180
3 180 158 159
3 76 160 136
3 178 162 160
3 162 178 179
3 136 160 137
3 137 160 181
3 160 162 181
3 180 159 161
3 100 137 183
3 163 141 184
3 139 163 185
3 141 117 184
3 99 83 121
3 117 164 184
3 83 189 121
3 83 119 189
3 164 120 144
3 194 148 147
3 195 196 148
3 148 196 166
3 145 59 168
3 146 197 125
3 166 168 88
3 125 198 106
3 200 127 150
3 200 150 170
3 201 170 152
3 169 171 111
3 203 204 205
3 204 206 205
3 202 152 154
3 205 206 208
3 153 207 93
3 93 207 112
3 154 132 172
3 172 173 174
3 155 209 133
3 174 173 210
3 133 209 211
3 210 173 175
3 173 157 175
3 133 211 115
3 115 212 178
3 179 213 214
3 176 177 215
3 178 212 179
3 160 115 178
3 162 179 216
3 162 182 181
3 182 162 216
3 140 139 217
3 161 140 218
3 217 139 185
3 100 183 142
3 142 183 186
3 183 187 186
3 185 163 219
3 163 184 220
3 119 142 188
3 187 221 186
3 163 220 219
3 118 120 164
3 119 188 189
3 142 186 190
3 190 186 221
3 121 189 222
3 121 222 143
3 144 123 192
3 144 192 191
3 122 225 224
3 122 143 225
3 123 122 224
3 165 226 124
3 165 145 193
3 226 227 124
3 124 227 146
3 194 195 148
3 228 193 145
3 196 229 166
3 145 168 228
3 125 197 198
3 231 232 199
3 232 234 199
3 198 233 106
3 106 233 126
3 235 231 169
3 231 199 169
3 167 127 200
3 235 169 126
3 169 199 236
3 199 234 236
3 237 201 152
3 169 236 171
3 237 152 202
3 238 204 203
3 171 236 207
3 171 207 153
3 203 205 207
3 207 205 155
3 206 239 208
3 207 155 112
3 205 208 155
3 208 239 240
3 154 172 241
3 174 241 172
3 115 211 212
3 212 213 179
3 179 214 216
3 177 180 242
3 137 181 243
3 181 182 243
3 183 137 243
3 180 161 218
3 218 140 217
3 183 243 187
3 216 244 182
3 220 184 164
3 188 142 190
3 190 221 246
3 144 191 164
3 245 164 191
3 247 190 223
3 190 246 223
3 143 222 225
3 123 224 192
3 249 195 194
3 227 197 146
3 230 232 231
3 167 194 147
3 228 168 229
3 198 197 233
3 229 168 166
3 235 230 231
3 233 235 126
3 250 170 201
3 234 252 236
3 252 238 203
3 252 207 236
3 207 252 203
3 204 239 206
3 155 208 209
3 208 240 209
3 253 174 210
3 254 210 255
3 210 175 255
3 255 175 176
3 255 176 215
3 215 177 242
3 242 180 256
3 180 218 256
3 182 244 257
3 187 243 258
3 217 185 259
3 187 258 221
3 189 188 260
3 164 245 220
3 189 260 222
3 188 190 247
3 260 188 247
3 220 245 261
3 219 220 261
3 193 262 165
3 264 249 194
3 195 249 196
3 263 228 229
3 265 232 230
3 264 194 167
3 197 267 233
3 233 230 235
3 251 167 200
3 237 250 201
3 251 200 170
3 238 268 204
3 269 237 202
3 204 270 239
3 202 154 241
3 272 241 174
3 239 271 240
3 209 240 211
3 273 174 253
3 211 240 274
3 211 275 212
3 212 275 213
3 253 210 254
3 213 276 214
3 182 257 243
3 243 257 258
3 185 219 278
3 219 261 279
3 248 191 280
3 191 192 280
3 192 224 281
3 263 283 228
3 228 283 285
3 285 262 193
3 226 284 227
3 264 167 287
3 288 229 196
3 227 286 197
3 197 286 267
3 232 266 289
3 230 233 267
3 232 289 234
3 250 251 170
3 234 290 252
3 290 268 238
3 268 270 204
3 252 290 238
3 272 174 273
3 292 291 293
3 274 292 293
3 211 274 275
3 213 275 276
3 254 255 294
3 294 255 215
3 214 277 216
3 216 277 295
3 244 216 295
3 296 217 259
3 259 185 297
3 297 185 278
3 221 258 246
3 261 245 298
3 278 219 279
3 282 283 263
3 165 262 226
3 284 299 286
3 282 263 288
3 299 300 286
3 265 266 232
3 288 263 229
3 228 285 193
3 284 286 227
3 267 301 230
3 286 302 267
3 268 303 270
3 270 305 239
3 239 305 271
3 306 269 202
3 306 202 241
3 306 241 272
3 240 271 307
3 240 307 274
3 307 292 274
3 307 291 292
3 291 308 293
3 273 253 309
3 274 293 275
3 275 293 310
3 309 253 254
3 309 254 311
3 275 310 276
3 215 242 294
3 214 276 277
3 256 313 242
3 277 312 295
3 256 218 313
3 218 217 296
3 246 258 314
3 279 261 298
3 298 245 315
3 315 245 316
3 245 191 316
3 222 260 317
3 191 248 316
3 225 222 317
3 223 246 318
3 247 223 318
3 224 225 320
3 262 284 226
3 264 321 249
3 230 301 265
3 300 302 286
3 288 196 249
3 287 167 322
3 167 251 322
3 234 289 290
3 304 251 250
3 304 250 237
3 323 237 269
3 326 324 273
3 324 272 273
3 291 327 308
3 326 273 309
3 293 308 328
3 254 294 329
3 294 242 330
3 242 331 330
3 331 242 313
3 257 244 332
3 218 296 313
3 317 260 333
3 260 247 333
3 278 279 334
3 298 315 319
3 335 225 317
3 320 225 335
3 192 281 280
3 336 337 299
3 282 338 283
3 337 300 299
3 283 339 285
3 299 284 336
3 321 342 249
3 343 262 285
3 262 340 284
3 287 321 264
3 302 301 267
3 341 289 266
3 344 322 251
3 344 251 304
3 345 344 304
3 290 303 268
3 345 304 323
3 323 304 237
3 269 306 323
3 305 325 271
3 324 306 272
3 271 325 346
3 271 346 307
3 346 291 307
3 326 309 347
3 347 309 311
3 293 328 310
3 311 254 329
3 329 294 348
3 348 294 330
3 330 331 350
3 350 331 351
3 257 332 258
3 258 332 314
3 259 297 296
3 246 314 352
3 297 278 353
3 279 298 355
3 317 333 356
3 334 279 357
3 335 317 358
3 358 317 356
3 336 284 340
3 339 343 285
3 301 341 266
3 301 266 265
3 342 288 249
3 341 359 289
3 322 360 287
3 361 344 345
3 290 362 303
3 303 364 270
3 363 345 365
3 345 323 365
3 365 323 306
3 305 366 325
3 365 306 367
3 306 324 367
3 368 324 326
3 291 346 327
3 327 369 308
3 308 370 328
3 310 328 371
3 311 329 372
3 310 371 276
3 372 329 348
3 277 276 349
3 330 350 374
3 312 277 349
3 374 350 351
3 331 313 351
3 244 295 332
3 351 313 375
3 375 313 376
3 313 296 376
3 376 296 297
3 297 353 377
3 353 278 334
3 318 246 354
3 357 279 355
3 247 318 333
3 316 248 378
3 319 315 380
3 248 280 378
3 224 320 281
3 358 356 381
3 336 382 337
3 383 338 282
3 337 385 300
3 383 282 386
3 338 384 283
3 384 339 283
3 386 282 288
3 343 340 262
3 300 385 302
3 342 386 288
3 387 322 344
3 289 388 362
3 289 362 290
3 389 361 345
3 389 345 363
3 364 305 270
3 368 326 347
3 308 369 370
3 391 372 348
3 391 348 392
3 392 348 373
3 373 348 393
3 348 330 393
3 393 330 374
3 295 312 394
3 314 332 395
3 332 295 395
3 314 395 352
3 376 297 377
3 246 352 354
3 298 319 379
3 316 378 315
3 315 378 396
3 379 319 380
3 320 335 358
3 397 336 340
3 398 384 338
3 339 399 343
3 400 401 403
3 403 401 360
3 402 321 287
3 360 402 287
3 387 403 322
3 403 360 322
3 361 387 344
3 404 406 405
3 362 364 303
3 364 390 305
3 390 366 305
3 408 365 367
3 346 325 409
3 346 409 327
3 410 367 324
3 368 410 324
3 347 311 411
3 311 372 411
3 411 372 391
3 276 414 349
3 312 349 394
3 374 351 419
3 419 351 375
3 295 394 395
3 298 379 355
3 333 421 356
3 315 396 380
3 320 358 423
3 423 358 381
3 381 356 424
3 397 382 336
3 383 398 338
3 343 399 340
3 301 425 341
3 360 401 402
3 359 426 289
3 426 388 289
3 428 361 389
3 362 388 364
3 388 404 364
3 405 406 429
3 404 405 364
3 389 363 430
3 405 429 407
3 430 363 365
3 405 390 364
3 405 407 390
3 366 432 325
3 408 367 410
3 434 347 411
3 371 328 412
3 371 412 414
3 412 413 414
3 412 435 413
3 371 414 276
3 413 415 414
3 414 436 349
3 392 373 416
3 417 393 374
3 394 349 438
3 394 438 439
3 394 439 418
3 395 394 418
3 395 440 352
3 334 357 353
3 318 354 422
3 378 280 442
3 379 380 443
3 421 424 356
3 382 445 337
3 444 398 383
3 397 340 447
3 445 385 337
3 384 446 339
3 446 399 339
3 385 445 302
3 425 301 302
3 400 449 401
3 341 450 359
3 448 426 359
3 448 451 426
3 453 427 404
3 427 406 404
3 406 454 429
3 430 365 431
3 407 429 366
3 431 365 408
3 390 407 366
3 432 456 433
3 432 409 325
3 432 433 409
3 433 458 409
3 433 457 458
3 455 408 459
3 409 369 327
3 459 408 410
3 368 347 461
3 461 347 462
3 462 347 434
3 391 434 411
3 370 464 328
3 328 464 412
3 391 392 466
3 435 465 413
3 413 465 467
3 413 467 415
3 436 414 415
3 415 467 437
3 349 436 438
3 393 468 373
3 468 393 417
3 438 436 439
3 439 436 469
3 439 469 470
3 439 470 418
3 417 374 419
3 418 470 471
3 419 375 472
3 440 395 473
3 395 418 473
3 418 471 473
3 375 376 474
3 376 377 474
3 354 352 475
3 377 476 474
3 377 353 476
3 420 354 475
3 353 357 477
3 357 355 478
3 422 354 420
3 355 379 441
3 478 355 441
3 378 442 396
3 443 380 479
3 479 380 396
3 442 280 281
3 441 379 443
3 423 381 480
3 480 381 481
3 381 424 481
3 399 447 340
3 483 484 448
3 483 448 450
3 484 451 448
3 445 425 302
3 449 486 401
3 321 485 342
3 450 448 359
3 401 486 402
3 451 487 426
3 452 488 387
3 488 403 387
3 427 489 406
3 428 387 361
3 426 453 388
3 388 453 404
3 428 389 430
3 366 429 491
3 455 431 408
3 456 457 433
3 456 492 457
3 366 491 432
3 409 458 460
3 458 457 493
3 409 460 369
3 459 410 461
3 410 368 461
3 369 460 370
3 370 460 463
3 412 464 435
3 466 392 494
3 494 392 416
3 495 416 373
3 468 417 496
3 472 375 497
3 375 474 497
3 352 440 498
3 475 352 498
3 421 333 499
3 333 318 499
3 320 423 480
3 447 500 397
3 446 482 399
3 482 447 399
3 386 444 383
3 485 386 342
3 425 450 341
3 501 400 403
3 485 321 402
3 487 453 426
3 489 454 406
3 503 428 430
3 429 454 490
3 430 431 504
3 505 431 455
3 432 491 456
3 455 459 506
3 457 492 507
3 457 507 493
3 506 459 508
3 510 461 462
3 510 462 511
3 462 434 511
3 511 434 391
3 463 464 370
3 464 513 435
3 435 513 465
3 467 514 437
3 415 515 436
3 469 436 515
3 415 437 516
3 469 517 470
3 496 417 518
3 417 419 518
3 419 472 519
3 471 470 520
3 471 520 522
3 521 497 523
3 497 474 523
3 475 498 524
3 473 471 522
3 524 498 525
3 353 477 476
3 318 422 499
3 442 281 526
3 281 320 526
3 424 421 527
3 397 500 382
3 446 528 482
3 483 450 529
3 484 530 451
3 425 529 450
3 485 531 386
3 530 487 451
3 501 449 400
3 486 485 402
3 488 501 403
3 428 452 387
3 502 489 427
3 489 532 454
3 454 532 490
3 505 504 431
3 533 455 506
3 459 461 509
3 460 458 493
3 509 461 510
3 512 511 391
3 512 391 466
3 467 465 535
3 415 516 515
3 495 373 536
3 536 373 468
3 536 468 496
3 469 537 517
3 518 419 519
3 472 497 538
3 498 440 539
3 440 473 539
3 538 497 521
3 521 523 541
3 475 524 542
3 421 499 543
3 479 396 544
3 396 442 544
3 320 480 526
3 421 543 527
3 424 527 481
3 528 546 482
3 545 528 446
3 546 548 482
3 482 548 447
3 447 548 500
3 549 550 445
3 550 425 445
3 449 551 486
3 531 444 386
3 487 552 453
3 552 427 453
3 490 554 429
3 491 429 554
3 456 555 492
3 556 505 455
3 556 455 533
3 508 459 509
3 460 493 463
3 534 510 511
3 513 557 465
3 558 512 466
3 437 559 516
3 560 496 518
3 538 521 561
3 525 498 539
3 474 562 523
3 474 476 562
3 473 522 540
3 357 478 563
3 420 475 542
3 524 525 564
3 422 420 565
3 542 524 564
3 441 443 566
3 544 442 567
3 442 568 567
3 442 526 568
3 500 547 382
3 571 445 382
3 549 569 550
3 569 570 550
3 444 573 398
3 398 446 384
3 550 570 574
3 483 572 484
3 572 530 484
3 572 529 574
3 572 483 529
3 577 551 449
3 550 574 425
3 574 529 425
3 551 485 486
3 530 579 487
3 552 502 427
3 428 580 452
3 553 532 489
3 491 554 456
3 581 533 506
3 581 506 508
3 509 510 582
3 582 510 534
3 463 493 583
3 534 511 584
3 463 583 464
3 584 511 512
3 558 466 494
3 514 559 437
3 515 537 469
3 520 470 517
3 538 561 585
3 539 586 525
3 561 521 541
3 523 562 587
3 476 477 562
3 562 477 588
3 477 357 563
3 478 441 563
3 499 422 565
3 499 565 543
3 420 542 589
3 441 566 563
3 443 479 590
3 544 567 591
3 480 481 592
3 528 593 546
3 548 547 500
3 573 446 398
3 571 549 445
3 572 597 530
3 485 551 575
3 594 575 551
3 575 531 485
3 575 595 531
3 576 577 449
3 501 576 449
3 502 598 489
3 598 553 489
3 503 580 428
3 553 599 532
3 503 430 600
3 504 505 556
3 554 601 456
3 601 555 456
3 581 508 603
3 603 508 509
3 509 582 603
3 507 604 493
3 464 583 513
3 583 557 513
3 605 584 512
3 467 535 514
3 494 416 606
3 606 416 495
3 472 538 585
3 473 540 539
3 561 541 609
3 523 587 541
3 477 563 588
3 565 420 589
3 565 610 543
3 566 443 590
3 526 480 612
3 568 526 613
3 480 592 612
3 568 613 567
3 614 528 545
3 614 545 446
3 596 547 548
3 382 547 571
3 570 615 574
3 617 573 444
3 574 616 572
3 531 617 444
3 577 618 551
3 578 576 501
3 578 501 488
3 579 552 487
3 580 619 452
3 600 430 620
3 430 504 620
3 532 622 490
3 622 554 490
3 621 504 556
3 623 556 533
3 492 602 507
3 624 534 584
3 512 558 605
3 465 557 535
3 606 495 607
3 607 495 536
3 496 560 536
3 519 472 626
3 539 540 586
3 522 520 608
3 540 522 608
3 587 562 588
3 563 566 627
3 565 589 610
3 589 542 611
3 542 564 611
3 543 610 527
3 481 527 628
3 614 593 528
3 629 569 571
3 569 630 570
3 571 569 549
3 594 595 575
3 614 446 631
3 546 596 548
3 619 488 452
3 632 502 552
3 633 580 503
3 600 633 503
3 621 620 504
3 622 601 554
3 623 533 634
3 634 533 581
3 602 604 507
3 583 493 635
3 582 534 624
3 624 584 636
3 583 635 557
3 636 584 605
3 558 494 625
3 638 494 606
3 560 518 640
3 518 519 640
3 561 609 641
3 541 642 609
3 541 587 642
3 564 525 643
3 644 588 563
3 644 563 645
3 566 590 627
3 544 646 590
3 592 481 628
3 567 647 591
3 567 613 647
3 649 595 594
3 594 551 618
3 648 594 618
3 595 617 531
3 574 650 616
3 579 632 552
3 651 620 621
3 623 621 556
3 652 603 582
3 604 635 493
3 656 661 653
3 662 659 658
3 637 654 653
3 663 660 654
3 661 637 653
3 663 664 660
3 665 637 661
3 637 663 654
3 605 558 625
3 638 625 494
3 514 639 559
3 515 516 667
3 516 559 667
3 607 536 668
3 536 560 668
3 472 585 626
3 587 588 669
3 669 588 644
3 669 644 670
3 563 627 645
3 479 544 590
3 610 589 672
3 611 564 671
3 544 591 646
3 526 612 613
3 527 674 673
3 527 610 674
3 628 527 673
3 569 629 630
3 630 615 570
3 648 649 594
3 595 675 617
3 573 631 446
3 578 676 576
3 676 577 576
3 578 488 677
3 619 677 488
3 678 619 580
3 633 678 580
3 680 599 553
3 681 620 651
3 681 600 620
3 492 555 682
3 682 602 492
3 604 602 683
3 653 654 684
3 654 660 684
3 688 658 685
3 659 653 658
3 604 655 635
3 635 655 657
3 655 689 657
3 656 653 659
3 664 690 660
3 687 582 691
3 688 662 658
3 691 582 624
3 692 662 688
3 693 656 659
3 557 635 694
3 691 624 636
3 656 693 661
3 662 693 659
3 695 664 663
3 693 665 661
3 696 695 663
3 697 693 662
3 693 696 665
3 665 696 637
3 637 696 663
3 535 557 666
3 535 666 698
3 535 698 514
3 514 698 639
3 515 667 537
3 606 607 699
3 560 640 668
3 640 519 626
3 520 517 700
3 520 700 701
3 626 585 702
3 585 561 641
3 702 585 641
3 586 703 525
3 586 540 703
3 540 608 703
3 609 642 704
3 642 587 669
3 564 643 671
3 627 705 645
3 644 645 670
3 674 610 672
3 674 672 706
3 589 707 672
3 612 592 709
3 674 706 710
3 589 611 707
3 546 593 596
3 649 675 595
3 711 650 615
3 615 650 574
3 616 712 572
3 712 597 572
3 597 579 530
3 502 632 598
3 679 680 553
3 714 681 651
3 681 633 600
3 599 622 532
3 622 599 715
3 716 651 621
3 634 581 717
3 581 603 717
3 717 603 652
3 652 582 720
3 658 686 719
3 686 684 718
3 684 660 718
3 685 658 719
3 658 653 686
3 686 653 684
3 604 722 655
3 660 690 721
3 655 722 689
3 723 688 685
3 723 724 688
3 657 689 725
3 724 692 688
3 635 657 694
3 695 690 664
3 695 726 690
3 696 726 695
3 692 697 662
3 727 697 692
3 605 625 636
3 728 693 697
3 728 696 693
3 638 606 729
3 607 668 699
3 700 517 537
3 641 609 704
3 525 703 643
3 627 590 705
3 705 590 646
3 613 612 708
3 592 628 709
3 673 674 710
3 672 731 706
3 614 732 593
3 617 631 573
3 677 676 578
3 579 733 632
3 713 678 633
3 679 553 598
3 679 734 680
3 734 736 680
3 737 735 633
3 735 713 633
3 680 736 599
3 737 633 681
3 714 651 716
3 622 715 601
3 601 738 555
3 623 716 621
3 685 719 740
3 660 741 718
3 741 660 721
3 720 582 687
3 722 742 689
3 743 687 691
3 744 692 724
3 657 725 694
3 743 691 745
3 691 636 745
3 557 694 666
3 696 746 726
3 636 625 747
3 744 727 692
3 728 746 696
3 727 748 697
3 697 748 728
3 606 699 729
3 559 639 667
3 699 668 749
3 640 751 668
3 700 537 750
3 608 520 701
3 703 608 754
3 669 670 730
3 755 671 643
3 672 707 756
3 670 645 705
3 612 709 708
3 628 673 709
3 707 611 757
3 611 671 757
3 647 613 708
3 710 706 758
3 706 731 758
3 760 630 629
3 614 631 762
3 762 732 614
3 759 596 593
3 596 571 547
3 571 759 629
3 712 763 597
3 675 631 617
3 577 764 618
3 766 767 734
3 713 765 678
3 765 619 678
3 632 679 598
3 766 734 679
3 769 681 714
3 736 770 599
3 771 714 716
3 738 682 555
3 716 623 772
3 772 623 634
3 634 717 772
3 682 683 602
3 720 717 652
3 774 740 719
3 775 604 683
3 723 685 740
3 604 775 722
3 721 690 776
3 690 777 776
3 689 778 725
3 779 687 743
3 690 726 777
3 780 744 724
3 745 636 747
3 781 727 744
3 782 746 728
3 625 783 747
3 625 638 783
3 638 729 783
3 667 639 784
3 537 667 785
3 700 750 752
3 750 786 752
3 640 626 787
3 701 700 752
3 702 753 626
3 701 752 789
3 754 608 701
3 790 642 669
3 757 671 755
3 672 756 731
3 646 591 647
3 791 673 710
3 760 629 759
3 649 761 675
3 596 759 571
3 761 631 675
3 761 762 631
3 792 616 650
3 618 764 648
3 763 733 597
3 676 764 577
3 733 579 597
3 765 793 677
3 765 677 619
3 677 794 676
3 768 765 713
3 767 795 734
3 735 768 713
3 734 795 736
3 797 769 714
3 769 796 681
3 681 796 737
3 599 770 715
3 715 738 601
3 773 719 686
3 739 718 741
3 798 740 774
3 798 723 740
3 721 776 741
3 799 723 798
3 799 724 723
3 725 801 694
3 779 743 802
3 802 743 745
3 666 694 801
3 745 747 804
3 726 746 803
3 748 782 728
3 729 699 805
3 667 784 785
3 699 749 806
3 537 785 750
3 668 751 749
3 640 807 751
3 752 786 808
3 752 808 788
3 626 753 787
3 752 788 789
3 703 754 643
3 641 704 809
3 790 669 730
3 709 673 791
3 709 791 708
3 732 759 593
3 650 711 792
3 792 712 616
3 793 794 677
3 733 810 632
3 810 679 632
3 810 811 679
3 811 766 679
3 795 812 736
3 735 737 796
3 736 812 770
3 813 814 738
3 738 814 682
3 814 815 682
3 816 772 717
3 817 683 682
3 816 717 818
3 720 818 717
3 821 798 774
3 776 822 741
3 820 720 687
3 742 778 689
3 776 777 822
3 800 724 799
3 780 724 800
3 726 823 777
3 803 823 726
3 824 744 780
3 824 781 744
3 782 825 746
3 783 729 805
3 805 699 827
3 827 699 806
3 750 785 786
3 640 787 807
3 702 641 809
3 754 701 828
3 701 789 828
3 704 642 809
3 755 643 754
3 670 829 730
3 670 705 829
3 705 646 829
3 647 708 830
3 831 630 760
3 630 711 615
3 835 836 733
3 793 837 794
3 838 765 768
3 733 836 810
3 810 836 811
3 811 839 766
3 839 767 766
3 768 735 840
3 767 841 795
3 770 738 715
3 815 814 843
3 682 815 817
3 774 719 845
3 845 719 773
3 686 718 819
3 742 846 778
3 848 850 847
3 851 800 799
3 777 848 822
3 777 852 850
3 778 853 725
3 725 853 854
3 855 824 780
3 745 804 802
3 804 747 783
3 826 698 666
3 783 805 857
3 639 698 826
3 639 826 784
3 784 826 859
3 826 858 859
3 786 785 861
3 860 806 862
3 806 749 862
3 862 749 807
3 749 751 807
3 808 863 788
3 754 828 864
3 865 754 864
3 755 754 865
3 756 866 731
3 708 791 830
3 831 867 630
3 732 833 759
3 759 868 760
3 711 869 792
3 835 733 763
3 835 870 836
3 870 872 836
3 871 837 793
3 764 834 648
3 794 764 676
3 836 872 811
3 838 873 765
3 873 793 765
3 840 838 768
3 874 796 769
3 797 714 771
3 842 771 716
3 813 875 814
3 876 772 816
3 718 739 819
3 683 817 844
3 877 816 818
3 686 819 773
3 739 741 878
3 683 844 880
3 683 880 775
3 822 881 741
3 775 880 722
3 880 742 722
3 821 882 798
3 799 798 882
3 849 820 687
3 822 848 881
3 850 883 847
3 849 687 779
3 848 777 850
3 852 884 850
3 885 780 800
3 777 823 852
3 852 886 884
3 885 855 780
3 823 886 852
3 802 804 887
3 746 888 803
3 825 888 746
3 889 804 783
3 890 748 727
3 890 891 748
3 891 782 748
3 889 783 857
3 805 827 857
3 858 892 859
3 827 806 860
3 785 784 859
3 859 892 893
3 786 861 808
3 862 807 895
3 807 787 896
3 787 753 896
3 753 702 897
3 789 788 898
3 757 755 900
3 829 646 902
3 865 864 901
3 646 647 830
3 710 758 904
3 758 731 866
3 760 905 831
3 630 869 711
3 833 868 759
3 868 905 760
3 712 906 763
3 834 649 648
3 762 832 732
3 833 732 832
3 907 835 763
3 839 908 767
3 908 841 767
3 840 735 796
3 909 769 797
3 813 911 875
3 910 911 813
3 738 910 813
3 876 842 772
3 772 842 716
3 814 912 843
3 876 816 913
3 817 815 844
3 844 815 843
3 913 816 877
3 878 741 879
3 820 818 720
3 741 881 879
3 848 847 881
3 851 799 882
3 883 850 915
3 885 800 851
3 850 884 915
3 849 779 802
3 725 854 801
3 801 854 917
3 803 888 823
3 918 887 804
3 916 824 855
3 801 917 666
3 918 804 889
3 825 919 888
3 666 920 826
3 856 727 781
3 856 890 727
3 826 920 858
3 920 921 858
3 858 921 922
3 858 922 892
3 857 827 923
3 923 827 860
3 923 860 924
3 785 859 894
3 896 753 897
3 702 809 897
3 642 899 809
3 642 790 899
3 789 898 925
3 900 755 865
3 756 707 926
3 707 757 926
3 791 927 830
3 791 903 927
3 791 710 904
3 630 867 869
3 906 907 763
3 871 928 837
3 837 834 794
3 834 764 794
3 929 797 771
3 770 910 738
3 875 912 814
3 843 912 930
3 931 773 932
3 773 819 932
3 845 773 931
3 933 739 878
3 877 818 934
3 880 846 742
3 934 818 820
3 935 882 821
3 914 936 883
3 881 847 936
3 883 936 847
3 883 915 914
3 778 937 853
3 939 855 885
3 938 802 887
3 940 886 823
3 823 888 940
3 854 941 917
3 666 917 920
3 942 781 824
3 942 856 781
3 807 944 895
3 807 896 944
3 895 945 862
3 789 925 828
3 790 730 947
3 646 830 902
3 756 926 866
3 900 865 948
3 948 865 901
3 792 906 712
3 907 949 835
3 949 870 835
3 950 649 834
3 950 951 761
3 950 761 649
3 951 762 761
3 928 834 837
3 953 793 873
3 954 839 811
3 840 796 955
3 911 956 875
3 931 932 957
3 958 845 931
3 819 739 933
3 843 930 844
3 959 774 845
3 821 774 959
3 881 936 879
3 915 961 914
3 915 962 961
3 934 820 963
3 820 849 963
3 884 964 915
3 886 966 884
3 918 938 887
3 916 855 939
3 886 968 966
3 969 942 824
3 782 891 825
3 891 971 825
3 970 890 856
3 973 924 860
3 785 972 861
3 859 893 894
3 860 862 973
3 944 896 974
3 896 975 974
3 896 897 975
3 897 809 946
3 828 976 864
3 828 925 976
3 829 902 977
3 757 900 926
3 901 864 978
3 791 904 903
3 904 758 979
3 758 866 979
3 833 980 868
3 980 905 868
3 951 832 762
3 951 981 832
3 981 982 832
3 982 833 832
3 872 954 811
3 952 873 838
3 983 838 840
3 795 984 812
3 909 874 769
3 955 796 874
3 929 771 985
3 771 842 985
3 932 987 986
3 932 819 987
3 958 931 957
3 957 932 986
3 844 930 988
3 844 988 880
3 877 934 989
3 880 988 846
3 914 961 960
3 936 914 960
3 992 849 993
3 849 802 993
3 802 938 993
3 966 965 884
3 967 916 939
3 853 994 854
3 888 968 940
3 940 968 886
3 917 941 920
3 969 824 916
3 919 995 888
3 825 971 919
3 970 998 890
3 857 923 999
3 785 894 972
3 973 862 943
3 808 861 1000
3 943 862 945
3 975 897 1001
3 788 863 1002
3 788 1002 898
3 809 899 946
3 976 1003 864
3 947 730 829
3 902 830 1004
3 830 927 1005
3 866 926 1007
3 948 901 1008
3 1009 905 980
3 950 834 928
3 980 833 982
3 871 1010 928
3 981 1011 982
3 982 1011 980
3 872 1012 954
3 871 793 953
3 981 1013 1011
3 983 952 838
3 840 955 983
3 841 984 795
3 929 909 797
3 1015 910 770
3 957 1017 1016
3 876 985 842
3 957 986 1017
3 986 1018 1017
3 986 987 1018
3 876 913 1019
3 1020 958 957
3 819 1021 987
3 819 933 1021
3 959 845 958
3 913 877 989
3 878 879 990
3 930 1023 988
3 935 821 1024
3 879 936 960
3 960 961 1025
3 988 991 846
3 1027 882 935
3 851 882 1027
3 915 1028 962
3 846 937 778
3 849 992 963
3 915 964 1028
3 884 1029 964
3 884 965 1029
3 939 885 1030
3 938 918 1031
3 853 937 994
3 1031 918 1032
3 965 966 1033
3 1034 1033 966
3 968 1034 966
3 888 995 968
3 1035 918 889
3 920 941 921
3 921 996 922
3 942 1036 856
3 889 857 997
3 1036 970 856
3 922 1037 892
3 1038 970 1036
3 890 1039 891
3 998 1039 890
3 1038 998 970
3 1040 998 1038
3 863 808 1000
3 945 895 1041
3 895 944 1041
3 1001 897 946
3 1005 1043 1042
3 899 790 947
3 925 898 1002
3 1005 927 1043
3 927 1044 1043
3 977 902 1004
3 830 1005 1004
3 927 1006 1044
3 978 864 1003
3 927 903 1006
3 900 948 926
3 979 866 1007
3 1045 867 831
3 905 1045 831
3 869 1046 792
3 792 1046 906
3 1046 907 906
3 949 1047 870
3 1010 950 928
3 980 1048 1009
3 870 1012 872
3 951 1049 981
3 1011 1048 980
3 1050 981 1049
3 954 908 839
3 952 1014 873
3 1014 953 873
3 1050 1013 981
3 1051 1013 1050
3 1052 874 909
3 1016 1011 1013
3 1051 1016 1013
3 1017 1053 1011
3 1016 1017 1011
3 910 1015 911
3 956 1055 875
3 1018 1053 1017
3 1020 957 1051
3 957 1016 1051
3 875 1055 912
3 987 1056 1018
3 987 1021 1057
3 930 912 1022
3 1058 958 1020
3 930 1022 1023
3 1024 821 959
3 879 960 990
3 989 934 1060
3 1060 934 963
3 961 962 1025
3 962 1028 1025
3 1033 1029 965
3 1061 967 939
3 968 995 1034
3 995 1062 1034
3 922 996 1037
3 997 857 999
3 999 923 1065
3 1065 923 924
3 1066 1040 1036
3 1040 1038 1036
3 998 1067 1039
3 1040 1067 998
3 972 894 1069
3 1040 1043 1067
3 1070 1042 1066
3 1042 1040 1066
3 1042 1043 1040
3 944 974 1071
3 974 975 1071
3 1070 1005 1042
3 1001 946 1072
3 946 899 1072
3 1073 1004 1070
3 1070 1004 1005
3 977 1004 1073
3 926 1074 1007
3 926 948 1074
3 948 1008 1074
3 1045 905 1075
3 1009 1075 905
3 1047 1012 870
3 1048 1075 1009
3 1077 908 954
3 1011 1053 1048
3 1078 955 874
3 812 1054 770
3 1054 1015 770
3 1015 956 911
3 1056 1080 1053
3 1018 1056 1053
3 1019 985 876
3 1081 1020 1051
3 987 1057 1056
3 912 1082 1022
3 959 958 1058
3 933 878 1059
3 878 990 1059
3 1026 935 1024
3 960 1025 990
3 988 1023 991
3 1027 935 1026
3 1028 1084 1025
3 963 992 1086
3 1028 964 1084
3 1086 992 993
3 1087 885 851
3 1030 885 1087
3 1029 1088 964
3 1089 993 1090
3 993 938 1090
3 1090 938 1031
3 1062 1029 1033
3 1029 1062 1088
3 1034 1062 1033
3 1032 918 1035
3 967 1092 916
3 919 1063 995
3 1035 889 997
3 1093 942 969
3 1093 1036 942
3 891 1094 971
3 1039 1094 891
3 1039 1064 1094
3 1039 1067 1064
3 893 892 1095
3 972 1069 861
3 894 893 1095
3 1096 1064 1067
3 1041 944 1097
3 1067 1043 1096
3 1097 944 1071
3 1002 863 1000
3 975 1001 1071
3 1044 1096 1043
3 899 947 1072
3 1072 947 1098
3 947 829 1098
3 1044 1006 1096
3 1006 1100 1096
3 903 1101 1006
3 903 904 1101
3 1008 901 1102
3 867 1104 869
3 1045 1103 867
3 1046 949 907
3 1076 951 950
3 871 953 1010
3 1076 1049 951
3 1048 1105 1075
3 1106 1049 1076
3 1012 1077 954
3 1106 1050 1049
3 1052 1078 874
3 983 955 1107
3 1048 1053 1105
3 1053 1080 1105
3 984 1054 812
3 1108 909 929
3 1081 1051 1050
3 1109 985 1019
3 1058 1020 1081
3 1110 913 989
3 1025 1113 990
3 1023 1083 991
3 1023 1112 1083
3 1025 1084 1113
3 1114 1060 963
3 964 1085 1084
3 1087 851 1027
3 964 1115 1085
3 846 991 937
3 941 1116 921
3 1092 969 916
3 971 1117 919
3 1118 1036 1093
3 1118 1066 1036
3 1065 924 1119
3 892 1068 1095
3 1118 1070 1066
3 1069 1000 861
3 1096 1120 1064
3 945 1041 943
3 1002 1000 1121
3 977 1073 1123
3 1100 1122 1096
3 925 1002 1124
3 829 977 1099
3 1006 1101 1100
3 901 978 1102
3 904 979 1101
3 1103 1104 867
3 1126 950 1010
3 1127 841 908
3 1079 1052 909
3 984 1128 1054
3 1080 1129 1105
3 1108 1079 909
3 1081 1050 1106
3 929 985 1130
3 1056 1129 1080
3 1056 1057 1129
3 1055 1082 912
3 1131 1019 913
3 1059 1021 933
3 1132 959 1058
3 1131 913 1110
3 989 1060 1110
3 1133 1026 1024
3 1083 1112 1134
3 1083 1134 1135
3 1136 1027 1026
3 991 1083 1135
3 1085 1137 1084
3 1085 1115 1137
3 964 1139 1115
3 1140 1030 1087
3 1086 993 1089
3 1088 1139 964
3 937 1091 994
3 1030 1061 939
3 1031 1032 1090
3 1088 1062 1141
3 994 1116 854
3 941 854 1116
3 1116 996 921
3 1142 1032 1035
3 1037 996 1143
3 1094 1145 971
3 997 999 1144
3 1068 892 1037
3 1064 1120 1094
3 924 973 1119
3 1119 973 943
3 1069 894 1146
3 894 1095 1146
3 1147 1070 1118
3 1096 1122 1120
3 1041 1097 1148
3 1147 1073 1070
3 1147 1123 1073
3 1098 829 1099
3 1099 977 1123
3 976 925 1149
3 1104 1046 869
3 1103 1045 1075
3 1150 1076 950
3 1105 1151 1075
3 1150 1152 1076
3 1152 1106 1076
3 841 1153 984
3 1107 952 983
3 1078 1107 955
3 1105 1129 1151
3 1054 1154 1015
3 1015 1154 956
3 956 1154 1055
3 985 1109 1130
3 990 1111 1059
3 1024 959 1132
3 1156 963 1086
3 991 1138 937
3 1157 1137 1115
3 1116 1159 996
3 1063 1062 995
3 1035 997 1144
3 1160 1118 1093
3 1094 1120 1161
3 943 1041 1162
3 1100 1163 1122
3 1101 1164 1100
3 978 1003 1165
3 1074 1125 1007
3 1101 979 1164
3 979 1007 1166
3 1075 1167 1103
3 1151 1167 1075
3 1108 929 1130
3 1057 1169 1129
3 1170 1109 1019
3 1171 1058 1081
3 1021 1169 1057
3 1021 1172 1169
3 1171 1132 1058
3 990 1113 1111
3 1023 1173 1112
3 1173 1155 1112
3 1113 1084 1174
3 1114 963 1156
3 1084 1175 1174
3 1137 1175 1084
3 1136 1087 1027
3 991 1135 1138
3 1135 1176 1138
3 1115 1139 1157
3 1088 1177 1139
3 937 1178 1091
3 1089 1090 1179
3 1141 1180 1088
3 1158 1061 1030
3 1032 1179 1090
3 1158 967 1061
3 1181 1141 1062
3 1062 1063 1181
3 1182 969 1092
3 1182 1093 969
3 1117 1063 919
3 1145 1117 971
3 1184 1118 1160
3 1094 1161 1145
3 999 1065 1185
3 1065 1119 1185
3 1068 1186 1095
3 1148 1097 1187
3 1097 1071 1188
3 1189 1123 1147
3 1071 1001 1188
3 1189 1099 1123
3 1149 1003 976
3 925 1124 1149
3 1074 1190 1125
3 1074 1008 1190
3 978 1165 1102
3 979 1166 1164
3 1166 1007 1125
3 1047 1168 1012
3 1126 1150 950
3 1191 1010 953
3 1127 1153 841
3 1191 953 1014
3 1153 1128 984
3 1079 1193 1052
3 1195 1106 1152
3 1195 1081 1106
3 1154 1196 1055
3 1170 1019 1131
3 1021 1059 1172
3 1022 1173 1023
3 1133 1024 1132
3 1112 1155 1134
3 1135 1134 1176
3 1175 1137 1157
3 1088 1180 1177
3 1199 994 1091
3 1199 1116 994
3 1116 1199 1159
3 1202 967 1158
3 1159 1200 1203
3 1182 1160 1093
3 1117 1183 1063
3 1069 1146 1204
3 1184 1147 1118
3 1069 1204 1000
3 1120 1122 1163
3 1097 1188 1187
3 1002 1121 1205
3 1098 1099 1189
3 1100 1164 1163
3 1008 1102 1190
3 1104 949 1046
3 1168 1077 1012
3 1191 1126 1010
3 1207 1150 1126
3 1077 1208 908
3 1208 1127 908
3 1192 1014 952
3 1193 1078 1052
3 1108 1194 1079
3 1154 1210 1196
3 1196 1082 1055
3 1170 1197 1109
3 1195 1171 1081
3 1059 1211 1172
3 1082 1212 1022
3 1213 1132 1171
3 1133 1132 1213
3 1113 1215 1111
3 1136 1026 1133
3 1174 1175 1216
3 1139 1217 1157
3 1138 1178 937
3 1218 1086 1089
3 1219 1030 1140
3 1158 1030 1219
3 1199 1201 1200
3 1089 1179 1220
3 1200 1159 1199
3 1032 1142 1179
3 1200 1221 1203
3 1202 1092 967
3 1159 1143 996
3 1182 1184 1160
3 1144 999 1222
3 1222 999 1223
3 1068 1224 1186
3 1119 943 1162
3 1225 1147 1184
3 1162 1041 1226
3 1227 1147 1225
3 1227 1189 1147
3 1228 1098 1189
3 1124 1002 1205
3 1125 1229 1166
3 1077 1168 1208
3 1206 1207 1126
3 1207 1233 1150
3 1127 1232 1153
3 1107 1192 952
3 1233 1152 1150
3 1079 1234 1193
3 1129 1235 1151
3 1194 1234 1079
3 1128 1154 1054
3 1236 1210 1154
3 1210 1236 1237
3 1108 1130 1209
3 1238 1195 1152
3 1239 1130 1109
3 1196 1210 1240
3 1169 1235 1129
3 1212 1173 1022
3 1110 1060 1214
3 1114 1214 1060
3 1241 1114 1156
3 1133 1198 1136
3 1216 1175 1243
3 1175 1157 1243
3 1242 1176 1134
3 1157 1217 1243
3 1139 1245 1217
3 1218 1089 1220
3 1180 1246 1177
3 1201 1247 1200
3 1220 1179 1248
3 1200 1247 1221
3 1159 1203 1143
3 1203 1221 1249
3 1250 1092 1202
3 1250 1182 1092
3 1251 1142 1035
3 1251 1035 1144
3 1253 1184 1182
3 1037 1252 1068
3 999 1185 1223
3 1186 1254 1095
3 1121 1000 1255
3 1188 1001 1256
3 1001 1072 1256
3 1228 1189 1227
3 1149 1165 1003
3 1149 1124 1257
3 1164 1258 1163
3 1190 1102 1259
3 1102 1165 1259
3 1231 949 1104
3 1103 1230 1104
3 949 1260 1047
3 1167 1230 1103
3 1260 1168 1047
3 1151 1261 1167
3 1263 1262 1014
3 1262 1191 1014
3 1192 1263 1014
3 1193 1264 1078
3 1078 1192 1107
3 1238 1152 1233
3 1235 1261 1151
3 1153 1265 1128
3 1128 1265 1266
3 1209 1194 1108
3 1128 1266 1154
3 1240 1267 1196
3 1196 1267 1082
3 1172 1268 1169
3 1213 1171 1195
3 1059 1111 1269
3 1270 1114 1241
3 1270 1214 1114
3 1216 1271 1174
3 1272 1087 1244
3 1244 1087 1136
3 1139 1177 1245
3 1178 1273 1091
3 1273 1199 1091
3 1246 1274 1177
3 1199 1273 1201
3 1179 1142 1248
3 1143 1252 1037
3 1250 1253 1182
3 1145 1275 1117
3 1161 1275 1145
3 1161 1276 1275
3 1253 1225 1184
3 1120 1276 1161
3 1119 1162 1277
3 1204 1255 1000
3 1146 1095 1254
3 1041 1148 1226
3 1163 1276 1120
3 1163 1278 1276
3 1205 1121 1255
3 1256 1072 1098
3 1163 1258 1278
3 1149 1257 1165
3 1257 1124 1205
3 1164 1166 1258
3 1190 1259 1279
3 1190 1279 1125
3 1280 1281 1232
3 1191 1206 1126
3 1127 1208 1232
3 1232 1281 1153
3 1281 1282 1153
3 1282 1265 1153
3 1264 1192 1078
3 1237 1283 1210
3 1209 1130 1239
3 1210 1283 1240
3 1284 1239 1109
3 1284 1109 1197
3 1169 1268 1235
3 1240 1285 1267
3 1082 1267 1212
3 1211 1268 1172
3 1131 1110 1286
3 1286 1110 1214
3 1113 1174 1215
3 1271 1216 1243
3 1244 1136 1198
3 1138 1176 1178
3 1272 1140 1087
3 1201 1288 1247
3 1289 1158 1219
3 1141 1290 1180
3 1142 1251 1248
3 1181 1291 1141
3 1292 1253 1250
3 1063 1183 1181
3 1251 1144 1293
3 1117 1275 1183
3 1252 1224 1068
3 1224 1294 1186
3 1146 1254 1295
3 1187 1188 1256
3 1296 1227 1225
3 1228 1227 1296
3 1205 1255 1298
3 1255 1297 1298
3 1229 1125 1279
3 1280 1232 1208
3 1281 1299 1282
3 1206 1233 1207
3 1234 1264 1193
3 1282 1300 1265
3 1301 1194 1209
3 1266 1236 1154
3 1302 1284 1197
3 1302 1197 1170
3 1131 1303 1170
3 1059 1269 1211
3 1306 1133 1213
3 1155 1287 1134
3 1306 1198 1133
3 1287 1242 1134
3 1086 1218 1156
3 1308 1156 1218
3 1178 1176 1310
3 1311 1218 1220
3 1290 1141 1291
3 1251 1312 1248
3 1293 1144 1222
3 1276 1314 1275
3 1185 1119 1223
3 1119 1277 1223
3 1315 1225 1253
3 1162 1226 1277
3 1296 1225 1315
3 1257 1205 1317
3 1317 1205 1298
3 1166 1318 1258
3 1231 1260 949
3 1167 1320 1230
3 1261 1320 1167
3 1260 1208 1168
3 1321 1206 1191
3 1322 1233 1206
3 1322 1238 1233
3 1265 1300 1266
3 1324 1234 1194
3 1325 1236 1266
3 1326 1239 1284
3 1326 1284 1302
3 1328 1195 1238
3 1303 1302 1170
3 1305 1213 1195
3 1131 1286 1303
3 1211 1269 1329
3 1286 1214 1331
3 1111 1215 1269
3 1214 1270 1331
3 1213 1305 1306
3 1243 1332 1271
3 1243 1217 1332
3 1241 1156 1308
3 1217 1307 1332
3 1245 1309 1307
3 1245 1307 1217
3 1176 1242 1310
3 1140 1272 1334
3 1273 1288 1201
3 1246 1335 1274
3 1246 1180 1335
3 1337 1250 1202
3 1203 1338 1143
3 1203 1249 1338
3 1183 1339 1181
3 1313 1253 1292
3 1275 1314 1183
3 1314 1276 1340
3 1315 1253 1313
3 1294 1341 1186
3 1255 1204 1342
3 1204 1146 1342
3 1146 1295 1342
3 1342 1297 1255
3 1226 1148 1316
3 1148 1187 1316
3 1228 1296 1343
3 1256 1098 1344
3 1165 1257 1346
3 1257 1317 1346
3 1259 1165 1346
3 1317 1298 1348
3 1279 1259 1347
3 1229 1318 1166
3 1229 1319 1318
3 1229 1279 1319
3 1280 1351 1281
3 1351 1299 1281
3 1300 1282 1299
3 1263 1192 1264
3 1352 1322 1206
3 1235 1353 1261
3 1324 1323 1234
3 1301 1324 1194
3 1237 1354 1283
3 1239 1301 1209
3 1283 1327 1240
3 1240 1327 1285
3 1305 1195 1328
3 1211 1329 1268
3 1303 1286 1330
3 1355 1173 1212
3 1355 1304 1173
3 1173 1304 1155
3 1330 1286 1331
3 1356 1270 1241
3 1244 1198 1357
3 1308 1218 1358
3 1358 1218 1311
3 1177 1359 1245
3 1334 1219 1140
3 1220 1248 1311
3 1336 1335 1180
3 1180 1290 1336
3 1360 1248 1312
3 1143 1338 1252
3 1251 1361 1312
3 1251 1293 1361
3 1339 1291 1181
3 1252 1362 1224
3 1222 1223 1364
3 1277 1365 1223
3 1186 1341 1254
3 1316 1187 1256
3 1278 1366 1276
3 1344 1098 1343
3 1098 1228 1343
3 1297 1345 1298
3 1278 1258 1366
3 1259 1346 1347
3 1348 1298 1345
3 1279 1347 1349
3 1230 1350 1104
3 1260 1367 1369
3 1320 1368 1230
3 1369 1208 1260
3 1208 1369 1280
3 1370 1191 1262
3 1300 1325 1266
3 1323 1264 1234
3 1261 1353 1320
3 1236 1371 1237
3 1372 1238 1322
3 1373 1239 1326
3 1328 1238 1372
3 1268 1353 1235
3 1374 1326 1302
3 1268 1375 1353
3 1268 1329 1375
3 1376 1302 1303
3 1377 1303 1330
3 1304 1287 1155
3 1378 1330 1331
3 1241 1308 1356
3 1307 1379 1332
3 1245 1380 1309
3 1178 1310 1381
3 1381 1273 1178
3 1245 1359 1380
3 1359 1177 1274
3 1382 1247 1288
3 1311 1248 1384
3 1384 1248 1360
3 1247 1383 1221
3 1221 1385 1249
3 1360 1312 1386
3 1292 1250 1337
3 1386 1312 1361
3 1252 1338 1362
3 1314 1363 1183
3 1293 1222 1387
3 1222 1364 1387
3 1277 1226 1365
3 1365 1226 1388
3 1366 1340 1276
3 1258 1318 1390
3 1319 1279 1391
3 1350 1231 1104
3 1230 1368 1350
3 1231 1392 1260
3 1392 1367 1260
3 1299 1394 1300
3 1370 1321 1191
3 1395 1263 1264
3 1321 1352 1206
3 1397 1324 1398
3 1397 1323 1324
3 1325 1399 1236
3 1399 1371 1236
3 1301 1398 1324
3 1301 1239 1373
3 1373 1326 1374
3 1374 1302 1376
3 1267 1285 1400
3 1267 1400 1212
3 1400 1355 1212
3 1304 1401 1287
3 1402 1306 1305
3 1270 1378 1331
3 1270 1356 1378
3 1174 1271 1403
3 1332 1405 1271
3 1404 1357 1198
3 1198 1306 1404
3 1332 1379 1405
3 1287 1333 1242
3 1307 1309 1379
3 1308 1406 1356
3 1333 1310 1242
3 1381 1288 1273
3 1408 1359 1274
3 1335 1408 1274
3 1247 1382 1383
3 1289 1202 1158
3 1336 1409 1335
3 1410 1292 1337
3 1291 1411 1290
3 1386 1361 1412
3 1339 1183 1363
3 1361 1293 1413
3 1293 1387 1413
3 1364 1223 1365
3 1226 1389 1388
3 1226 1316 1389
3 1258 1390 1366
3 1393 1351 1280
3 1369 1393 1280
3 1320 1416 1368
3 1394 1396 1300
3 1397 1395 1323
3 1395 1264 1323
3 1372 1322 1352
3 1371 1354 1237
3 1377 1376 1303
3 1355 1401 1304
3 1417 1305 1328
3 1417 1402 1305
3 1271 1405 1403
3 1309 1418 1379
3 1309 1380 1418
3 1419 1289 1219
3 1311 1384 1420
3 1289 1421 1202
3 1421 1337 1202
3 1422 1360 1386
3 1424 1313 1292
3 1424 1292 1410
3 1339 1423 1291
3 1362 1294 1224
3 1314 1425 1363
3 1314 1340 1425
3 1426 1387 1427
3 1387 1364 1427
3 1254 1341 1429
3 1366 1428 1340
3 1430 1343 1296
3 1431 1297 1342
3 1256 1344 1316
3 1344 1343 1430
3 1345 1297 1432
3 1346 1317 1433
3 1317 1348 1433
3 1348 1345 1433
3 1279 1349 1391
3 1415 1299 1351
3 1435 1436 1301
3 1436 1398 1301
3 1327 1437 1285
3 1437 1400 1285
3 1355 1438 1401
3 1269 1215 1439
3 1401 1440 1287
3 1441 1330 1378
3 1174 1403 1215
3 1418 1405 1379
3 1244 1407 1272
3 1308 1442 1406
3 1443 1272 1407
3 1308 1358 1442
3 1381 1382 1288
3 1359 1444 1380
3 1445 1219 1334
3 1408 1444 1359
3 1419 1219 1445
3 1419 1421 1289
3 1409 1408 1335
3 1420 1384 1360
3 1411 1336 1290
3 1338 1249 1446
3 1413 1387 1426
3 1363 1425 1447
3 1364 1365 1450
3 1448 1315 1313
3 1450 1365 1451
3 1365 1388 1451
3 1448 1296 1315
3 1388 1389 1451
3 1389 1316 1452
3 1342 1295 1431
3 1414 1345 1432
3 1346 1433 1453
3 1454 1392 1231
3 1456 1263 1395
3 1263 1370 1262
3 1320 1457 1416
3 1455 1395 1397
3 1300 1396 1399
3 1300 1399 1325
3 1397 1398 1458
3 1434 1435 1301
3 1373 1434 1301
3 1320 1353 1457
3 1374 1459 1373
3 1375 1460 1353
3 1377 1330 1461
3 1400 1437 1355
3 1355 1437 1438
3 1401 1438 1462
3 1401 1462 1440
3 1404 1306 1402
3 1407 1244 1357
3 1418 1465 1464
3 1418 1464 1405
3 1380 1465 1418
3 1358 1311 1442
3 1442 1311 1420
3 1408 1466 1444
3 1468 1421 1419
3 1336 1469 1409
3 1410 1337 1421
3 1221 1383 1385
3 1361 1413 1470
3 1446 1362 1338
3 1470 1413 1471
3 1413 1426 1471
3 1448 1313 1424
3 1425 1340 1428
3 1341 1294 1449
3 1364 1450 1427
3 1450 1451 1472
3 1451 1389 1452
3 1295 1254 1473
3 1346 1475 1347
3 1319 1391 1476
3 1350 1454 1231
3 1368 1477 1350
3 1455 1456 1395
3 1456 1370 1263
3 1458 1455 1397
3 1458 1398 1436
3 1479 1372 1352
3 1371 1478 1354
3 1353 1480 1457
3 1354 1481 1283
3 1353 1460 1480
3 1283 1482 1327
3 1461 1330 1483
3 1329 1269 1439
3 1483 1330 1463
3 1463 1330 1441
3 1215 1403 1484
3 1287 1440 1485
3 1485 1440 1486
3 1356 1406 1378
3 1378 1406 1487
3 1272 1443 1334
3 1442 1420 1488
3 1382 1467 1383
3 1408 1409 1466
3 1385 1489 1249
3 1412 1361 1490
3 1361 1470 1490
3 1423 1411 1291
3 1491 1470 1471
3 1363 1447 1339
3 1362 1492 1294
3 1493 1471 1426
3 1426 1427 1494
3 1427 1450 1495
3 1496 1296 1448
3 1341 1449 1429
3 1496 1430 1296
3 1451 1452 1497
3 1295 1473 1431
3 1254 1429 1473
3 1366 1390 1498
3 1414 1432 1474
3 1453 1475 1346
3 1347 1475 1349
3 1349 1499 1391
3 1392 1500 1367
3 1501 1299 1415
3 1416 1477 1368
3 1502 1503 1370
3 1503 1352 1321
3 1503 1321 1370
3 1459 1434 1373
3 1417 1372 1479
3 1417 1328 1372
3 1482 1437 1327
3 1438 1505 1462
3 1441 1378 1487
3 1485 1333 1287
3 1506 1357 1404
3 1506 1407 1357
3 1487 1406 1507
3 1406 1442 1507
3 1509 1508 1465
3 1380 1509 1465
3 1380 1444 1509
3 1381 1510 1382
3 1442 1488 1507
3 1511 1488 1420
3 1511 1420 1360
3 1409 1512 1466
3 1360 1422 1511
3 1469 1512 1409
3 1411 1469 1336
3 1386 1412 1514
3 1249 1489 1446
3 1490 1470 1491
3 1446 1492 1362
3 1491 1471 1493
3 1294 1492 1449
3 1494 1427 1495
3 1472 1451 1497
3 1366 1498 1428
3 1316 1344 1452
3 1344 1515 1452
3 1431 1432 1297
3 1318 1476 1390
3 1318 1319 1476
3 1433 1345 1517
3 1517 1345 1414
3 1393 1415 1351
3 1367 1393 1369
3 1501 1394 1299
3 1481 1482 1283
3 1519 1374 1376
3 1520 1377 1461
3 1520 1376 1377
3 1375 1329 1504
3 1329 1439 1504
3 1521 1402 1417
3 1463 1441 1522
3 1521 1404 1402
3 1403 1405 1523
3 1508 1464 1465
3 1333 1525 1310
3 1381 1310 1525
3 1381 1525 1510
3 1444 1466 1509
3 1526 1334 1443
3 1445 1334 1526
3 1424 1410 1527
3 1412 1490 1514
3 1426 1494 1493
3 1450 1472 1495
3 1515 1344 1430
3 1431 1473 1531
3 1516 1498 1390
3 1390 1476 1516
3 1349 1475 1499
3 1532 1454 1350
3 1350 1477 1532
3 1416 1457 1477
3 1518 1456 1455
3 1456 1502 1370
3 1458 1533 1455
3 1534 1352 1503
3 1479 1352 1534
3 1459 1374 1519
3 1536 1437 1482
3 1536 1438 1437
3 1215 1484 1439
3 1405 1464 1538
3 1441 1487 1539
3 1540 1487 1507
3 1540 1507 1541
3 1524 1443 1407
3 1525 1542 1510
3 1510 1542 1544
3 1542 1543 1544
3 1511 1422 1513
3 1410 1421 1468
3 1447 1545 1339
3 1429 1449 1528
3 1472 1497 1546
3 1529 1430 1496
3 1497 1452 1547
3 1530 1452 1515
3 1515 1430 1529
3 1473 1429 1528
3 1431 1531 1432
3 1433 1548 1453
3 1433 1517 1548
3 1391 1499 1476
3 1454 1500 1392
3 1549 1436 1435
3 1459 1535 1434
3 1519 1376 1550
3 1504 1460 1375
3 1536 1537 1438
3 1551 1520 1461
3 1537 1505 1438
3 1462 1486 1440
3 1523 1405 1538
3 1487 1540 1539
3 1541 1507 1488
3 1466 1512 1554
3 1411 1556 1469
3 1557 1422 1386
3 1446 1558 1492
3 1446 1489 1558
3 1491 1493 1559
3 1561 1528 1449
3 1493 1494 1560
3 1472 1546 1495
3 1547 1452 1530
3 1528 1562 1473
3 1474 1432 1563
3 1414 1474 1564
3 1453 1565 1475
3 1367 1500 1393
3 1566 1415 1393
3 1568 1399 1396
3 1399 1568 1371
3 1568 1478 1371
3 1458 1436 1533
3 1569 1435 1434
3 1478 1481 1354
3 1569 1434 1535
3 1520 1550 1376
3 1505 1572 1462
3 1521 1506 1404
3 1522 1441 1539
3 1573 1525 1333
3 1573 1542 1525
3 1542 1574 1543
3 1464 1508 1552
3 1575 1508 1509
3 1466 1575 1509
3 1544 1543 1576
3 1511 1553 1488
3 1510 1467 1382
3 1445 1468 1419
3 1383 1467 1555
3 1527 1410 1468
3 1513 1422 1557
3 1557 1386 1514
3 1423 1578 1411
3 1514 1490 1579
3 1423 1339 1545
3 1527 1448 1424
3 1528 1561 1581
3 1546 1497 1547
3 1528 1581 1562
3 1531 1473 1582
3 1473 1562 1582
3 1414 1564 1517
3 1453 1548 1565
3 1500 1566 1393
3 1501 1567 1394
3 1567 1396 1394
3 1456 1584 1502
3 1533 1518 1455
3 1585 1459 1519
3 1534 1417 1479
3 1482 1481 1570
3 1551 1571 1520
3 1439 1484 1586
3 1587 1463 1522
3 1403 1523 1588
3 1462 1589 1486
3 1523 1538 1590
3 1592 1539 1540
3 1575 1552 1508
3 1541 1488 1594
3 1466 1593 1575
3 1488 1553 1594
3 1510 1544 1595
3 1595 1544 1576
3 1510 1595 1467
3 1577 1556 1411
3 1596 1489 1385
3 1558 1489 1596
3 1491 1580 1490
3 1447 1425 1545
3 1425 1428 1597
3 1598 1496 1448
3 1598 1529 1496
3 1432 1531 1563
3 1563 1531 1582
3 1499 1475 1565
3 1566 1501 1415
3 1583 1532 1477
3 1567 1568 1396
3 1518 1584 1456
3 1535 1459 1585
3 1571 1550 1520
3 1602 1551 1461
3 1602 1461 1483
3 1483 1463 1604
3 1603 1521 1417
3 1403 1588 1484
3 1588 1523 1590
3 1590 1538 1591
3 1485 1486 1589
3 1485 1573 1333
3 1573 1574 1542
3 1526 1443 1605
3 1466 1554 1593
3 1555 1385 1383
3 1606 1514 1579
3 1490 1580 1579
3 1545 1578 1423
3 1580 1491 1559
3 1449 1492 1607
3 1559 1493 1608
3 1495 1546 1609
3 1516 1610 1498
3 1476 1599 1516
3 1517 1564 1611
3 1517 1611 1548
3 1454 1532 1612
3 1457 1583 1477
3 1613 1549 1435
3 1457 1480 1600
3 1550 1585 1519
3 1460 1614 1480
3 1601 1417 1534
3 1504 1614 1460
3 1482 1615 1536
3 1615 1537 1536
3 1603 1417 1601
3 1439 1586 1504
3 1537 1572 1505
3 1616 1522 1592
3 1522 1539 1592
3 1589 1573 1485
3 1407 1506 1617
3 1617 1524 1407
3 1464 1552 1538
3 1552 1618 1538
3 1540 1541 1619
3 1575 1618 1552
3 1524 1605 1443
3 1575 1593 1618
3 1543 1621 1576
3 1593 1554 1622
3 1595 1576 1623
3 1553 1511 1625
3 1624 1468 1445
3 1625 1511 1513
3 1527 1468 1626
3 1557 1514 1627
3 1578 1577 1411
3 1627 1514 1606
3 1558 1596 1628
3 1425 1629 1545
3 1425 1597 1629
3 1630 1448 1527
3 1561 1449 1607
3 1581 1561 1607
3 1598 1448 1630
3 1493 1560 1608
3 1494 1495 1609
3 1428 1498 1597
3 1530 1515 1632
3 1582 1562 1633
3 1563 1634 1474
3 1582 1635 1563
3 1474 1636 1564
3 1564 1636 1637
3 1611 1564 1637
3 1476 1499 1599
3 1583 1612 1532
3 1501 1638 1567
3 1638 1639 1568
3 1638 1568 1567
3 1600 1583 1457
3 1640 1478 1568
3 1533 1436 1641
3 1549 1641 1436
3 1569 1613 1435
3 1478 1642 1481
3 1481 1643 1570
3 1482 1570 1615
3 1604 1602 1483
3 1463 1587 1604
3 1572 1644 1462
3 1644 1589 1462
3 1587 1522 1616
3 1617 1521 1603
3 1617 1506 1521
3 1574 1645 1543
3 1620 1541 1594
3 1623 1467 1595
3 1623 1576 1646
3 1512 1647 1554
3 1512 1469 1648
3 1596 1385 1555
3 1558 1628 1607
3 1558 1607 1492
3 1607 1628 1650
3 1628 1649 1650
3 1580 1559 1608
3 1607 1631 1581
3 1581 1652 1562
3 1474 1634 1653
3 1636 1474 1653
3 1636 1653 1654
3 1499 1655 1599
3 1566 1656 1501
3 1501 1656 1638
3 1639 1640 1568
3 1657 1518 1533
3 1658 1503 1502
3 1658 1502 1584
3 1534 1503 1658
3 1480 1614 1600
3 1585 1550 1660
3 1660 1550 1571
3 1590 1661 1588
3 1590 1591 1661
3 1538 1618 1662
3 1540 1619 1592
3 1526 1624 1445
3 1648 1647 1512
3 1467 1623 1555
3 1666 1648 1469
3 1469 1556 1666
3 1596 1669 1628
3 1668 1577 1578
3 1628 1669 1649
3 1579 1580 1651
3 1670 1494 1609
3 1632 1515 1529
3 1631 1652 1581
3 1498 1610 1597
3 1563 1635 1634
3 1637 1636 1654
3 1565 1548 1611
3 1611 1637 1671
3 1672 1637 1654
3 1499 1565 1655
3 1671 1637 1672
3 1454 1612 1500
3 1478 1674 1675
3 1478 1675 1642
3 1659 1534 1658
3 1585 1569 1535
3 1504 1586 1614
3 1676 1572 1537
3 1677 1602 1604
3 1484 1588 1661
3 1573 1589 1678
3 1573 1678 1574
3 1678 1645 1574
3 1618 1593 1662
3 1593 1679 1662
3 1593 1622 1679
3 1543 1680 1621
3 1605 1663 1526
3 1554 1664 1622
3 1626 1468 1624
3 1623 1681 1555
3 1513 1557 1667
3 1666 1556 1577
3 1626 1630 1527
3 1545 1629 1578
3 1560 1494 1670
3 1598 1632 1529
3 1547 1530 1682
3 1633 1562 1652
3 1516 1599 1610
3 1612 1673 1500
3 1500 1673 1566
3 1656 1684 1638
3 1640 1674 1478
3 1674 1686 1675
3 1642 1643 1481
3 1601 1534 1659
3 1615 1676 1537
3 1602 1687 1551
3 1554 1647 1664
3 1576 1665 1646
3 1667 1625 1513
3 1555 1681 1690
3 1596 1555 1690
3 1596 1690 1669
3 1578 1692 1668
3 1629 1692 1578
3 1607 1650 1693
3 1649 1694 1650
3 1693 1631 1607
3 1580 1608 1651
3 1608 1560 1695
3 1530 1632 1682
3 1611 1683 1565
3 1673 1656 1566
3 1684 1639 1638
3 1685 1612 1583
3 1696 1686 1674
3 1600 1697 1583
3 1675 1686 1699
3 1569 1698 1613
3 1675 1699 1642
3 1642 1699 1643
3 1700 1701 1615
3 1700 1615 1570
3 1687 1571 1551
3 1701 1676 1615
3 1677 1604 1587
3 1484 1661 1688
3 1587 1616 1702
3 1591 1538 1703
3 1704 1617 1603
3 1617 1689 1524
3 1662 1679 1705
3 1619 1541 1706
3 1541 1620 1706
3 1706 1620 1707
3 1620 1594 1708
3 1663 1624 1526
3 1576 1621 1665
3 1553 1625 1594
3 1669 1709 1649
3 1710 1598 1630
3 1695 1560 1670
3 1652 1711 1633
3 1582 1633 1712
3 1611 1671 1714
3 1655 1565 1715
3 1717 1612 1685
3 1718 1696 1674
3 1657 1533 1641
3 1719 1658 1584
3 1677 1687 1602
3 1586 1484 1720
3 1601 1704 1603
3 1616 1592 1721
3 1538 1705 1703
3 1589 1644 1678
3 1538 1662 1705
3 1594 1625 1708
3 1623 1646 1681
3 1646 1665 1723
3 1646 1723 1681
3 1648 1724 1647
3 1625 1667 1722
3 1690 1691 1669
3 1557 1627 1667
3 1725 1630 1626
3 1627 1606 1727
3 1693 1650 1694
3 1651 1608 1728
3 1610 1729 1597
3 1610 1599 1729
3 1582 1712 1635
3 1654 1653 1713
3 1683 1611 1714
3 1672 1654 1713
3 1612 1716 1673
3 1673 1730 1656
3 1730 1684 1656
3 1684 1731 1639
3 1685 1583 1697
3 1732 1640 1639
3 1732 1718 1640
3 1640 1718 1674
3 1696 1733 1686
3 1734 1584 1518
3 1613 1641 1549
3 1569 1585 1735
3 1643 1700 1570
3 1736 1660 1571
3 1700 1737 1701
3 1737 1738 1701
3 1701 1738 1739
3 1701 1739 1676
3 1741 1572 1676
3 1740 1704 1601
3 1484 1688 1720
3 1661 1591 1703
3 1702 1616 1721
3 1742 1721 1592
3 1592 1619 1742
3 1645 1743 1543
3 1689 1605 1524
3 1707 1620 1708
3 1577 1726 1666
3 1606 1579 1744
3 1597 1745 1629
3 1725 1710 1630
3 1608 1695 1728
3 1748 1598 1710
3 1632 1598 1748
3 1633 1711 1712
3 1565 1683 1715
3 1659 1658 1719
3 1585 1660 1735
3 1614 1750 1600
3 1751 1614 1586
3 1586 1720 1751
3 1677 1587 1702
3 1677 1702 1752
3 1572 1753 1644
3 1703 1705 1754
3 1755 1645 1678
3 1704 1689 1617
3 1543 1743 1680
3 1663 1756 1624
3 1622 1664 1757
3 1758 1626 1624
3 1669 1691 1759
3 1669 1759 1709
3 1579 1651 1744
3 1649 1709 1694
3 1597 1746 1745
3 1670 1609 1747
3 1609 1546 1747
3 1547 1682 1761
3 1672 1713 1762
3 1671 1672 1762
3 1657 1763 1518
3 1686 1733 1764
3 1734 1719 1584
3 1764 1699 1686
3 1749 1613 1698
3 1749 1641 1613
3 1765 1735 1660
3 1736 1765 1660
3 1736 1571 1687
3 1676 1739 1741
3 1739 1766 1741
3 1755 1678 1644
3 1742 1619 1767
3 1768 1663 1605
3 1758 1624 1756
3 1625 1722 1708
3 1690 1681 1770
3 1690 1770 1691
3 1668 1771 1577
3 1727 1606 1760
3 1606 1744 1760
3 1745 1692 1629
3 1546 1772 1747
3 1546 1547 1772
3 1634 1635 1773
3 1773 1653 1634
3 1655 1715 1774
3 1716 1730 1673
3 1717 1716 1612
3 1731 1732 1639
3 1763 1734 1518
3 1775 1657 1641
3 1776 1749 1698
3 1735 1776 1569
3 1776 1698 1569
3 1643 1699 1777
3 1737 1778 1738
3 1777 1700 1643
3 1777 1737 1700
3 1614 1751 1750
3 1736 1687 1780
3 1752 1687 1677
3 1741 1753 1572
3 1781 1689 1704
3 1705 1679 1782
3 1679 1622 1783
3 1622 1757 1783
3 1707 1708 1784
3 1664 1769 1757
3 1647 1769 1664
3 1647 1724 1769
3 1665 1785 1723
3 1681 1723 1770
3 1648 1786 1724
3 1722 1667 1787
3 1771 1726 1577
3 1631 1788 1652
3 1682 1632 1789
3 1597 1729 1746
3 1635 1712 1773
3 1729 1599 1790
3 1599 1655 1790
3 1655 1774 1790
3 1773 1713 1653
3 1685 1791 1717
3 1697 1791 1685
3 1718 1792 1696
3 1792 1733 1696
3 1793 1775 1749
3 1775 1641 1749
3 1794 1659 1719
3 1795 1659 1794
3 1601 1659 1795
3 1738 1779 1739
3 1661 1703 1688
3 1688 1703 1796
3 1753 1755 1644
3 1705 1797 1754
3 1689 1768 1605
3 1798 1621 1680
3 1768 1756 1663
3 1785 1665 1621
3 1708 1722 1800
3 1666 1786 1648
3 1801 1667 1627
3 1694 1709 1802
3 1789 1632 1748
3 1772 1547 1761
3 1711 1652 1803
3 1671 1762 1804
3 1805 1764 1733
3 1776 1793 1749
3 1600 1806 1697
3 1807 1735 1765
3 1777 1778 1737
3 1750 1806 1600
3 1740 1601 1795
3 1738 1809 1779
3 1808 1765 1736
3 1808 1736 1780
3 1780 1687 1752
3 1741 1766 1810
3 1781 1704 1740
3 1702 1721 1811
3 1755 1743 1645
3 1619 1706 1767
3 1798 1799 1621
3 1706 1707 1813
3 1799 1785 1621
3 1784 1708 1800
3 1770 1723 1814
3 1722 1787 1800
3 1770 1815 1691
3 1787 1667 1801
3 1758 1725 1626
3 1727 1760 1816
3 1759 1818 1709
3 1744 1651 1817
3 1682 1789 1761
3 1788 1803 1652
3 1714 1671 1804
3 1683 1714 1715
3 1717 1820 1716
3 1820 1730 1716
3 1792 1805 1733
3 1775 1763 1657
3 1807 1821 1735
3 1821 1822 1735
3 1822 1776 1735
3 1808 1807 1765
3 1808 1780 1823
3 1779 1825 1739
3 1825 1766 1739
3 1752 1702 1811
3 1810 1753 1741
3 1811 1721 1812
3 1742 1812 1721
3 1781 1768 1689
3 1758 1756 1768
3 1813 1707 1784
3 1769 1724 1757
3 1724 1827 1757
3 1723 1785 1814
3 1627 1727 1801
3 1760 1744 1817
3 1651 1728 1817
3 1693 1694 1830
3 1693 1830 1631
3 1670 1747 1831
3 1830 1788 1631
3 1746 1729 1832
3 1790 1832 1729
3 1713 1834 1762
3 1715 1819 1774
3 1684 1836 1731
3 1791 1835 1717
3 1731 1837 1732
3 1837 1718 1732
3 1697 1806 1791
3 1839 1775 1793
3 1764 1840 1777
3 1764 1777 1699
3 1840 1778 1777
3 1778 1809 1738
3 1795 1824 1740
3 1825 1826 1766
3 1752 1811 1780
3 1781 1740 1824
3 1766 1826 1810
3 1841 1811 1812
3 1703 1754 1842
3 1754 1797 1842
3 1753 1843 1844
3 1753 1844 1755
3 1743 1798 1680
3 1679 1845 1782
3 1679 1783 1845
3 1813 1784 1846
3 1784 1800 1847
3 1814 1815 1770
3 1814 1828 1815
3 1786 1850 1724
3 1851 1725 1758
3 1852 1748 1710
3 1728 1695 1829
3 1695 1670 1831
3 1830 1694 1802
3 1712 1711 1833
3 1714 1804 1715
3 1715 1804 1854
3 1835 1820 1717
3 1730 1836 1684
3 1855 1792 1718
3 1838 1775 1839
3 1856 1793 1776
3 1856 1776 1822
3 1688 1796 1720
3 1858 1811 1841
3 1767 1812 1742
3 1755 1844 1859
3 1755 1859 1743
3 1860 1767 1706
3 1862 1799 1798
3 1757 1827 1783
3 1799 1863 1785
3 1864 1784 1847
3 1828 1866 1849
3 1800 1787 1867
3 1848 1724 1850
3 1868 1786 1666
3 1868 1850 1786
3 1815 1869 1691
3 1727 1816 1801
3 1692 1771 1668
3 1816 1817 1870
3 1816 1760 1817
3 1789 1748 1852
3 1829 1695 1831
3 1711 1803 1833
3 1762 1834 1804
3 1774 1819 1871
3 1715 1854 1819
3 1838 1763 1775
3 1734 1794 1719
3 1856 1839 1793
3 1857 1751 1873
3 1751 1720 1873
3 1858 1874 1811
3 1874 1780 1811
3 1875 1858 1841
3 1703 1842 1796
3 1753 1876 1843
3 1706 1813 1861
3 1864 1846 1784
3 1814 1866 1828
3 1847 1800 1867
3 1865 1851 1758
3 1787 1801 1867
3 1815 1828 1869
3 1692 1879 1771
3 1851 1710 1725
3 1759 1880 1818
3 1772 1761 1884
3 1761 1789 1883
3 1773 1712 1885
3 1773 1885 1713
3 1834 1713 1885
3 1854 1804 1886
3 1791 1806 1888
3 1891 1807 1808
3 1891 1808 1823
3 1750 1751 1857
3 1823 1780 1872
3 1872 1780 1874
3 1876 1810 1826
3 1876 1753 1810
3 1875 1841 1893
3 1893 1841 1812
3 1844 1877 1859
3 1859 1798 1743
3 1783 1878 1845
3 1861 1813 1846
3 1783 1827 1894
3 1895 1814 1785
3 1895 1785 1863
3 1724 1848 1827
3 1849 1897 1828
3 1898 1801 1900
3 1726 1868 1666
3 1801 1816 1900
3 1771 1901 1726
3 1745 1881 1692
3 1817 1728 1902
3 1902 1728 1903
3 1745 1746 1881
3 1881 1746 1904
3 1728 1829 1903
3 1818 1882 1709
3 1802 1709 1882
3 1747 1772 1831
3 1788 1853 1803
3 1803 1853 1833
3 1712 1833 1905
3 1712 1905 1885
3 1804 1834 1886
3 1871 1819 1906
3 1820 1887 1730
3 1855 1805 1792
3 1791 1888 1907
3 1889 1764 1805
3 1908 1809 1778
3 1890 1821 1807
3 1891 1890 1807
3 1750 1892 1806
3 1795 1909 1824
3 1720 1796 1910
3 1843 1912 1844
3 1844 1912 1877
3 1705 1914 1797
3 1913 1812 1767
3 1705 1782 1914
3 1859 1915 1798
3 1706 1861 1860
3 1865 1758 1768
3 1862 1863 1799
3 1783 1894 1878
3 1864 1847 1916
3 1814 1895 1866
3 1916 1847 1896
3 1896 1847 1867
3 1867 1801 1898
3 1828 1897 1899
3 1828 1899 1869
3 1869 1759 1691
3 1900 1816 1870
3 1879 1692 1881
3 1870 1817 1917
3 1710 1851 1852
3 1831 1772 1884
3 1746 1832 1904
3 1833 1918 1905
3 1790 1774 1871
3 1886 1834 1919
3 1887 1920 1730
3 1920 1836 1730
3 1923 1838 1839
3 1889 1840 1764
3 1750 1857 1892
3 1891 1823 1872
3 1809 1825 1779
3 1873 1720 1910
3 1924 1876 1826
3 1925 1893 1913
3 1893 1812 1913
3 1859 1877 1915
3 1782 1845 1914
3 1926 1862 1798
3 1849 1928 1897
3 1900 1870 1929
3 1929 1870 1917
3 1817 1902 1917
3 1917 1902 1930
3 1830 1802 1931
3 1931 1788 1830
3 1918 1932 1905
3 1871 1933 1790
3 1885 1905 1934
3 1905 1932 1934
3 1834 1885 1919
3 1835 1935 1820
3 1836 1921 1731
3 1835 1791 1907
3 1921 1837 1731
3 1837 1921 1718
3 1921 1855 1718
3 1838 1936 1763
3 1936 1937 1763
3 1763 1937 1734
3 1840 1908 1778
3 1939 1822 1821
3 1888 1806 1892
3 1940 1874 1858
3 1924 1826 1825
3 1876 1924 1843
3 1924 1911 1843
3 1797 1941 1842
3 1913 1767 1860
3 1861 1846 1943
3 1862 1944 1863
3 1896 1867 1946
3 1867 1898 1927
3 1948 1898 1950
3 1950 1898 1900
3 1950 1900 1929
3 1879 1901 1771
3 1902 1903 1951
3 1952 1883 1789
3 1789 1852 1952
3 1831 1884 1954
3 1884 1761 1883
3 1832 1790 1933
3 1918 1955 1932
3 1907 1935 1835
3 1922 1805 1855
3 1922 1956 1805
3 1805 1957 1889
3 1958 1839 1856
3 1958 1923 1839
3 1937 1959 1794
3 1937 1794 1734
3 1856 1822 1939
3 1959 1795 1794
3 1809 1960 1825
3 1872 1874 1940
3 1858 1875 1961
3 1875 1893 1962
3 1893 1925 1962
3 1912 1963 1877
3 1915 1877 1942
3 1781 1964 1768
3 1878 1966 1845
3 1865 1768 1964
3 1943 1846 1967
3 1967 1846 1864
3 1968 1895 1863
3 1895 1968 1866
3 1827 1848 1894
3 1866 1928 1849
3 1867 1927 1946
3 1898 1948 1927
3 1850 1947 1848
3 1949 1947 1850
3 1868 1949 1850
3 1881 1904 1953
3 1930 1902 1951
3 1951 1903 1970
3 1903 1829 1970
3 1829 1831 1954
3 1882 1971 1802
3 1802 1971 1931
3 1931 1853 1788
3 1918 1833 1972
3 1955 1973 1932
3 1885 1934 1974
3 1934 1975 1974
3 1975 1934 1932
3 1920 1976 1836
3 1836 1976 1921
3 1956 1957 1805
3 1978 1938 1821
3 1938 1939 1821
3 1978 1821 1890
3 1873 1979 1857
3 1981 1912 1843
3 1964 1781 1824
3 1877 1963 1942
3 1965 1861 1943
3 1926 1944 1862
3 1878 1982 1966
3 1894 1982 1878
3 1983 1868 1726
3 1950 1929 1969
3 1930 1951 1985
3 1984 1882 1818
3 1951 1970 1986
3 1829 1954 1970
3 1953 1904 1987
3 1832 1987 1904
3 1988 1853 1931
3 1833 1853 1972
3 1918 1972 1955
3 1955 1972 1989
3 1990 1919 1885
3 1975 1932 1973
3 1886 1919 1991
3 1976 1977 1921
3 1855 1992 1922
3 1992 1993 1922
3 1977 1855 1921
3 1923 1936 1838
3 1889 1994 1840
3 1856 1939 1958
3 1994 1908 1840
3 1908 1995 1809
3 1796 1842 1941
3 1962 1961 1875
3 1925 1913 1996
3 1913 1860 1965
3 1860 1861 1965
3 1915 1926 1798
3 1997 1865 1964
3 1967 1864 1916
3 1863 1944 1968
3 1968 1945 1866
3 1945 1928 1866
3 1897 1928 1999
3 1948 1950 1969
3 1869 1880 1759
3 1880 1984 1818
3 2000 1952 1852
3 1985 1951 1986
3 1931 1971 2001
3 1931 2001 1988
3 1988 2001 2002
3 1853 1988 1972
3 1973 1955 1989
3 1885 1974 1990
3 1819 2003 1906
3 1819 1854 2003
3 1991 1919 2004
3 1886 1991 1854
3 1820 1935 1887
3 1992 1855 1977
3 1992 2005 1993
3 1993 1956 1922
3 1888 2007 2006
3 1959 2008 1795
3 2008 1909 1795
3 2009 1890 1891
3 1857 1979 1892
3 1995 1960 1809
3 1960 1924 1825
3 1910 1796 1980
3 1980 1796 1941
3 1911 1981 1843
3 1962 1925 2010
3 1996 1913 2011
3 1894 1848 1998
3 1851 1865 2012
3 1983 1949 1868
3 1948 1969 2013
3 2014 1880 1869
3 1879 1881 2015
3 1929 1917 2016
3 1917 1930 2017
3 1954 1884 2018
3 1933 1871 1906
3 1919 1990 2004
3 1887 2019 1920
3 2019 1976 1920
3 1888 2006 1907
3 1957 1994 1889
3 1888 1892 2007
3 1891 1872 2020
3 2021 1824 1909
3 1964 1824 2021
3 2022 1911 1924
3 2010 1925 1996
3 1914 1845 2023
3 2023 1845 1966
3 1915 2025 1926
3 1965 1943 2026
3 1926 2025 1944
3 1968 1944 2027
3 1997 2012 1865
3 1869 1899 2014
3 1881 1953 2015
3 1930 1985 2017
3 1882 1984 2030
3 1971 1882 2030
3 1970 1954 2018
3 1971 2030 2001
3 2030 2031 2001
3 2032 2033 2002
3 2002 2001 2032
3 1972 1988 2034
3 1987 1832 1933
3 2003 1854 1991
3 2036 1935 1907
3 1936 2038 1937
3 1994 2040 1908
3 1940 2020 1872
3 1873 1910 2041
3 1940 1858 1961
3 1797 2043 1941
3 2044 1912 1981
3 1914 2043 1797
3 1913 1965 2011
3 2024 2011 1965
3 1915 1942 2025
3 1943 1967 2026
3 2025 2027 1944
3 1982 1894 1998
3 1916 1896 2028
3 1848 1947 2046
3 1927 1948 2047
3 2048 1947 1949
3 1897 1999 1899
3 1969 1929 2029
3 2029 1929 2016
3 2049 1852 1851
3 1917 2017 2050
3 2049 2000 1852
3 2018 1884 1952
3 1884 1883 1952
3 1972 2034 1989
3 1988 2002 2051
3 2002 2033 2051
3 1976 2035 1977
3 1992 1977 2053
3 1992 2054 2005
3 2035 2053 1977
3 2005 2055 1993
3 1993 2055 1956
3 1907 2006 2037
3 2039 1959 1937
3 1958 1939 2058
3 1994 2056 2040
3 2056 2057 2040
3 2009 1978 1890
3 1892 1979 2059
3 2040 1995 1908
3 2020 2009 1891
3 1873 2041 1979
3 1941 2043 2042
3 2060 2024 1965
3 2060 1965 2026
3 2061 1967 1916
3 1968 2027 1945
3 2046 1998 1848
3 1896 1946 2045
3 2048 2046 1947
3 2014 1984 1880
3 2049 1851 2012
3 2015 1901 1879
3 1985 1986 2064
3 1988 2051 2034
3 1935 2019 1887
3 2053 2054 1992
3 2055 2067 1956
3 2067 1957 1956
3 1957 2067 1994
3 2067 2056 1994
3 2038 2039 1937
3 1978 2068 1938
3 1892 2059 2007
3 1960 2022 1924
3 2069 1940 1961
3 1941 2042 1980
3 1911 2070 1981
3 2043 1914 2071
3 1914 2023 2071
3 2025 1942 2072
3 2025 2073 2027
3 2061 1916 2074
3 1998 2062 1982
3 2074 1916 2028
3 1896 2045 2028
3 2045 1946 2063
3 1949 1983 2048
3 2047 1948 2013
3 1901 1983 1726
3 2031 2032 2001
3 1973 1989 2065
3 1906 2003 2066
3 1974 2078 1990
3 1974 1975 2078
3 1975 1973 2079
3 1935 2052 2019
3 1907 2037 2036
3 2067 2080 2056
3 2058 1923 1958
3 2068 1939 1938
3 2057 2082 2040
3 2009 2068 1978
3 2021 1909 2008
3 2084 1964 2021
3 2070 2044 1981
3 2025 2072 2088
3 2025 2089 2073
3 2073 2089 2090
3 1966 1982 2091
3 1998 2046 2062
3 1946 1927 2075
3 1927 2047 2075
3 2013 1969 2029
3 2016 1917 2050
3 2031 2030 2092
3 1970 2018 2093
3 1973 2077 2079
3 1991 2004 2094
3 2095 2054 2053
3 2005 2097 2055
3 2039 2008 1959
3 2068 2058 1939
3 2057 2098 2082
3 2044 2100 1912
3 2010 1996 2085
3 2085 1996 2011
3 2072 1942 1963
3 2023 1966 2086
3 2025 2088 2089
3 2026 1967 2101
3 1967 2061 2101
3 1982 2102 2091
3 2062 2046 2103
3 2063 1946 2075
3 2104 2047 2013
3 1899 1999 2105
3 1983 1901 2106
3 1899 2105 2014
3 2017 1985 2064
3 1952 2000 2107
3 2018 1952 2107
3 2034 2065 1989
3 1933 1906 2076
3 1906 2066 2076
3 2004 1990 2109
3 2052 2110 2019
3 1935 2036 2052
3 2096 2005 2054
3 2096 2097 2005
3 2081 1936 1923
3 2056 2111 2057
3 2058 2081 1923
3 2112 2058 2068
3 2040 2082 2099
3 2099 1995 2040
3 2099 1960 1995
3 2099 2114 1960
3 2115 2069 1961
3 1961 2083 2115
3 2084 1997 1964
3 1912 2100 2116
3 1912 2116 1963
3 2087 2011 2024
3 2116 2072 1963
3 2060 2026 2101
3 2027 2117 1945
3 2027 2073 2117
3 2073 2090 2118
3 1982 2119 2102
3 2062 2119 1982
3 2103 2046 2048
3 2104 2013 2029
3 2050 2017 2121
3 2017 2064 2121
3 2031 2092 2108
3 2031 2108 2032
3 2034 2123 2065
3 2034 2051 2123
3 1973 2065 2077
3 2080 2111 2056
3 2111 2098 2057
3 2125 2058 2112
3 2113 2112 2068
3 2009 2113 2068
3 2082 2126 2099
3 2114 2022 1960
3 1910 1980 2127
3 2022 2070 1911
3 1961 1962 2083
3 1962 2010 2083
3 2043 2128 2042
3 2043 2071 2128
3 2090 2089 2129
3 2117 2120 1945
3 2120 1928 1945
3 2103 2048 2132
3 1983 2132 2048
3 2016 2050 2133
3 2033 2032 2122
3 1990 2078 2109
3 2110 1976 2019
3 2053 2035 2095
3 1976 2134 2035
3 2055 2135 2067
3 2081 2038 1936
3 2136 2112 2113
3 2098 2126 2082
3 2137 2113 2009
3 2137 2009 2020
3 2020 2138 2137
3 2020 1940 2138
3 2069 2138 1940
3 2114 2070 2022
3 2042 2139 1980
3 2085 2011 2140
3 2023 2086 2071
3 2086 2141 2071
3 2143 2088 2072
3 1966 2144 2086
3 2024 2060 2145
3 1966 2091 2144
3 2090 2129 2130
3 2090 2130 2118
3 2073 2118 2117
3 2142 2012 1997
3 2103 2146 2062
3 1999 2147 2105
3 2014 2105 1984
3 2029 2016 2133
3 2148 2000 2049
3 2149 1986 1970
3 2018 2107 2093
3 2032 2108 2122
3 2109 2094 2004
3 2078 1975 2079
3 2110 2124 1976
3 2124 2134 1976
3 2095 2035 2134
3 2152 2135 2055
3 2135 2080 2067
3 2125 2081 2058
3 2136 2125 2112
3 1979 2041 2059
3 2114 2154 2155
3 2114 2155 2070
3 2158 2071 2141
3 2140 2011 2087
3 2088 2143 2089
3 2091 2160 2144
3 2061 2074 2161
3 2131 2119 2062
3 2062 2146 2131
3 2132 2146 2103
3 2063 2075 2162
3 2030 1984 2164
3 2029 2133 2165
3 2030 2164 2092
3 2123 2051 2150
3 2033 2168 2051
3 2036 2151 2052
3 2097 2152 2055
3 2172 2039 2038
3 2171 2125 2136
3 2172 2008 2039
3 2126 2174 2099
3 2175 2137 2138
3 2041 1910 2127
3 2115 2138 2069
3 2155 2176 2070
3 2177 2044 2070
3 2177 2157 2044
3 2083 2010 2178
3 2084 2142 1997
3 2072 2116 2143
3 2087 2024 2179
3 2143 2159 2089
3 2160 2091 2102
3 2163 2012 2142
3 2028 2045 2180
3 1928 2147 1999
3 2075 2047 2162
3 2163 2181 2012
3 2181 2049 2012
3 2104 2029 2165
3 2181 2148 2049
3 1901 2015 2182
3 2105 2164 1984
3 2050 2121 2183
3 2148 2107 2000
3 1987 2167 1953
3 2064 1986 2166
3 2166 1986 2149
3 1970 2093 2149
3 2122 2168 2033
3 2066 2170 2076
3 2003 1991 2184
3 1991 2094 2184
3 2185 2110 2052
3 2037 2151 2036
3 2187 2111 2080
3 2172 2153 2008
3 2098 2188 2126
3 2153 2021 2008
3 2174 2114 2099
3 2189 2138 2115
3 2155 2154 2176
3 2070 2176 2177
3 2139 2042 2128
3 2178 2010 2085
3 2128 2071 2158
3 2089 2159 2129
3 2074 2028 2180
3 2120 2190 1928
3 2146 2132 2191
3 2047 2104 2192
3 2104 2165 2192
3 2105 2193 2164
3 2015 1953 2167
3 2164 2194 2092
3 2123 2195 2065
3 2123 2150 2195
3 2195 2169 2065
3 2076 2170 2196
3 2077 2065 2169
3 2066 2003 2170
3 2003 2184 2170
3 2185 2052 2151
3 2197 2054 2095
3 2197 2186 2054
3 2186 2096 2054
3 2135 2187 2080
3 2098 2173 2188
3 2136 2113 2198
3 2198 2113 2199
3 2199 2113 2137
3 2175 2200 2137
3 2175 2138 2189
3 2174 2202 2114
3 2114 2202 2154
3 2154 2203 2176
3 2157 2100 2044
3 2141 2204 2158
3 2205 2116 2100
3 2024 2145 2179
3 2060 2101 2206
3 2129 2207 2130
3 2101 2061 2208
3 2161 2074 2209
3 2117 2190 2120
3 2045 2063 2210
3 2210 2063 2162
3 2105 2211 2193
3 1901 2182 2106
3 2193 2211 2212
3 2167 2182 2015
3 2164 2193 2213
3 2193 2212 2213
3 2121 2064 2183
3 2064 2166 2183
3 2051 2168 2150
3 2152 2215 2135
3 2215 2187 2135
3 2171 2216 2125
3 2200 2199 2137
3 2153 2201 2021
3 1980 2156 2127
3 2217 2189 2115
3 1980 2139 2156
3 2218 2115 2083
3 2177 2176 2157
3 2085 2140 2178
3 2084 2219 2142
3 2158 2220 2128
3 2086 2221 2141
3 2086 2144 2221
3 2145 2060 2206
3 2206 2101 2208
3 2160 2102 2119
3 2061 2161 2208
3 2146 2222 2131
3 1928 2190 2147
3 2105 2147 2223
3 2106 2224 1983
3 2105 2223 2211
3 2165 2133 2225
3 2164 2213 2194
3 2092 2226 2108
3 1933 2214 1987
3 2109 2078 2227
3 2077 2169 2228
3 2184 2094 2229
3 2134 2230 2095
3 2096 2231 2097
3 2111 2173 2098
3 2198 2171 2136
3 2232 2153 2172
3 2188 2233 2126
3 2154 2202 2203
3 2234 2175 2189
3 2201 2084 2021
3 2083 2178 2218
3 2176 2235 2157
3 2220 2158 2204
3 2205 2143 2116
3 2144 2237 2221
3 2144 2160 2237
3 2119 2237 2160
3 2238 2163 2142
3 2074 2180 2209
3 2162 2047 2192
3 2167 1987 2214
3 2108 2226 2122
3 1933 2076 2214
3 2227 2229 2094
3 2227 2094 2109
3 2230 2197 2095
3 2186 2231 2096
3 2239 2152 2097
3 2037 2006 2151
3 2216 2081 2125
3 2240 2172 2038
3 2233 2174 2126
3 2232 2201 2153
3 2127 2156 2243
3 2234 2189 2217
3 2218 2217 2115
3 2219 2084 2201
3 2178 2140 2244
3 2128 2220 2245
3 2244 2140 2087
3 2157 2236 2100
3 2236 2205 2100
3 2247 2159 2143
3 2237 2119 2249
3 2117 2118 2250
3 2117 2250 2190
3 2045 2210 2180
3 1983 2252 2132
3 2211 2253 2212
3 2254 2133 2050
3 2213 2212 2255
3 2194 2226 2092
3 2079 2077 2228
3 2124 2230 2134
3 2231 2239 2097
3 2240 2038 2081
3 2241 2216 2171
3 2198 2241 2171
3 2234 2242 2175
3 2203 2257 2176
3 2258 2217 2218
3 2235 2236 2157
3 2128 2245 2259
3 2245 2220 2260
3 2204 2260 2220
3 2204 2246 2260
3 2087 2179 2261
3 2204 2141 2246
3 2205 2247 2143
3 2219 2238 2142
3 2247 2248 2159
3 2159 2248 2129
3 2248 2207 2129
3 2145 2206 2262
3 2130 2263 2118
3 2131 2222 2251
3 2238 2265 2163
3 2180 2210 2264
3 2265 2181 2163
3 2225 2133 2254
3 2148 2266 2107
3 2212 2253 2255
3 2149 2093 2267
3 2168 2122 2268
3 2195 2269 2169
3 2256 2169 2269
3 2150 2168 2270
3 2228 2169 2256
3 2111 2271 2173
3 2007 2272 2006
3 2232 2274 2201
3 2242 2200 2175
3 2059 2041 2275
3 2139 2128 2259
3 2235 2276 2236
3 2244 2087 2261
3 2205 2277 2247
3 2221 2246 2141
3 2281 2282 2283
3 2280 2281 2284
3 2119 2131 2249
3 2284 2281 2283
3 2263 2250 2118
3 2191 2222 2146
3 2147 2190 2285
3 2223 2147 2285
3 2252 2191 2132
3 2223 2285 2211
3 2285 2286 2211
3 2192 2165 2287
3 2165 2225 2287
3 2267 2107 2266
3 2093 2107 2267
3 2194 2213 2255
3 2195 2150 2269
3 2079 2228 2288
3 2289 2124 2110
3 2290 2291 2197
3 2197 2291 2186
3 2124 2290 2230
3 2290 2197 2230
3 2187 2271 2111
3 2292 2081 2216
3 2293 2172 2240
3 2007 2059 2275
3 2174 2233 2202
3 2295 2234 2217
3 2295 2217 2258
3 2176 2296 2235
3 2176 2257 2296
3 2258 2218 2297
3 2218 2178 2297
3 2178 2244 2297
3 2259 2245 2298
3 2236 2299 2205
3 2277 2301 2247
3 2247 2301 2248
3 2278 2300 2279
3 2279 2300 2302
3 2179 2145 2303
3 2303 2145 2262
3 2130 2207 2280
3 2130 2280 2284
3 2130 2284 2263
3 2283 2282 2305
3 2284 2283 2307
3 2250 2306 2190
3 2283 2305 2307
3 2284 2307 2308
3 2210 2162 2310
3 2162 2192 2310
3 2265 2311 2181
3 2224 2252 1983
3 2286 2253 2211
3 2181 2312 2148
3 2050 2183 2254
3 2194 2313 2226
3 2194 2255 2313
3 2076 2314 2214
3 2170 2184 2315
3 2184 2229 2316
3 2078 2317 2227
3 2078 2079 2317
3 2185 2289 2110
3 2291 2318 2186
3 2186 2318 2231
3 2319 2152 2239
3 2152 2319 2215
3 2215 2321 2187
3 2151 2006 2320
3 2294 2233 2188
3 2273 2199 2200
3 2233 2322 2202
3 2297 2244 2323
3 2245 2260 2326
3 2324 2325 2278
3 2260 2246 2326
3 2278 2325 2300
3 2299 2277 2205
3 2278 2279 2301
3 2301 2279 2328
3 2328 2279 2329
3 2279 2302 2330
3 2328 2281 2280
3 2206 2208 2331
3 2208 2161 2331
3 2131 2332 2249
3 2304 2305 2282
3 2263 2333 2250
3 2263 2284 2333
3 2284 2308 2333
3 2309 2251 2222
3 2190 2306 2285
3 2311 2312 2181
3 2166 2149 2335
3 2167 2214 2334
3 2253 2336 2255
3 2196 2314 2076
3 2168 2268 2270
3 2150 2270 2269
3 2184 2316 2315
3 2228 2256 2337
3 2228 2337 2288
3 2318 2339 2231
3 2231 2339 2239
3 2185 2151 2320
3 2292 2240 2081
3 2293 2232 2172
3 2198 2199 2341
3 2007 2275 2272
3 2322 2203 2202
3 2258 2297 2343
3 2343 2297 2323
3 2324 2344 2325
3 2259 2298 2345
3 2261 2323 2244
3 2298 2245 2326
3 2236 2276 2299
3 2277 2327 2301
3 2278 2301 2327
3 2248 2301 2347
3 2301 2328 2347
3 2248 2347 2207
3 2347 2328 2207
3 2207 2328 2280
3 2279 2330 2329
3 2328 2329 2281
3 2302 2348 2330
3 2329 2282 2281
3 2262 2206 2350
3 2329 2304 2282
3 2209 2180 2264
3 2250 2333 2306
3 2285 2306 2352
3 2285 2352 2286
3 2182 2224 2106
3 2312 2266 2148
3 2167 2334 2182
3 2286 2353 2253
3 2254 2183 2166
3 2255 2354 2313
3 2255 2336 2354
3 2196 2170 2315
3 2229 2227 2316
3 2227 2317 2316
3 2317 2079 2288
3 2355 2318 2291
3 2338 2339 2318
3 2319 2321 2215
3 2321 2356 2187
3 2356 2271 2187
3 2006 2272 2320
3 2340 2216 2241
3 2173 2294 2188
3 2358 2257 2203
3 2242 2234 2359
3 2234 2295 2359
3 2274 2360 2201
3 2295 2258 2342
3 2360 2219 2201
3 2361 2344 2324
3 2343 2342 2258
3 2362 2343 2323
3 2296 2276 2235
3 2345 2298 2326
3 2300 2325 2364
3 2246 2346 2326
3 2363 2324 2278
3 2299 2366 2277
3 2366 2327 2277
3 2349 2367 2237
3 2329 2330 2368
3 2237 2249 2349
3 2206 2331 2350
3 2329 2368 2304
3 2161 2209 2370
3 2131 2251 2332
3 2306 2333 2352
3 2307 2305 2372
3 2371 2373 2351
3 2264 2210 2374
3 2308 2307 2372
3 2210 2310 2374
3 2375 2351 2376
3 2377 2254 2166
3 2335 2149 2267
3 2226 2378 2122
3 2337 2256 2269
3 2288 2379 2317
3 2288 2337 2379
3 2380 2355 2291
3 2355 2338 2318
3 2338 2381 2339
3 2124 2289 2290
3 2319 2383 2321
3 2294 2384 2322
3 2294 2322 2233
3 2357 2274 2232
3 2242 2385 2200
3 2041 2127 2386
3 2386 2127 2243
3 2322 2358 2203
3 2388 2361 2324
3 2257 2389 2296
3 2325 2344 2364
3 2326 2346 2345
3 2363 2278 2366
3 2276 2363 2366
3 2276 2366 2299
3 2179 2365 2261
3 2278 2327 2366
3 2300 2391 2302
3 2179 2303 2365
3 2302 2391 2348
3 2303 2262 2392
3 2390 2238 2219
3 2394 2369 2368
3 2331 2161 2370
3 2368 2395 2304
3 2368 2369 2395
3 2395 2397 2304
3 2395 2369 2398
3 2369 2396 2398
3 2305 2304 2397
3 2397 2371 2351
3 2397 2372 2305
3 2372 2397 2351
3 2191 2400 2222
3 2222 2400 2309
3 2333 2308 2352
3 2264 2374 2399
3 2308 2372 2352
3 2372 2351 2375
3 2373 2401 2351
3 2375 2376 2402
3 2376 2351 2401
3 2403 2225 2254
3 2334 2214 2404
3 2253 2353 2336
3 2314 2196 2405
3 2270 2268 2406
3 2270 2406 2407
3 2269 2270 2408
3 2270 2407 2408
3 2316 2317 2409
3 2409 2317 2379
3 2289 2380 2290
3 2290 2380 2291
3 2382 2289 2185
3 2339 2411 2239
3 2411 2319 2239
3 2412 2383 2319
3 2321 2383 2356
3 2413 2173 2271
3 2173 2413 2294
3 2273 2341 2199
3 2384 2414 2322
3 2322 2414 2358
3 2418 2419 2417
3 2041 2386 2275
3 2387 2415 2389
3 2415 2416 2389
3 2358 2387 2257
3 2419 2420 2421
3 2387 2389 2257
3 2422 2388 2296
3 2296 2388 2324
3 2324 2363 2296
3 2296 2363 2276
3 2364 2391 2300
3 2237 2423 2221
3 2348 2394 2330
3 2394 2368 2330
3 2393 2369 2394
3 2369 2393 2396
3 2370 2209 2264
3 2397 2395 2371
3 2424 2395 2398
3 2352 2372 2425
3 2352 2425 2286
3 2375 2425 2372
3 2310 2192 2287
3 2224 2426 2252
3 2287 2225 2403
3 2286 2427 2353
3 2313 2354 2378
3 2268 2122 2378
3 2196 2315 2405
3 2407 2406 2428
3 2406 2429 2428
3 2337 2269 2408
3 2316 2430 2315
3 2409 2379 2410
3 2379 2337 2431
3 2411 2432 2412
3 2411 2412 2319
3 2356 2433 2271
3 2433 2413 2271
3 2241 2198 2340
3 2384 2434 2414
3 2418 2437 2419
3 2385 2273 2200
3 2415 2436 2416
3 2415 2387 2438
3 2438 2387 2358
3 2416 2422 2389
3 2359 2295 2439
3 2389 2422 2296
3 2421 2420 2440
3 2441 2364 2344
3 2442 2342 2343
3 2364 2444 2391
3 2360 2390 2219
3 2246 2221 2445
3 2446 2394 2348
3 2446 2393 2394
3 2393 2449 2396
3 2332 2367 2349
3 2349 2249 2332
3 2395 2424 2371
3 2371 2450 2373
3 2400 2451 2309
3 2425 2427 2286
3 2425 2375 2427
3 2182 2426 2224
3 2375 2402 2427
3 2403 2254 2453
3 2453 2254 2377
3 2376 2401 2452
3 2166 2335 2377
3 2378 2226 2313
3 2406 2268 2454
3 2406 2454 2455
3 2406 2455 2429
3 2407 2428 2456
3 2456 2428 2457
3 2316 2409 2430
3 2409 2410 2458
3 2410 2379 2431
3 2459 2383 2412
3 2383 2433 2356
3 2413 2384 2294
3 2272 2275 2435
3 2437 2462 2419
3 2461 2358 2414
3 2438 2358 2461
3 2462 2420 2419
3 2417 2419 2463
3 2463 2419 2464
3 2420 2462 2440
3 2463 2422 2416
3 2463 2361 2388
3 2463 2464 2361
3 2419 2421 2464
3 2464 2421 2441
3 2422 2463 2388
3 2464 2344 2361
3 2464 2441 2344
3 2421 2440 2466
3 2467 2442 2343
3 2467 2343 2362
3 2345 2443 2259
3 2323 2261 2468
3 2365 2468 2261
3 2469 2348 2391
3 2221 2423 2445
3 2469 2446 2348
3 2447 2393 2448
3 2448 2393 2446
3 2447 2449 2393
3 2262 2350 2392
3 2470 2238 2390
3 2265 2238 2470
3 2398 2396 2472
3 2371 2424 2473
3 2398 2472 2474
3 2473 2450 2371
3 2475 2251 2309
3 2399 2374 2476
3 2451 2475 2309
3 2252 2400 2191
3 2374 2477 2476
3 2374 2310 2477
3 2477 2310 2287
3 2287 2403 2478
3 2478 2403 2453
3 2453 2377 2480
3 2427 2402 2479
3 2335 2267 2482
3 2376 2452 2483
3 2404 2214 2314
3 2484 2337 2408
3 2408 2407 2456
3 2457 2428 2429
3 2289 2485 2380
3 2432 2459 2412
3 2185 2320 2486
3 2459 2460 2383
3 2383 2487 2433
3 2488 2384 2413
3 2490 2240 2292
3 2489 2437 2418
3 2438 2491 2415
3 2491 2436 2415
3 2293 2357 2232
3 2418 2417 2492
3 2436 2492 2416
3 2417 2463 2492
3 2242 2359 2385
3 2492 2463 2416
3 2295 2342 2439
3 2441 2465 2364
3 2421 2465 2441
3 2421 2466 2465
3 2493 2444 2364
3 2362 2323 2468
3 2469 2448 2446
3 2423 2237 2494
3 2237 2367 2494
3 2350 2331 2495
3 2370 2264 2471
3 2251 2496 2332
3 2471 2264 2399
3 2424 2398 2473
3 2475 2497 2251
3 2373 2450 2498
3 2477 2287 2478
3 2401 2373 2499
3 2373 2498 2499
3 2500 2426 2182
3 2401 2499 2452
3 2481 2267 2266
3 2482 2267 2481
3 2353 2427 2479
3 2479 2402 2501
3 2402 2376 2502
3 2402 2502 2501
3 2268 2378 2504
3 2454 2268 2504
3 2454 2504 2455
3 2484 2505 2337
3 2431 2337 2505
3 2456 2457 2506
3 2410 2431 2507
3 2508 2339 2381
3 2508 2411 2339
3 2382 2185 2486
3 2384 2510 2434
3 2433 2488 2413
3 2491 2511 2436
3 2513 2292 2216
3 2340 2513 2216
3 2414 2434 2461
3 2461 2491 2438
3 2340 2198 2341
3 2515 2341 2273
3 2418 2492 2514
3 2514 2492 2436
3 2275 2386 2435
3 2440 2462 2516
3 2156 2139 2517
3 2440 2518 2466
3 2465 2466 2493
3 2465 2493 2364
3 2345 2346 2443
3 2444 2469 2391
3 2520 2522 2448
3 2448 2522 2447
3 2303 2523 2365
3 2303 2392 2523
3 2447 2522 2449
3 2331 2370 2524
3 2370 2471 2524
3 2399 2476 2526
3 2472 2525 2474
3 2398 2474 2473
3 2182 2334 2500
3 2266 2312 2481
3 2452 2499 2527
3 2502 2376 2483
3 2502 2528 2501
3 2353 2503 2336
3 2452 2527 2483
3 2455 2529 2429
3 2484 2408 2456
3 2486 2320 2509
3 2488 2510 2384
3 2460 2487 2383
3 2487 2488 2433
3 2530 2437 2489
3 2511 2512 2436
3 2490 2293 2240
3 2512 2514 2436
3 2273 2531 2515
3 2440 2516 2518
3 2439 2342 2533
3 2442 2533 2342
3 2518 2519 2466
3 2535 2536 2520
3 2493 2521 2444
3 2520 2448 2521
3 2346 2246 2537
3 2521 2469 2444
3 2246 2445 2537
3 2469 2521 2448
3 2522 2538 2449
3 2392 2350 2495
3 2539 2494 2367
3 2396 2449 2472
3 2495 2331 2524
3 2251 2540 2496
3 2471 2399 2526
3 2251 2497 2540
3 2451 2497 2475
3 2473 2474 2541
3 2473 2541 2450
3 2499 2498 2543
3 2499 2543 2527
3 2483 2527 2544
3 2336 2503 2354
3 2455 2504 2529
3 2429 2529 2546
3 2547 2429 2546
3 2409 2458 2548
3 2338 2549 2381
3 2460 2551 2487
3 2550 2530 2489
3 2530 2552 2437
3 2418 2550 2489
3 2437 2552 2462
3 2491 2461 2553
3 2553 2461 2434
3 2552 2554 2462
3 2359 2532 2385
3 2532 2359 2439
3 2156 2517 2243
3 2259 2443 2556
3 2535 2557 2536
3 2466 2519 2534
3 2519 2535 2520
3 2346 2558 2443
3 2493 2466 2534
3 2534 2519 2520
3 2493 2534 2521
3 2534 2520 2521
3 2520 2536 2560
3 2520 2560 2522
3 2449 2538 2563
3 2332 2539 2367
3 2564 2265 2470
3 2451 2540 2497
3 2565 2451 2400
3 2566 2400 2252
3 2541 2498 2450
3 2476 2477 2542
3 2503 2353 2479
3 2479 2501 2503
3 2528 2502 2567
3 2502 2483 2567
3 2378 2354 2568
3 2405 2315 2545
3 2315 2430 2545
3 2457 2429 2547
3 2506 2484 2456
3 2430 2409 2548
3 2506 2457 2570
3 2458 2410 2507
3 2355 2549 2338
3 2549 2508 2381
3 2571 2289 2382
3 2573 2510 2488
3 2574 2434 2510
3 2575 2512 2511
3 2551 2488 2487
3 2575 2511 2491
3 2575 2491 2553
3 2576 2514 2512
3 2418 2514 2576
3 2552 2577 2554
3 2385 2531 2273
3 2462 2554 2516
3 2139 2259 2555
3 2259 2556 2555
3 2578 2519 2518
3 2519 2578 2535
3 2557 2559 2536
3 2559 2579 2536
3 2346 2537 2558
3 2536 2579 2561
3 2423 2494 2580
3 2392 2495 2562
3 2449 2563 2472
3 2332 2496 2539
3 2582 2525 2472
3 2526 2476 2583
3 2583 2476 2542
3 2474 2525 2584
3 2541 2474 2584
3 2564 2311 2265
3 2453 2480 2587
3 2527 2543 2588
3 2588 2544 2527
3 2354 2503 2568
3 2504 2378 2568
3 2504 2568 2529
3 2380 2549 2355
3 2508 2590 2411
3 2571 2382 2486
3 2432 2591 2459
3 2411 2590 2432
3 2459 2572 2460
3 2550 2418 2576
3 2530 2592 2552
3 2272 2509 2320
3 2513 2593 2292
3 2272 2435 2594
3 2139 2555 2517
3 2595 2578 2518
3 2560 2536 2561
3 2445 2423 2537
3 2561 2579 2596
3 2472 2563 2581
3 2524 2471 2526
3 2472 2581 2582
3 2540 2599 2496
3 2525 2582 2600
3 2600 2584 2525
3 2584 2601 2585
3 2601 2602 2585
3 2566 2565 2400
3 2541 2584 2603
3 2603 2584 2586
3 2584 2585 2586
3 2541 2603 2498
3 2603 2586 2604
3 2498 2603 2543
3 2478 2605 2477
3 2603 2607 2543
3 2478 2453 2605
3 2606 2481 2312
3 2500 2608 2426
3 2543 2607 2588
3 2588 2610 2544
3 2588 2609 2610
3 2568 2503 2611
3 2503 2501 2611
3 2483 2544 2567
3 2568 2611 2529
3 2501 2589 2611
3 2501 2528 2613
3 2589 2501 2613
3 2484 2506 2505
3 2569 2457 2547
3 2505 2507 2431
3 2571 2485 2289
3 2615 2573 2488
3 2617 2618 2616
3 2573 2574 2510
3 2618 2617 2619
3 2551 2615 2488
3 2434 2620 2553
3 2575 2553 2620
3 2621 2622 2550
3 2622 2530 2550
3 2550 2576 2621
3 2621 2576 2512
3 2592 2577 2552
3 2593 2490 2292
3 2340 2341 2623
3 2515 2623 2341
3 2293 2624 2357
3 2594 2435 2625
3 2435 2386 2625
3 2626 2274 2357
3 2627 2557 2535
3 2595 2627 2535
3 2578 2595 2535
3 2443 2558 2556
3 2559 2628 2579
3 2362 2468 2629
3 2579 2628 2630
3 2537 2423 2580
3 2579 2630 2596
3 2560 2561 2597
3 2560 2597 2522
3 2580 2494 2632
3 2597 2538 2522
3 2597 2561 2596
3 2495 2524 2633
3 2494 2539 2598
3 2634 2524 2526
3 2540 2451 2635
3 2584 2600 2601
3 2566 2252 2426
3 2311 2606 2312
3 2603 2604 2636
3 2607 2637 2638
3 2609 2588 2607
3 2609 2607 2638
3 2638 2637 2639
3 2610 2609 2638
3 2567 2544 2640
3 2567 2612 2528
3 2528 2612 2613
3 2642 2507 2505
3 2506 2570 2643
3 2573 2644 2574
3 2645 2617 2616
3 2647 2615 2551
3 2617 2646 2619
3 2622 2616 2618
3 2572 2551 2460
3 2575 2648 2512
3 2574 2620 2434
3 2622 2592 2530
3 2509 2272 2594
3 2490 2649 2293
3 2626 2360 2274
3 2627 2651 2557
3 2652 2627 2595
3 2557 2651 2559
3 2559 2651 2653
3 2442 2467 2654
3 2559 2653 2628
3 2360 2631 2390
3 2467 2362 2654
3 2468 2365 2655
3 2631 2470 2390
3 2597 2596 2656
3 2597 2656 2538
3 2632 2494 2598
3 2657 2600 2582
3 2601 2658 2602
3 2583 2542 2659
3 2607 2603 2636
3 2480 2377 2587
3 2607 2636 2637
3 2482 2481 2661
3 2637 2662 2663
3 2637 2663 2639
3 2567 2640 2612
3 2640 2544 2610
3 2610 2638 2641
3 2638 2639 2641
3 2529 2611 2546
3 2505 2506 2642
3 2457 2569 2570
3 2485 2665 2380
3 2665 2666 2380
3 2380 2666 2549
3 2615 2644 2573
3 2614 2591 2432
3 2644 2667 2574
3 2591 2572 2459
3 2668 2616 2648
3 2616 2622 2648
3 2572 2647 2551
3 2619 2646 2669
3 2648 2621 2512
3 2648 2622 2621
3 2618 2670 2622
3 2618 2619 2670
3 2619 2669 2671
3 2622 2670 2592
3 2649 2624 2293
3 2531 2672 2515
3 2515 2672 2623
3 2243 2517 2650
3 2652 2518 2516
3 2627 2673 2651
3 2652 2595 2518
3 2537 2675 2558
3 2629 2468 2655
3 2630 2676 2596
3 2523 2392 2562
3 2656 2563 2538
3 2495 2633 2562
3 2633 2524 2634
3 2539 2496 2678
3 2634 2526 2583
3 2600 2657 2658
3 2600 2658 2601
3 2565 2635 2451
3 2542 2477 2660
3 2564 2606 2311
3 2585 2602 2586
3 2604 2586 2679
3 2587 2377 2335
3 2500 2334 2680
3 2405 2404 2314
3 2610 2641 2640
3 2641 2681 2683
3 2611 2589 2684
3 2547 2546 2685
3 2430 2548 2687
3 2642 2506 2643
3 2548 2458 2664
3 2458 2507 2664
3 2590 2614 2432
3 2617 2688 2646
3 2689 2645 2616
3 2667 2620 2574
3 2689 2616 2668
3 2620 2668 2575
3 2668 2648 2575
3 2340 2623 2672
3 2691 2531 2385
3 2243 2650 2386
3 2652 2673 2627
3 2673 2674 2651
3 2439 2533 2692
3 2651 2674 2653
3 2654 2362 2693
3 2362 2629 2693
3 2365 2523 2655
3 2676 2677 2596
3 2656 2596 2695
3 2596 2677 2695
3 2676 2694 2677
3 2677 2694 2696
3 2656 2695 2563
3 2695 2697 2563
3 2697 2581 2563
3 2581 2657 2582
3 2657 2698 2658
3 2658 2698 2699
3 2540 2635 2599
3 2660 2477 2605
3 2639 2663 2681
3 2640 2701 2612
3 2640 2641 2701
3 2641 2639 2681
3 2612 2701 2682
3 2613 2612 2682
3 2611 2684 2546
3 2613 2682 2702
3 2589 2613 2684
3 2684 2613 2702
3 2703 2704 2706
3 2686 2547 2685
3 2705 2703 2706
3 2569 2547 2686
3 2570 2569 2643
3 2708 2709 2707
3 2707 2709 2711
3 2710 2508 2549
3 2707 2711 2689
3 2645 2688 2617
3 2644 2712 2667
3 2689 2711 2645
3 2688 2713 2646
3 2646 2713 2715
3 2714 2620 2667
3 2715 2669 2646
3 2619 2671 2670
3 2670 2671 2716
3 2716 2592 2670
3 2718 2340 2672
3 2719 2717 2720
3 2719 2720 2721
3 2691 2690 2531
3 2554 2722 2516
3 2532 2691 2385
3 2722 2652 2516
3 2517 2723 2650
3 2692 2533 2442
3 2580 2725 2537
3 2630 2726 2676
3 2598 2727 2632
3 2695 2677 2728
3 2728 2677 2696
3 2729 2633 2634
3 2598 2539 2678
3 2697 2728 2698
3 2697 2657 2581
3 2697 2698 2657
3 2634 2583 2700
3 2658 2730 2602
3 2602 2730 2731
3 2608 2500 2680
3 2453 2587 2605
3 2604 2679 2733
3 2682 2701 2703
3 2703 2701 2704
3 2684 2702 2546
3 2702 2682 2703
3 2705 2702 2703
3 2430 2687 2545
3 2705 2706 2734
3 2735 2738 2737
3 2736 2735 2737
3 2737 2738 2712
3 2736 2737 2712
3 2741 2712 2644
3 2571 2739 2485
3 2508 2740 2590
3 2614 2590 2740
3 2707 2689 2714
3 2712 2714 2667
3 2714 2689 2668
3 2714 2668 2620
3 2743 2577 2592
3 2743 2717 2722
3 2717 2719 2722
3 2743 2722 2577
3 2717 2745 2720
3 2722 2554 2577
3 2672 2531 2690
3 2722 2719 2746
3 2719 2721 2746
3 2721 2720 2747
3 2652 2722 2746
3 2652 2746 2673
3 2532 2439 2748
3 2746 2674 2673
3 2558 2749 2556
3 2653 2724 2628
3 2537 2725 2675
3 2629 2750 2693
3 2580 2752 2725
3 2655 2523 2751
3 2753 2523 2562
3 2580 2632 2754
3 2755 2756 2694
3 2676 2755 2694
3 2695 2728 2697
3 2728 2696 2757
3 2658 2699 2730
3 2659 2542 2660
3 2587 2335 2759
3 2636 2604 2733
3 2636 2733 2637
3 2334 2404 2761
3 2701 2763 2704
3 2641 2683 2701
3 2546 2702 2685
3 2765 2702 2734
3 2702 2705 2734
3 2734 2706 2767
3 2708 2769 2709
3 2770 2735 2736
3 2709 2769 2772
3 2773 2770 2736
3 2709 2774 2711
3 2771 2707 2775
3 2736 2712 2741
3 2775 2707 2714
3 2711 2774 2645
3 2774 2688 2645
3 2615 2741 2644
3 2615 2647 2777
3 2591 2777 2572
3 2777 2647 2572
3 2669 2716 2671
3 2742 2717 2743
3 2716 2743 2592
3 2778 2340 2718
3 2593 2779 2490
3 2780 2718 2672
3 2717 2744 2745
3 2690 2781 2672
3 2624 2626 2357
3 2747 2720 2745
3 2746 2721 2782
3 2721 2747 2782
3 2746 2782 2674
3 2674 2783 2653
3 2783 2784 2653
3 2784 2724 2653
3 2724 2630 2628
3 2629 2655 2750
3 2655 2751 2750
3 2630 2785 2726
3 2632 2727 2754
3 2633 2729 2786
3 2678 2727 2598
3 2729 2634 2700
3 2787 2698 2728
3 2728 2757 2787
3 2787 2699 2698
3 2496 2789 2678
3 2788 2564 2470
3 2565 2790 2635
3 2606 2791 2481
3 2791 2661 2481
3 2482 2661 2760
3 2733 2662 2637
3 2662 2792 2663
3 2404 2405 2762
3 2545 2762 2405
3 2701 2683 2763
3 2685 2702 2765
3 2685 2765 2686
3 2569 2686 2766
3 2767 2706 2768
3 2793 2708 2771
3 2771 2708 2707
3 2794 2735 2770
3 2709 2772 2774
3 2775 2712 2738
3 2688 2796 2713
3 2666 2710 2549
3 2773 2736 2741
3 2773 2741 2795
3 2777 2795 2615
3 2795 2741 2615
3 2775 2714 2712
3 2571 2486 2509
3 2798 2799 2669
3 2669 2799 2716
3 2799 2742 2743
3 2742 2744 2717
3 2716 2799 2743
3 2490 2779 2649
3 2744 2800 2745
3 2780 2672 2781
3 2748 2439 2692
3 2558 2675 2749
3 2802 2676 2726
3 2676 2802 2755
3 2562 2633 2786
3 2599 2803 2496
3 2731 2586 2602
3 2426 2804 2566
3 2804 2758 2566
3 2335 2482 2732
3 2731 2679 2586
3 2679 2731 2805
3 2334 2761 2680
3 2733 2679 2805
3 2704 2763 2764
3 2704 2764 2807
3 2734 2767 2765
3 2810 2772 2769
3 2739 2665 2485
3 2710 2740 2508
3 2614 2740 2776
3 2811 2591 2614
3 2813 2797 2742
3 2798 2669 2715
3 2798 2742 2799
3 2742 2815 2744
3 2744 2815 2800
3 2778 2513 2340
3 2594 2625 2816
3 2800 2817 2745
3 2745 2817 2801
3 2745 2801 2747
3 2818 2360 2626
3 2692 2442 2820
3 2782 2747 2821
3 2747 2819 2821
3 2782 2821 2674
3 2821 2783 2674
3 2556 2749 2555
3 2654 2693 2823
3 2785 2630 2724
3 2580 2754 2752
3 2753 2562 2786
3 2754 2727 2824
3 2727 2678 2824
3 2825 2696 2694
3 2787 2757 2826
3 2787 2826 2699
3 2803 2789 2496
3 2759 2335 2732
3 2404 2762 2761
3 2663 2792 2827
3 2663 2827 2681
3 2765 2806 2686
3 2704 2807 2828
3 2767 2809 2765
3 2706 2704 2828
3 2794 2829 2735
3 2735 2830 2738
3 2831 2794 2770
3 2831 2770 2773
3 2776 2811 2614
3 2811 2777 2591
3 2813 2812 2797
3 2713 2798 2715
3 2571 2509 2833
3 2813 2742 2798
3 2742 2797 2815
3 2815 2817 2800
3 2834 2778 2718
3 2386 2650 2835
3 2801 2819 2747
3 2821 2822 2783
3 2724 2784 2785
3 2785 2802 2726
3 2523 2837 2751
3 2523 2753 2837
3 2752 2754 2824
3 2729 2700 2838
3 2696 2825 2839
3 2696 2839 2757
3 2826 2757 2839
3 2826 2730 2699
3 2732 2482 2760
3 2731 2841 2805
3 2733 2805 2842
3 2842 2662 2733
3 2842 2792 2662
3 2763 2843 2764
3 2763 2683 2843
3 2683 2681 2844
3 2686 2806 2766
3 2765 2809 2806
3 2706 2828 2768
3 2708 2793 2769
3 2845 2810 2769
3 2846 2771 2775
3 2846 2775 2832
3 2810 2847 2772
3 2738 2832 2775
3 2774 2848 2688
3 2849 2798 2713
3 2849 2813 2798
3 2509 2594 2816
3 2834 2718 2780
3 2850 2781 2690
3 2386 2835 2625
3 2517 2555 2851
3 2821 2819 2822
3 2755 2852 2756
3 2825 2694 2756
3 2838 2786 2729
3 2678 2853 2824
3 2838 2700 2854
3 2583 2659 2840
3 2599 2635 2855
3 2730 2856 2731
3 2731 2856 2858
3 2564 2791 2606
3 2758 2565 2566
3 2731 2858 2859
3 2804 2426 2608
3 2859 2841 2731
3 2805 2841 2860
3 2842 2861 2792
3 2681 2827 2844
3 2683 2844 2862
3 2642 2863 2507
3 2642 2643 2863
3 2643 2808 2863
3 2569 2766 2864
3 2664 2507 2865
3 2808 2643 2866
3 2643 2569 2866
3 2766 2806 2867
3 2868 2793 2771
3 2829 2830 2735
3 2793 2845 2769
3 2772 2847 2774
3 2774 2847 2848
3 2773 2795 2869
3 2848 2796 2688
3 2870 2849 2713
3 2870 2713 2796
3 2872 2869 2795
3 2812 2813 2849
3 2872 2777 2811
3 2872 2795 2777
3 2833 2509 2814
3 2873 2834 2780
3 2780 2781 2873
3 2873 2781 2850
3 2691 2532 2748
3 2874 2801 2817
3 2517 2851 2723
3 2875 2819 2801
3 2875 2876 2877
3 2875 2877 2819
3 2820 2442 2654
3 2555 2749 2836
3 2822 2784 2783
3 2878 2784 2822
3 2693 2750 2879
3 2880 2852 2755
3 2880 2802 2785
3 2880 2755 2802
3 2824 2881 2752
3 2678 2789 2853
3 2700 2583 2840
3 2659 2660 2840
3 2660 2605 2857
3 2680 2761 2882
3 2805 2860 2842
3 2861 2842 2860
3 2792 2861 2883
3 2883 2827 2792
3 2683 2862 2843
3 2863 2865 2507
3 2664 2884 2548
3 2664 2865 2884
3 2830 2886 2738
3 2738 2886 2832
3 2773 2869 2831
3 2871 2812 2870
3 2848 2870 2796
3 2870 2812 2849
3 2889 2776 2740
3 2739 2571 2833
3 2797 2890 2815
3 2890 2817 2815
3 2891 2892 2893
3 2894 2690 2691
3 2891 2893 2876
3 2748 2894 2691
3 2874 2875 2801
3 2874 2876 2875
3 2748 2692 2895
3 2876 2893 2877
3 2877 2893 2896
3 2555 2836 2851
3 2818 2631 2360
3 2819 2877 2822
3 2822 2877 2878
3 2878 2785 2784
3 2878 2880 2785
3 2752 2898 2725
3 2753 2786 2837
3 2824 2853 2881
3 2826 2899 2730
3 2599 2855 2803
3 2790 2855 2635
3 2791 2901 2661
3 2605 2587 2759
3 2605 2759 2900
3 2861 2860 2902
3 2862 2904 2843
3 2843 2904 2764
3 2904 2905 2764
3 2569 2864 2866
3 2764 2905 2807
3 2864 2766 2867
3 2806 2809 2906
3 2809 2767 2907
3 2767 2768 2907
3 2908 2829 2794
3 2868 2771 2846
3 2910 2794 2831
3 2887 2847 2810
3 2848 2871 2870
3 2739 2911 2665
3 2888 2740 2710
3 2888 2889 2740
3 2776 2872 2811
3 2912 2913 2891
3 2891 2913 2892
3 2914 2779 2593
3 2624 2915 2626
3 2891 2876 2874
3 2894 2850 2690
3 2749 2916 2836
3 2749 2675 2916
3 2877 2896 2917
3 2725 2918 2675
3 2878 2877 2917
3 2725 2898 2918
3 2880 2919 2852
3 2852 2920 2922
3 2751 2837 2921
3 2752 2881 2898
3 2922 2756 2852
3 2922 2825 2756
3 2881 2923 2898
3 2853 2923 2881
3 2925 2923 2853
3 2700 2840 2926
3 2826 2839 2899
3 2899 2856 2730
3 2758 2790 2565
3 2858 2927 2859
3 2680 2882 2608
3 2927 2841 2859
3 2841 2902 2860
3 2861 2902 2903
3 2861 2903 2883
3 2883 2903 2929
3 2903 2928 2930
3 2929 2903 2930
3 2844 2827 2931
3 2687 2548 2932
3 2867 2806 2906
3 2905 2933 2807
3 2809 2934 2906
3 2828 2807 2885
3 2936 2793 2868
3 2845 2909 2810
3 2868 2846 2937
3 2909 2887 2810
3 2886 2937 2832
3 2937 2846 2832
3 2939 2871 2848
3 2666 2888 2710
3 2812 2940 2890
3 2812 2890 2797
3 2509 2816 2814
3 2941 2912 2942
3 2942 2912 2891
3 2942 2874 2817
3 2942 2891 2874
3 2649 2915 2624
3 2895 2692 2820
3 2654 2897 2820
3 2851 2836 2943
3 2675 2918 2916
3 2878 2917 2919
3 2878 2919 2880
3 2918 2945 2944
3 2918 2898 2945
3 2750 2751 2879
3 2879 2751 2921
3 2898 2947 2945
3 2786 2838 2946
3 2923 2947 2898
3 2838 2854 2924
3 2925 2947 2923
3 2853 2789 2925
3 2949 2925 2789
3 2951 2564 2788
3 2899 2839 2950
3 2803 2949 2789
3 2840 2660 2857
3 2856 2952 2858
3 2760 2661 2901
3 2759 2732 2954
3 2927 2953 2841
3 2953 2902 2841
3 2902 2955 2903
3 2883 2931 2827
3 2883 2929 2931
3 2929 2930 2956
3 2957 2929 2956
3 2904 2862 2958
3 2862 2844 2958
3 2863 2808 2959
3 2864 2867 2960
3 2961 2906 2935
3 2935 2906 2934
3 2807 2933 2885
3 2935 2934 2963
3 2830 2965 2886
3 2887 2939 2847
3 2939 2848 2847
3 2911 2666 2665
3 2890 2942 2817
3 2895 2894 2748
3 2723 2851 2966
3 2916 2967 2836
3 2893 2968 2896
3 2916 2918 2967
3 2823 2897 2654
3 2944 2970 2969
3 2693 2879 2823
3 2944 2945 2970
3 2919 2971 2852
3 2971 2920 2852
3 2837 2786 2946
3 2945 2947 2972
3 2631 2788 2470
3 2947 2973 2972
3 2974 2947 2925
3 2974 2973 2947
3 2825 2948 2839
3 2949 2974 2925
3 2977 2949 2803
3 2899 2976 2978
3 2855 2977 2803
3 2899 2952 2856
3 2899 2978 2952
3 2951 2791 2564
3 2927 2952 2978
3 2952 2927 2858
3 2927 2978 2981
3 2981 2978 2980
3 2902 2953 2955
3 2931 2929 2957
3 2844 2931 2958
3 2545 2687 2983
3 2548 2884 2932
3 2959 2865 2863
3 2984 2905 2904
3 2984 2957 2985
3 2867 2961 2960
3 2867 2906 2961
3 2962 2961 2935
3 2962 2935 2963
3 2828 2885 2986
3 2936 2964 2793
3 2964 2845 2793
3 2908 2988 2829
3 2910 2908 2794
3 2988 2830 2829
3 2965 2937 2886
3 2910 2831 2938
3 2938 2831 2989
3 2831 2869 2989
3 2911 2991 2666
3 2990 2776 2889
3 2871 2940 2812
3 2992 2912 2941
3 2912 2993 2913
3 2994 2942 2890
3 2994 2941 2942
3 2513 2914 2593
3 2779 2996 2649
3 2995 2893 2892
3 2996 2915 2649
3 2873 2850 2997
3 2851 2943 2998
3 2967 2944 2999
3 2944 2969 2999
3 2918 2944 2967
3 2896 2968 2917
3 2917 2971 2919
3 2921 2837 3000
3 3000 2837 2946
3 2838 2924 2946
3 2922 2948 2825
3 2948 2950 2839
3 3001 2973 2974
3 2899 2950 2975
3 2899 2975 2976
3 3002 2978 2976
3 2979 2855 2790
3 2979 3003 2855
3 2608 3004 2804
3 2953 2927 2981
3 2732 2760 3005
3 2981 2980 3006
3 2953 2981 3006
3 2903 2955 2928
3 2930 2928 2982
3 2762 2545 2983
3 2956 2930 3009
3 2931 2957 2958
3 2687 2932 2983
3 2904 2958 2984
3 2957 2956 2985
3 2984 2958 2957
3 2984 2985 3010
3 2984 3011 2905
3 2905 3011 2933
3 2985 3012 3010
3 2962 2963 3013
3 2934 3014 2963
3 2934 2809 3014
3 2809 2907 3014
3 2964 2987 2845
3 2936 2868 3015
3 2988 2965 2830
3 2868 2937 3015
3 2990 2989 2776
3 2939 3016 2871
3 2776 2989 2872
3 2989 2869 2872
3 2666 2991 2888
3 2990 2889 3018
3 2871 3017 2940
3 2991 3018 2888
3 3018 2889 2888
3 2739 3019 2911
3 3020 2834 2997
3 2997 2834 2873
3 2997 2850 2894
3 2895 2997 2894
3 2915 2818 2626
3 3021 2895 2820
3 2966 2851 2998
3 2897 3021 2820
3 2836 2967 2943
3 2999 2969 3022
3 2970 3025 2969
3 2823 2879 3026
3 2968 3027 2917
3 3024 3023 3028
3 2945 3029 2970
3 2945 3031 3029
3 2631 3030 2788
3 2972 3031 2945
3 3032 3028 3033
3 2854 2700 2926
3 3035 3032 2979
3 3032 3033 2979
3 3001 3036 2973
3 2979 3033 3003
3 2977 3037 2949
3 3037 2974 2949
3 3003 2977 2855
3 3037 3038 2974
3 2974 3038 3001
3 3002 2980 2978
3 2954 2732 3005
3 2882 3004 2608
3 2955 3007 3008
3 3008 2928 2955
3 2932 2884 3039
3 2959 2808 2866
3 2985 2956 3009
3 2985 3009 3012
3 2984 3010 3011
3 2960 2961 2962
3 3011 2885 2933
3 2768 2828 2986
3 3041 2987 2964
3 3015 2937 2965
3 2909 3042 2887
3 3043 2939 2887
3 2739 2833 3044
3 2992 2941 3045
3 3045 2941 2994
3 3020 2778 2834
3 3046 2997 2895
3 3047 2818 2915
3 2650 2723 3048
3 2723 2966 3048
3 3050 2999 3049
3 2967 2999 3050
3 2943 2967 3050
3 2995 3052 2893
3 2966 2998 3023
3 2966 3023 3024
3 3053 2966 3024
3 3052 2968 2893
3 3023 2998 3054
3 2970 3029 3025
3 2917 3027 2971
3 2879 2921 3055
3 3023 3054 3056
3 2921 3000 3055
3 3057 3024 3028
3 3023 3056 3028
3 3028 3056 3033
3 3057 3028 3032
3 2972 3034 3031
3 2973 3034 2972
3 2951 2788 3058
3 3059 3034 2973
3 3057 3032 3035
3 3036 3059 2973
3 3061 3037 3003
3 3003 3037 2977
3 3062 3001 3038
3 2857 2605 3063
3 2758 2979 2790
3 2605 2900 3063
3 2900 2759 3064
3 2901 3005 2760
3 2953 3065 2955
3 2953 3006 3065
3 3065 3007 2955
3 3007 3065 3067
3 3007 3067 3068
3 3068 3008 3007
3 2982 2928 3008
3 2884 2865 2959
3 2864 2960 2866
3 3040 2960 2962
3 3040 2962 3013
3 3010 3012 3070
3 2768 2986 3073
3 2907 3073 3072
3 2907 2768 3073
3 2987 2909 2845
3 3074 2965 2988
3 2910 2938 3075
3 2938 2989 3076
3 2939 3043 3016
3 3016 3017 2871
3 3018 3077 2990
3 3044 2833 2814
3 2890 3078 2994
3 3045 2994 3078
3 2913 3079 2892
3 3079 2995 2892
3 2625 2835 3080
3 3049 2999 3022
3 2969 3051 3022
3 3046 3021 3081
3 3046 2895 3021
3 3047 3082 2818
3 3048 2966 3053
3 2969 3025 3051
3 3083 3053 3024
3 2879 3055 3026
3 3031 3084 3029
3 3000 2946 2924
3 3058 2788 3030
3 3031 3034 3084
3 2975 3060 2976
3 3060 3002 2976
3 3085 2791 2951
3 3003 3033 3061
3 3086 3038 3037
3 3087 3088 2758
3 3088 2979 2758
3 2804 3087 2758
3 3068 3067 3089
3 2761 2762 3090
3 2982 3069 2930
3 3012 3009 3091
3 3070 3012 3092
3 3011 3094 2885
3 3010 3070 3093
3 3013 2963 3071
3 3098 3041 2964
3 2987 3099 2909
3 3100 3098 2936
3 3101 2988 2908
3 3015 3100 2936
3 2910 3101 2908
3 3102 3074 2988
3 3101 2910 3075
3 3075 2938 3076
3 3103 2887 3042
3 2990 3076 2989
3 3103 3043 2887
3 3044 3019 2739
3 2940 3078 2890
3 2992 2993 2912
3 2814 2816 3104
3 3020 3105 2778
3 3049 3022 3106
3 3022 3051 3106
3 3051 3025 3107
3 2943 3054 2998
3 2818 3082 2631
3 3024 3057 3083
3 2971 3108 2920
3 2922 3110 2948
3 3059 3112 3034
3 3113 3085 2951
3 3036 3112 3059
3 2791 3114 2901
3 3061 3086 3037
3 3062 3115 3001
3 3065 3006 3117
3 2980 3066 3006
3 3065 3117 3067
3 2930 3069 3009
3 3012 3091 3092
3 3010 3093 3011
3 3014 2907 3118
3 2986 2885 3094
3 2907 3072 3118
3 3122 3121 3097
3 3121 3095 3097
3 3095 3096 3098
3 3095 3098 3097
3 3124 3125 3123
3 3098 3126 3041
3 3097 3098 3100
3 3123 3125 3102
3 3102 3125 3074
3 3125 3100 3074
3 3098 2964 2936
3 3102 2988 3101
3 3074 3100 2965
3 3100 3015 2965
3 3045 3129 2992
3 2914 2996 2779
3 3130 3020 2997
3 2816 2625 3080
3 3106 3051 3131
3 3132 3130 2997
3 3051 3133 3131
3 3132 2997 3046
3 3050 3049 3134
3 3136 3132 3046
3 2650 3048 3135
3 2943 3050 3134
3 3051 3107 3133
3 3081 3021 3137
3 3021 2897 3137
3 3082 3030 2631
3 3139 3140 3027
3 3139 3027 2968
3 3029 3141 3025
3 3027 3142 2971
3 2971 3142 3108
3 3084 3141 3029
3 3108 2922 2920
3 3034 3111 3084
3 2922 3109 3110
3 3058 3113 2951
3 2950 2948 3143
3 2975 2950 3143
3 2975 3143 3060
3 3144 3002 3060
3 3056 3061 3033
3 3085 3114 2791
3 3035 2979 3088
3 3145 3112 3036
3 3001 3115 3036
3 3115 3145 3036
3 3146 3038 3086
3 3038 3146 3062
3 3146 3147 3062
3 3147 3115 3062
3 2761 3116 2882
3 3009 3069 3091
3 3148 2866 3149
3 2866 2960 3149
3 3149 2960 3040
3 3040 3013 3150
3 3094 3011 3151
3 3151 3011 3093
3 3118 2963 3014
3 2986 3094 3119
3 3119 3094 3153
3 3094 3152 3153
3 2963 3118 3120
3 2986 3119 3154
3 3073 2986 3154
3 3119 3153 3155
3 3071 2963 3120
3 3072 3073 3156
3 3156 3073 3154
3 3095 3157 3096
3 3096 3157 3158
3 3096 3158 3126
3 3126 3098 3096
3 3097 3100 3122
3 3041 3099 2987
3 3159 3123 3102
3 3160 3100 3125
3 3101 3161 3102
3 2909 3128 3042
3 3163 3162 3127
3 3162 3075 3127
3 3075 3164 3101
3 3127 3075 3076
3 3128 3103 3042
3 3127 3076 3165
3 2990 3165 3076
3 3016 3166 3017
3 3019 2991 2911
3 3167 3129 3045
3 3078 3167 3045
3 2992 3168 2993
3 2993 3170 2913
3 2778 3171 2513
3 3172 2914 2513
3 3079 3173 2995
3 3049 3106 3174
3 2835 3175 3080
3 2835 2650 3176
3 3046 3081 3136
3 2943 3138 3054
3 3052 3139 2968
3 3108 3109 2922
3 3000 2924 3177
3 3178 3057 3035
3 3112 3111 3034
3 3143 2948 3110
3 3143 3144 3060
3 3180 3146 3086
3 3006 3066 3117
3 3090 3116 2761
3 3089 3067 3181
3 3068 3089 3182
3 3068 3182 3008
3 3182 3089 3183
3 3008 3069 2982
3 2959 2866 3184
3 2866 3148 3184
3 3094 3151 3152
3 3118 3072 3156
3 3154 3119 3155
3 3153 3152 3186
3 3153 3186 3155
3 3187 3095 3121
3 3188 3124 3123
3 3188 3123 3159
3 3126 3099 3041
3 3122 3100 3160
3 3189 3162 3163
3 3164 3161 3101
3 3162 3164 3075
3 3190 3163 3127
3 3191 3043 3103
3 3077 3165 2990
3 3193 3166 3191
3 3193 3194 3166
3 3191 3016 3043
3 3191 3166 3016
3 3077 3018 3195
3 3166 3196 3017
3 3196 3197 3017
3 3017 3197 2940
3 3129 3168 2992
3 3197 3078 2940
3 3044 2814 3169
3 3170 3079 2913
3 3105 3171 2778
3 3171 3172 2513
3 3104 2816 3080
3 3134 3049 3198
3 3198 3049 3174
3 3173 3052 2995
3 3134 3138 2943
3 3025 3199 3107
3 3025 3200 3199
3 2897 2823 3201
3 3025 3141 3200
3 3138 3203 3054
3 3026 3055 3204
3 3142 3027 3140
3 3084 3205 3141
3 3083 3057 3202
3 3203 3056 3054
3 3084 3206 3205
3 3084 3111 3206
3 3112 3207 3111
3 3056 3086 3061
3 3178 3035 3088
3 3144 3179 3002
3 3145 3207 3112
3 3063 2900 3064
3 2954 3005 3208
3 3004 3209 2804
3 3209 3087 2804
3 2980 3211 3066
3 3183 3089 3212
3 3008 3182 3069
3 2884 2959 3184
3 3040 3150 3185
3 3093 3070 3213
3 3070 3092 3213
3 3156 3154 3214
3 3214 3154 3215
3 3154 3155 3215
3 3215 3155 3216
3 3187 3157 3095
3 3157 3217 3158
3 3122 3160 3218
3 3126 3219 3099
3 3099 3128 2909
3 3159 3102 3161
3 3190 3127 3222
3 3221 3191 3103
3 3221 3193 3191
3 3127 3165 3222
3 3192 3194 3193
3 3166 3194 3196
3 3196 3194 3224
3 3194 3223 3224
3 2991 3225 3018
3 3226 3129 3167
3 3197 3167 3078
3 3227 3170 2993
3 3170 3228 3079
3 2814 3104 3169
3 3106 3131 3231
3 3174 3106 3230
3 3229 3173 3079
3 3135 3048 3053
3 3233 3053 3083
3 2897 3201 3137
3 2823 3026 3201
3 3141 3234 3200
3 3233 3083 3202
3 3204 3055 3235
3 3055 3000 3235
3 3141 3205 3234
3 3064 2759 2954
3 2882 3238 3004
3 3002 3210 2980
3 3180 3147 3146
3 3210 3211 2980
3 3117 3181 3067
3 3089 3181 3240
3 3212 3089 3240
3 2762 3241 3090
3 2762 2983 3241
3 3039 2884 3184
3 3091 3069 3242
3 3092 3091 3242
3 3151 3093 3243
3 3151 3244 3152
3 3118 3246 3120
3 3118 3156 3246
3 3246 3156 3248
3 3248 3156 3249
3 3156 3214 3249
3 3124 3188 3250
3 3219 3126 3158
3 3218 3160 3125
3 3220 3128 3099
3 3190 3254 3163
3 3128 3221 3103
3 3193 3255 3192
3 3192 3223 3194
3 3195 3222 3077
3 3077 3222 3165
3 3195 3018 3225
3 3256 3226 3167
3 3019 3257 2991
3 3257 3225 2991
3 3224 3197 3196
3 3168 3227 2993
3 3230 3106 3231
3 3231 3131 3258
3 3131 3133 3258
3 2996 3047 2915
3 2835 3176 3175
3 3198 3232 3134
3 3107 3199 3260
3 2650 3135 3176
3 3136 3261 3132
3 3047 3262 3082
3 3173 3139 3052
3 3263 3030 3082
3 3000 3177 3236
3 3109 3264 3110
3 3202 3057 3178
3 3111 3265 3206
3 3207 3267 3111
3 2840 2857 3269
3 3268 3179 3144
3 3178 3088 3087
3 3271 3207 3145
3 3270 3180 3086
3 3115 3271 3145
3 3180 3239 3147
3 3272 3182 3183
3 3272 3069 3182
3 3183 3212 3273
3 3040 3185 3149
3 3243 3244 3151
3 3244 3243 3275
3 3152 3244 3247
3 3155 3276 3216
3 3155 3186 3276
3 3250 3251 3124
3 3277 3125 3124
3 3159 3161 3253
3 3189 3253 3162
3 3161 3164 3253
3 3163 3254 3189
3 3253 3164 3162
3 3278 3221 3128
3 3278 3193 3221
3 3226 3168 3129
3 3279 3224 3223
3 3224 3279 3197
3 3019 3044 3280
3 3197 3279 3167
3 3228 3229 3079
3 3133 3281 3258
3 3133 3260 3281
3 3259 3198 3174
3 3133 3107 3260
3 3199 3282 3260
3 3135 3053 3233
3 3199 3200 3282
3 3137 3283 3081
3 3283 3137 3201
3 3284 3140 3139
3 3138 3285 3203
3 3142 3140 3286
3 3108 3287 3109
3 3203 3266 3056
3 3143 3110 3264
3 3289 2926 2840
3 3266 3086 3056
3 3289 2840 3237
3 3005 2901 3114
3 3178 3087 3209
3 3293 3271 3115
3 3294 3239 3180
3 3147 3293 3115
3 2932 3039 3296
3 3092 3242 3274
3 3243 3093 3297
3 3243 3297 3275
3 3093 3213 3297
3 3150 3013 3245
3 3245 3013 3298
3 3071 3120 3246
3 3214 3215 3299
3 3152 3247 3186
3 3248 3249 3300
3 3215 3216 3299
3 3217 3252 3158
3 3251 3277 3124
3 3158 3252 3219
3 3188 3159 3302
3 3303 3193 3278
3 3303 3255 3193
3 3255 3223 3192
3 3280 3044 3305
3 3044 3169 3305
3 3176 3135 3233
3 3136 3081 3307
3 3173 3308 3139
3 3262 3263 3082
3 3286 3310 3142
3 3205 3309 3234
3 3310 3108 3142
3 3311 3287 3108
3 3312 3202 3178
3 3287 3264 3109
3 3111 3267 3265
3 3313 3144 3143
3 3290 3268 3144
3 3207 3271 3291
3 3238 3209 3004
3 3179 3210 3002
3 3270 3292 3180
3 3292 3294 3180
3 3147 3295 3293
3 3239 3295 3147
3 3272 3183 3314
3 2932 3296 2983
3 3183 3273 3314
3 3069 3316 3242
3 3039 3184 3296
3 3317 3149 3185
3 3275 3297 3318
3 3275 3318 3244
3 3071 3246 3319
3 3246 3248 3319
3 3013 3071 3298
3 3248 3300 3320
3 3121 3122 3301
3 3301 3122 3218
3 3217 3321 3252
3 3302 3250 3188
3 3322 3218 3125
3 3252 3325 3219
3 3302 3159 3253
3 3219 3325 3099
3 3325 3220 3099
3 3278 3128 3220
3 3255 3326 3223
3 3190 3222 3327
3 3326 3304 3223
3 3222 3195 3225
3 3304 3279 3223
3 3280 3257 3019
3 3329 3228 3170
3 3306 3198 3259
3 2914 3172 2996
3 3260 3282 3330
3 3306 3232 3198
3 3261 3130 3132
3 3261 3136 3307
3 3232 3138 3134
3 3308 3284 3139
3 3058 3030 3263
3 3235 3000 3236
3 3233 3202 3312
3 3178 3288 3312
3 3143 3264 3313
3 3313 3334 3144
3 3144 3334 3290
3 2840 3269 3237
3 3207 3291 3267
3 3178 3209 3288
3 3238 3336 3209
3 3271 3337 3291
3 2882 3116 3238
3 3117 3066 3211
3 3272 3314 3315
3 3272 3316 3069
3 3316 3272 3315
3 3316 3315 3338
3 3339 3148 3317
3 3148 3149 3317
3 3318 3340 3244
3 3297 3341 3318
3 3297 3213 3341
3 3214 3342 3249
3 3214 3299 3342
3 3319 3248 3320
3 3187 3343 3157
3 3121 3301 3344
3 3217 3345 3321
3 3301 3218 3323
3 3277 3322 3125
3 3323 3218 3322
3 3252 3324 3325
3 3302 3253 3346
3 3325 3278 3220
3 3347 3303 3278
3 3346 3253 3189
3 3348 3254 3190
3 3226 3328 3168
3 3304 3349 3279
3 3350 3225 3257
3 3258 3351 3231
3 3352 3229 3228
3 3104 3080 3353
3 3176 3233 3175
3 3081 3283 3331
3 3234 3332 3200
3 3354 3140 3284
3 3286 3140 3354
3 3310 3311 3108
3 3206 3265 3205
3 3177 2924 3333
3 3287 3355 3264
3 3086 3266 3270
3 2857 3335 3269
3 2857 3063 3335
3 3288 3209 3336
3 3270 3357 3292
3 3294 3295 3239
3 3240 3359 3212
3 2983 3296 3241
3 3314 3360 3315
3 3361 3184 3339
3 3148 3339 3184
3 3338 3315 3360
3 3362 3274 3242
3 3364 3338 3363
3 3185 3150 3365
3 3213 3092 3274
3 3340 3366 3244
3 3150 3245 3365
3 3244 3366 3247
3 3186 3247 3367
3 3186 3367 3276
3 3299 3216 3368
3 3187 3121 3344
3 3369 3250 3302
3 3252 3370 3324
3 3371 3373 3255
3 3255 3373 3326
3 3327 3222 3374
3 3375 3328 3226
3 3222 3225 3374
3 3350 3374 3225
3 3168 3376 3227
3 3349 3377 3279
3 3227 3329 3170
3 3230 3231 3378
3 3174 3230 3378
3 3351 3258 3281
3 3281 3260 3379
3 3260 3330 3379
3 3229 3380 3173
3 3233 3381 3175
3 3081 3331 3307
3 3233 3312 3381
3 3381 3312 3382
3 3201 3026 3383
3 3026 3204 3383
3 3310 3384 3311
3 3355 3386 3264
3 3312 3288 3387
3 3313 3264 3386
3 3267 3388 3265
3 3387 3288 3336
3 3208 3005 3389
3 2954 3208 3390
3 3336 3238 3391
3 3268 3392 3179
3 3238 3116 3391
3 3271 3358 3337
3 3293 3358 3271
3 3210 3393 3211
3 3394 3294 3292
3 3117 3211 3395
3 3395 3181 3117
3 3296 3184 3361
3 3316 3362 3242
3 3396 3361 3339
3 3316 3338 3362
3 3362 3338 3364
3 3318 3341 3340
3 3298 3071 3319
3 3342 3398 3249
3 3249 3398 3300
3 3320 3300 3399
3 3344 3400 3187
3 3343 3217 3157
3 3321 3370 3252
3 3254 3346 3189
3 3347 3278 3325
3 3402 3371 3255
3 3348 3190 3372
3 3190 3327 3372
3 3326 3403 3304
3 3403 3349 3304
3 3328 3376 3168
3 3257 3280 3350
3 3406 3256 3167
3 3279 3406 3167
3 3280 3305 3407
3 3259 3174 3408
3 3351 3281 3409
3 3410 3229 3352
3 3080 3175 3353
3 3175 3381 3353
3 3380 3308 3173
3 3200 3332 3282
3 3232 3285 3138
3 3205 3413 3309
3 3205 3265 3414
3 3333 2924 3356
3 2924 2854 3356
3 2854 2926 3356
3 3382 3312 3387
3 3334 3268 3290
3 3064 2954 3416
3 3389 3005 3114
3 3391 3116 3417
3 3392 3418 3179
3 3179 3418 3210
3 3116 3090 3417
3 3395 3211 3420
3 3293 3295 3421
3 3090 3241 3419
3 3181 3359 3240
3 3241 3296 3422
3 3273 3423 3314
3 3317 3185 3397
3 3339 3317 3397
3 3185 3365 3397
3 3341 3213 3340
3 3366 3367 3247
3 3245 3298 3424
3 3298 3319 3425
3 3400 3343 3187
3 3343 3345 3217
3 3401 3251 3250
3 3369 3401 3250
3 3426 3325 3324
3 3402 3255 3303
3 3325 3426 3347
3 3427 3429 3430
3 3373 3403 3326
3 3428 3427 3431
3 3427 3430 3431
3 3431 3430 3377
3 3256 3375 3226
3 3377 3406 3279
3 3231 3351 3378
3 3174 3378 3408
3 3281 3432 3409
3 3281 3379 3432
3 3104 3353 3433
3 3130 3411 3020
3 2996 3434 3047
3 3234 3309 3332
3 3354 3284 3412
3 3383 3204 3235
3 3354 3310 3286
3 3310 3354 3384
3 3263 3385 3058
3 3058 3435 3113
3 3313 3386 3436
3 3267 3291 3415
3 3085 3437 3114
3 3063 3064 3335
3 3387 3336 3391
3 2954 3390 3416
3 3337 3438 3291
3 3357 3394 3292
3 3090 3419 3417
3 3393 3420 3211
3 3294 3439 3295
3 3439 3421 3295
3 3241 3422 3440
3 3314 3423 3441
3 3296 3361 3442
3 3296 3442 3422
3 3361 3396 3442
3 3339 3397 3444
3 3340 3213 3445
3 3213 3274 3445
3 3446 3364 3447
3 3364 3363 3447
3 3340 3445 3366
3 3425 3319 3320
3 3299 3449 3342
3 3299 3368 3449
3 3216 3276 3450
3 3370 3426 3324
3 3347 3402 3303
3 3302 3346 3452
3 3453 3427 3428
3 3453 3454 3427
3 3427 3454 3429
3 3372 3327 3374
3 3429 3405 3430
3 3404 3349 3403
3 3227 3376 3456
3 3431 3377 3404
3 3456 3329 3227
3 3406 3405 3256
3 3378 3351 3457
3 3169 3104 3433
3 3411 3459 3020
3 3410 3380 3229
3 3353 3381 3460
3 3384 3287 3311
3 3205 3414 3413
3 3436 3462 3313
3 3462 3334 3313
3 3113 3435 3085
3 3388 3267 3415
3 3387 3391 3463
3 3208 3389 3390
3 3418 3393 3210
3 3293 3421 3358
3 3395 3359 3181
3 3314 3441 3360
3 3273 3212 3423
3 3441 3443 3360
3 3363 3338 3360
3 3396 3339 3466
3 3445 3274 3362
3 3445 3362 3364
3 3445 3364 3446
3 3449 3398 3342
3 3276 3367 3468
3 3399 3300 3398
3 3368 3216 3450
3 3451 3400 3344
3 3251 3469 3277
3 3369 3302 3452
3 3454 3472 3429
3 3455 3428 3431
3 3429 3473 3405
3 3455 3403 3373
3 3403 3431 3404
3 3405 3475 3256
3 3256 3475 3375
3 3377 3430 3406
3 3430 3405 3406
3 3280 3407 3476
3 3404 3377 3349
3 3477 3228 3329
3 3477 3352 3228
3 3458 3259 3408
3 3458 3306 3259
3 3459 3105 3020
3 3172 3434 2996
3 3282 3332 3461
3 3412 3284 3308
3 3383 3283 3201
3 3412 3384 3354
3 3382 3480 3381
3 3382 3481 3480
3 3384 3482 3287
3 3385 3435 3058
3 3382 3387 3481
3 3436 3386 3485
3 3334 3486 3268
3 3487 3389 3114
3 3486 3488 3268
3 3488 3392 3268
3 3395 3490 3359
3 3395 3420 3490
3 3464 3294 3394
3 3465 3439 3294
3 3440 3422 3442
3 3442 3396 3491
3 3363 3360 3467
3 3339 3444 3466
3 3445 3446 3492
3 3363 3467 3447
3 3445 3492 3366
3 3366 3448 3367
3 3365 3245 3424
3 3424 3298 3425
3 3425 3320 3493
3 3493 3320 3494
3 3276 3468 3450
3 3451 3344 3301
3 3301 3323 3496
3 3469 3322 3277
3 3322 3496 3323
3 3470 3347 3426
3 3470 3402 3347
3 3452 3346 3497
3 3254 3497 3346
3 3471 3472 3454
3 3453 3471 3454
3 3499 3453 3428
3 3429 3472 3473
3 3500 3455 3373
3 3455 3431 3403
3 3328 3501 3376
3 3350 3280 3476
3 3456 3502 3329
3 3408 3378 3457
3 3502 3477 3329
3 3407 3305 3503
3 3477 3504 3352
3 3305 3169 3503
3 3503 3169 3433
3 3504 3478 3352
3 3478 3505 3506
3 3434 3509 3047
3 3261 3307 3479
3 3510 3308 3380
3 3510 3412 3308
3 3309 3511 3332
3 3413 3511 3309
3 3384 3512 3482
3 3482 3355 3287
3 3414 3265 3388
3 3482 3485 3355
3 3355 3485 3386
3 3356 2926 3483
3 3481 3387 3463
3 3437 3487 3114
3 3335 3064 3513
3 3391 3417 3463
3 3392 3489 3418
3 3464 3465 3294
3 3241 3440 3419
3 3360 3443 3514
3 3467 3360 3514
3 3492 3448 3366
3 3365 3424 3515
3 3424 3425 3516
3 3368 3450 3449
3 3399 3398 3517
3 3400 3518 3343
3 3519 3321 3345
3 3521 3426 3370
3 3521 3470 3426
3 3523 3524 3525
3 3525 3524 3526
3 3525 3526 3527
3 3348 3497 3254
3 3527 3471 3498
3 3527 3528 3471
3 3371 3500 3373
3 3498 3471 3453
3 3500 3499 3428
3 3472 3529 3473
3 3372 3374 3530
3 3500 3428 3455
3 3375 3531 3328
3 3474 3374 3350
3 3473 3475 3405
3 3351 3409 3532
3 3533 3458 3408
3 3534 3432 3379
3 3504 3535 3505
3 3505 3535 3536
3 3504 3505 3478
3 3478 3537 3352
3 3478 3506 3537
3 3506 3505 3538
3 3379 3330 3508
3 3353 3460 3433
3 3509 3262 3047
3 3479 3307 3540
3 3307 3331 3540
3 3460 3381 3480
3 3331 3283 3541
3 3383 3541 3283
3 3435 3437 3085
3 3270 3542 3357
3 3419 3543 3417
3 3394 3544 3464
3 3393 3545 3420
3 3490 3420 3546
3 3212 3359 3547
3 3423 3212 3547
3 3441 3548 3443
3 3446 3549 3492
3 3397 3365 3550
3 3446 3551 3549
3 3446 3447 3551
3 3365 3515 3550
3 3425 3493 3516
3 3320 3399 3494
3 3449 3554 3398
3 3449 3450 3554
3 3554 3495 3398
3 3398 3495 3517
3 3518 3345 3343
3 3301 3496 3556
3 3520 3401 3369
3 3470 3558 3402
3 3559 3560 3524
3 3560 3561 3524
3 3452 3522 3369
3 3559 3524 3523
3 3561 3562 3524
3 3524 3562 3526
3 3526 3562 3564
3 3525 3527 3565
3 3527 3526 3528
3 3528 3526 3566
3 3565 3527 3498
3 3528 3566 3471
3 3499 3500 3371
3 3499 3498 3453
3 3474 3530 3374
3 3501 3456 3376
3 3350 3476 3474
3 3408 3457 3567
3 3457 3351 3532
3 3409 3568 3532
3 3536 3538 3505
3 3569 3306 3458
3 3537 3410 3352
3 3570 3434 3172
3 3539 3411 3130
3 3261 3539 3130
3 3330 3461 3508
3 3282 3461 3330
3 3410 3510 3380
3 3261 3479 3571
3 3572 3232 3306
3 3383 3235 3573
3 3413 3414 3575
3 3177 3333 3576
3 3485 3577 3436
3 3436 3577 3462
3 3462 3578 3334
3 3438 3579 3291
3 3490 3581 3359
3 3582 3421 3439
3 3465 3582 3439
3 3441 3423 3548
3 3583 3514 3443
3 3397 3550 3444
3 3492 3549 3448
3 3467 3584 3447
3 3515 3424 3516
3 3493 3552 3516
3 3367 3448 3553
3 3553 3468 3367
3 3518 3519 3345
3 3251 3585 3469
3 3586 3322 3469
3 3322 3586 3496
3 3321 3557 3370
3 3369 3522 3520
3 3558 3563 3402
3 3563 3371 3402
3 3563 3587 3371
3 3587 3588 3371
3 3526 3564 3566
3 3348 3372 3497
3 3471 3566 3589
3 3588 3499 3371
3 3471 3589 3472
3 3474 3590 3530
3 3531 3591 3328
3 3591 3592 3328
3 3592 3501 3328
3 3473 3593 3475
3 3375 3593 3531
3 3475 3593 3375
3 3409 3432 3568
3 3595 3533 3408
3 3379 3596 3534
3 3537 3506 3538
3 3507 3379 3508
3 3508 3597 3507
3 3599 3510 3410
3 3413 3601 3511
3 3235 3236 3573
3 3413 3575 3574
3 3482 3512 3485
3 3388 3602 3414
3 3415 3604 3388
3 3463 3603 3481
3 3462 3577 3578
3 3578 3486 3334
3 3484 3270 3266
3 3291 3579 3415
3 3489 3605 3418
3 3605 3393 3418
3 3358 3606 3337
3 3421 3607 3358
3 3580 3465 3464
3 3582 3608 3421
3 3548 3423 3547
3 3442 3491 3440
3 3396 3466 3491
3 3549 3551 3609
3 3466 3444 3610
3 3551 3447 3611
3 3447 3584 3611
3 3515 3516 3550
3 3554 3450 3612
3 3450 3555 3612
3 3450 3468 3555
3 3400 3613 3518
3 3613 3614 3518
3 3451 3301 3556
3 3615 3251 3401
3 3519 3557 3321
3 3585 3586 3469
3 3586 3556 3496
3 3557 3521 3370
3 3470 3616 3558
3 3523 3525 3587
3 3588 3587 3525
3 3588 3525 3565
3 3588 3565 3498
3 3497 3372 3530
3 3499 3588 3498
3 3589 3529 3472
3 3593 3473 3529
3 3594 3502 3456
3 3567 3595 3408
3 3477 3619 3504
3 3596 3379 3507
3 3504 3619 3535
3 3621 3538 3536
3 3537 3538 3622
3 3622 3599 3537
3 3105 3459 3598
3 3171 3570 3172
3 3599 3410 3537
3 3509 3624 3262
3 3461 3332 3511
3 3262 3624 3263
3 3624 3385 3263
3 3413 3574 3601
3 3285 3626 3203
3 3629 3481 3603
3 3628 3435 3385
3 3269 3335 3631
3 3484 3542 3270
3 3488 3489 3392
3 3463 3417 3543
3 3606 3438 3337
3 3357 3544 3394
3 3605 3545 3393
3 3544 3580 3464
3 3420 3545 3632
3 3608 3607 3421
3 3581 3547 3359
3 3440 3491 3633
3 3549 3609 3635
3 3549 3636 3448
3 3448 3636 3553
3 3554 3638 3495
3 3495 3638 3517
3 3639 3641 3640
3 3642 3643 3644
3 3643 3645 3644
3 3642 3644 3613
3 3644 3614 3613
3 3451 3613 3400
3 3646 3613 3451
3 3615 3585 3251
3 3401 3520 3615
3 3521 3616 3470
3 3647 3562 3561
3 3617 3564 3562
3 3452 3497 3522
3 3559 3523 3587
3 3564 3618 3566
3 3566 3618 3589
3 3590 3497 3530
3 3648 3593 3529
3 3501 3649 3456
3 3476 3407 3650
3 3432 3534 3568
3 3651 3536 3535
3 3507 3620 3596
3 3622 3538 3652
3 3105 3653 3171
3 3623 3509 3434
3 3460 3480 3625
3 3383 3573 3541
3 3236 3177 3576
3 3480 3481 3629
3 3575 3414 3602
3 3203 3654 3266
3 3333 3356 3483
3 3630 3486 3578
3 3630 3488 3486
3 3656 3489 3488
3 3490 3546 3657
3 3657 3581 3490
3 3546 3420 3632
3 3548 3583 3443
3 3467 3514 3634
3 3444 3658 3610
3 3550 3516 3659
3 3549 3635 3636
3 3552 3659 3516
3 3636 3635 3660
3 3552 3493 3637
3 3493 3494 3637
3 3554 3612 3639
3 3554 3639 3638
3 3639 3612 3641
3 3638 3639 3640
3 3645 3661 3644
3 3646 3642 3613
3 3614 3644 3663
3 3644 3661 3663
3 3614 3663 3518
3 3663 3519 3518
3 3646 3556 3664
3 3646 3451 3556
3 3665 3586 3585
3 3520 3522 3667
3 3557 3666 3521
3 3666 3616 3521
3 3668 3560 3559
3 3669 3647 3561
3 3647 3617 3562
3 3497 3670 3522
3 3617 3671 3564
3 3618 3529 3589
3 3531 3593 3648
3 3474 3476 3672
3 3649 3673 3456
3 3567 3457 3674
3 3676 3651 3535
3 3619 3676 3535
3 3507 3597 3620
3 3598 3653 3105
3 3653 3570 3171
3 3569 3572 3306
3 3599 3678 3510
3 3571 3539 3261
3 3508 3461 3677
3 3510 3600 3412
3 3511 3679 3461
3 3511 3601 3679
3 3573 3236 3680
3 3236 3576 3680
3 3388 3681 3602
3 3512 3577 3485
3 3266 3655 3484
3 3483 2926 3683
3 3683 2926 3289
3 3684 3605 3489
3 3607 3606 3358
3 3685 3583 3548
3 3514 3583 3687
3 3491 3466 3688
3 3584 3467 3634
3 3609 3551 3611
3 3609 3690 3635
3 3444 3550 3658
3 3658 3550 3659
3 3636 3660 3691
3 3399 3517 3692
3 3693 3642 3662
3 3642 3646 3662
3 3694 3695 3665
3 3665 3695 3664
3 3663 3696 3519
3 3519 3696 3557
3 3665 3664 3586
3 3697 3665 3585
3 3586 3664 3556
3 3560 3669 3561
3 3671 3618 3564
3 3529 3618 3648
3 3590 3474 3672
3 3672 3476 3650
3 3673 3594 3456
3 3594 3477 3502
3 3699 3533 3595
3 3675 3534 3596
3 3700 3536 3651
3 3700 3621 3536
3 3503 3433 3701
3 3652 3538 3621
3 3433 3460 3701
3 3572 3285 3232
3 3412 3600 3703
3 3573 3704 3541
3 3703 3384 3412
3 3705 3626 3285
3 3706 3574 3575
3 3203 3626 3654
3 3654 3655 3266
3 3578 3577 3707
3 3578 3707 3630
3 3708 3656 3488
3 3438 3606 3709
3 3710 3632 3545
3 3548 3547 3685
3 3609 3611 3689
3 3689 3690 3609
3 3635 3690 3712
3 3659 3552 3713
3 3714 3553 3636
3 3714 3636 3691
3 3468 3553 3714
3 3612 3555 3715
3 3555 3468 3715
3 3399 3692 3717
3 3693 3718 3642
3 3718 3643 3642
3 3645 3719 3661
3 3661 3719 3720
3 3694 3721 3695
3 3721 3723 3695
3 3723 3646 3664
3 3661 3720 3663
3 3722 3694 3697
3 3723 3664 3695
3 3663 3720 3696
3 3697 3694 3665
3 3615 3697 3585
3 3668 3724 3560
3 3724 3669 3560
3 3668 3559 3725
3 3698 3725 3559
3 3698 3559 3587
3 3590 3670 3497
3 3648 3591 3531
3 3649 3501 3592
3 3532 3568 3726
3 3727 3650 3407
3 3458 3533 3569
3 3622 3652 3678
3 3622 3678 3599
3 3728 3459 3411
3 3539 3728 3411
3 3678 3729 3510
3 3679 3702 3461
3 3331 3541 3704
3 3627 3730 3480
3 3480 3629 3627
3 3682 3681 3388
3 3388 3604 3682
3 3488 3630 3708
3 3415 3579 3604
3 3513 3064 3731
3 3064 3416 3731
3 3438 3733 3579
3 3657 3546 3734
3 3546 3632 3734
3 3632 3735 3734
3 3582 3711 3608
3 3465 3711 3582
3 3685 3547 3686
3 3547 3581 3686
3 3685 3736 3583
3 3634 3514 3687
3 3466 3610 3737
3 3658 3659 3713
3 3635 3712 3660
3 3468 3714 3715
3 3738 3739 3660
3 3739 3691 3660
3 3612 3715 3641
3 3641 3715 3716
3 3741 3692 3517
3 3517 3638 3741
3 3399 3717 3494
3 3640 3641 3742
3 3662 3646 3744
3 3745 3697 3615
3 3615 3520 3745
3 3696 3666 3557
3 3520 3667 3745
3 3669 3747 3647
3 3746 3698 3563
3 3698 3587 3563
3 3748 3670 3590
3 3671 3648 3618
3 3592 3750 3649
3 3457 3532 3674
3 3568 3534 3726
3 3727 3407 3503
3 3676 3619 3751
3 3729 3652 3621
3 3597 3508 3752
3 3678 3652 3729
3 3570 3623 3434
3 3729 3600 3510
3 3571 3479 3754
3 3677 3461 3702
3 3601 3706 3679
3 3601 3574 3706
3 3706 3575 3756
3 3755 3628 3385
3 3575 3602 3756
3 3333 3483 3758
3 3602 3681 3756
3 3683 3289 3760
3 3628 3761 3435
3 3761 3437 3435
3 3579 3733 3732
3 3656 3684 3489
3 3762 3545 3605
3 3580 3763 3465
3 3552 3637 3713
3 3715 3714 3691
3 3715 3691 3740
3 3740 3691 3739
3 3638 3640 3741
3 3641 3716 3742
3 3768 3718 3693
3 3769 3721 3694
3 3770 3723 3721
3 3744 3646 3770
3 3646 3723 3770
3 3616 3772 3558
3 3773 3616 3666
3 3558 3772 3563
3 3772 3746 3563
3 3668 3725 3724
3 3724 3747 3669
3 3522 3774 3667
3 3747 3617 3647
3 3522 3670 3774
3 3590 3672 3748
3 3749 3648 3671
3 3673 3775 3594
3 3534 3675 3776
3 3534 3776 3726
3 3594 3751 3477
3 3477 3751 3619
3 3596 3778 3675
3 3700 3779 3621
3 3620 3597 3780
3 3677 3752 3508
3 3729 3753 3600
3 3781 3702 3679
3 3625 3480 3730
3 3333 3758 3576
3 3512 3757 3577
3 3577 3757 3759
3 3289 3237 3760
3 3577 3759 3707
3 3237 3269 3631
3 3707 3708 3630
3 3604 3579 3732
3 3708 3783 3656
3 3709 3733 3438
3 3762 3710 3545
3 3544 3763 3580
3 3657 3686 3581
3 3583 3764 3687
3 3634 3687 3765
3 3466 3737 3688
3 3660 3712 3738
3 3785 3716 3715
3 3717 3692 3741
3 3741 3640 3766
3 3767 3640 3742
3 3766 3640 3767
3 3643 3743 3645
3 3743 3719 3645
3 3787 3769 3722
3 3722 3769 3694
3 3771 3722 3697
3 3773 3772 3616
3 3696 3773 3666
3 3724 3788 3747
3 3788 3789 3747
3 3747 3790 3617
3 3617 3790 3671
3 3790 3749 3671
3 3648 3749 3591
3 3532 3726 3791
3 3676 3777 3651
3 3777 3792 3651
3 3792 3700 3651
3 3793 3569 3533
3 3779 3729 3621
3 3597 3752 3780
3 3795 3459 3728
3 3571 3728 3539
3 3701 3460 3625
3 3572 3796 3285
3 3540 3331 3704
3 3679 3706 3781
3 3796 3705 3285
3 3624 3755 3385
3 3703 3512 3384
3 3437 3782 3487
3 3631 3335 3797
3 3389 3487 3798
3 3416 3390 3799
3 3390 3389 3798
3 3656 3783 3684
3 3684 3762 3605
3 3357 3800 3544
3 3685 3686 3736
3 3736 3764 3583
3 3764 3803 3687
3 3633 3491 3688
3 3584 3634 3765
3 3611 3584 3804
3 3737 3610 3805
3 3715 3740 3785
3 3637 3494 3806
3 3722 3771 3787
3 3771 3697 3808
3 3745 3808 3697
3 3725 3810 3724
3 3810 3788 3724
3 3809 3811 3698
3 3809 3698 3746
3 3748 3774 3670
3 3811 3725 3698
3 3812 3592 3591
3 3674 3532 3813
3 3674 3595 3567
3 3814 3459 3795
3 3795 3728 3754
3 3754 3728 3571
3 3704 3573 3815
3 3816 3626 3705
3 3756 3681 3817
3 3681 3682 3817
3 3782 3798 3487
3 3797 3335 3513
3 3799 3390 3798
3 3820 3357 3542
3 3543 3419 3784
3 3710 3801 3632
3 3544 3800 3763
3 3608 3821 3607
3 3822 3821 3608
3 3823 3711 3465
3 3711 3822 3608
3 3686 3657 3802
3 3736 3686 3802
3 3803 3765 3687
3 3689 3611 3824
3 3611 3804 3824
3 3584 3765 3804
3 3610 3658 3805
3 3658 3713 3825
3 3713 3637 3806
3 3740 3739 3785
3 3494 3717 3826
3 3717 3741 3827
3 3827 3741 3766
3 3716 3807 3742
3 3828 3768 3693
3 3693 3662 3828
3 3769 3829 3721
3 3829 3786 3721
3 3786 3770 3721
3 3830 3720 3719
3 3720 3773 3696
3 3667 3832 3745
3 3667 3774 3832
3 3834 3774 3748
3 3833 3789 3788
3 3833 3788 3810
3 3789 3790 3747
3 3811 3810 3725
3 3749 3812 3591
3 3672 3650 3835
3 3813 3532 3791
3 3674 3836 3595
3 3726 3776 3837
3 3838 3699 3595
3 3775 3751 3594
3 3840 3727 3503
3 3596 3620 3841
3 3596 3841 3778
3 3752 3677 3843
3 3842 3795 3754
3 3677 3702 3844
3 3845 3703 3600
3 3627 3629 3847
3 3761 3782 3437
3 3707 3851 3708
3 3852 3709 3606
3 3607 3852 3606
3 3419 3440 3853
3 3801 3735 3632
3 3802 3657 3855
3 3657 3734 3855
3 3734 3735 3854
3 3763 3823 3465
3 3823 3822 3711
3 3440 3633 3853
3 3713 3806 3856
3 3494 3826 3806
3 3785 3807 3716
3 3785 3739 3857
3 3743 3858 3719
3 3828 3662 3744
3 3786 3859 3770
3 3831 3746 3772
3 3832 3808 3745
3 3861 3862 3833
3 3862 3863 3833
3 3863 3789 3833
3 3863 3864 3789
3 3861 3833 3810
3 3867 3812 3749
3 3812 3750 3592
3 3748 3672 3865
3 3866 3749 3790
3 3750 3868 3649
3 3868 3869 3649
3 3869 3673 3649
3 3836 3838 3595
3 3839 3676 3751
3 3792 3870 3700
3 3620 3871 3841
3 3620 3780 3871
3 3793 3873 3569
3 3653 3794 3570
3 3874 3570 3794
3 3874 3623 3570
3 3873 3572 3569
3 3874 3509 3623
3 3843 3677 3875
3 3677 3844 3875
3 3876 3624 3509
3 3754 3479 3877
3 3705 3796 3846
3 3880 3705 3846
3 3627 3881 3730
3 3512 3703 3757
3 3627 3880 3881
3 3880 3816 3705
3 3627 3882 3880
3 3882 3816 3880
3 3882 3626 3816
3 3847 3882 3627
3 3882 3654 3626
3 3883 3654 3882
3 3883 3655 3654
3 3629 3603 3848
3 3655 3818 3484
3 3817 3682 3884
3 3682 3604 3819
3 3237 3631 3849
3 3463 3543 3603
3 3604 3732 3850
3 3851 3783 3708
3 3820 3800 3357
3 3419 3853 3784
3 3855 3734 3854
3 3689 3824 3690
3 3713 3856 3825
3 3738 3885 3739
3 3739 3885 3857
3 3827 3826 3717
3 3643 3887 3743
3 3744 3770 3859
3 3787 3771 3860
3 3889 3773 3720
3 3889 3772 3773
3 3889 3831 3772
3 3831 3890 3746
3 3834 3832 3774
3 3809 3891 3811
3 3861 3810 3811
3 3789 3866 3790
3 3867 3749 3866
3 3674 3813 3892
3 3869 3775 3673
3 3650 3727 3835
3 3775 3839 3751
3 3839 3777 3676
3 3893 3792 3777
3 3894 3675 3778
3 3870 3779 3700
3 3533 3699 3793
3 3778 3841 3895
3 3841 3896 3895
3 3503 3701 3840
3 3780 3872 3897
3 3780 3752 3872
3 3899 3814 3795
3 3843 3900 3752
3 3842 3899 3795
3 3843 3875 3902
3 3874 3876 3509
3 3875 3844 3902
3 3902 3844 3781
3 3781 3844 3702
3 3901 3600 3753
3 3878 3479 3540
3 3730 3881 3903
3 3815 3573 3904
3 3905 3880 3846
3 3573 3680 3906
3 3881 3880 3905
3 3847 3907 3882
3 3907 3883 3882
3 3755 3908 3628
3 3908 3761 3628
3 3604 3850 3819
3 3910 3710 3762
3 3854 3735 3801
3 3736 3911 3764
3 3911 3803 3764
3 3805 3658 3912
3 3658 3825 3912
3 3826 3827 3913
3 3766 3886 3827
3 3886 3766 3914
3 3718 3887 3643
3 3769 3787 3888
3 3719 3858 3830
3 3830 3889 3720
3 3771 3808 3860
3 3834 3808 3832
3 3834 3748 3865
3 3863 3916 3864
3 3861 3811 3891
3 3864 3866 3789
3 3917 3867 3866
3 3892 3836 3674
3 3791 3726 3918
3 3726 3837 3918
3 3776 3675 3894
3 3778 3895 3919
3 3841 3920 3896
3 3841 3871 3920
3 3780 3897 3871
3 3921 3598 3459
3 3902 3922 3843
3 3902 3781 3922
3 3600 3901 3845
3 3876 3879 3624
3 3878 3877 3479
3 3873 3796 3572
3 3878 3540 3704
3 3924 3846 3796
3 3704 3815 3923
3 3905 3846 3924
3 3881 3905 3903
3 3573 3906 3904
3 3629 3848 3847
3 3682 3819 3884
3 3707 3909 3851
3 3851 3927 3783
3 3927 3928 3783
3 3928 3684 3783
3 3928 3762 3684
3 3733 3709 3929
3 3910 3801 3710
3 3930 3822 3823
3 3736 3802 3911
3 3911 3802 3855
3 3931 3765 3803
3 3804 3765 3931
3 3806 3932 3856
3 3806 3826 3932
3 3785 3933 3807
3 3785 3857 3933
3 3913 3827 3886
3 3888 3829 3769
3 3828 3744 3859
3 3934 3890 3831
3 3860 3808 3935
3 3746 3915 3809
3 3862 3936 3863
3 3864 3917 3866
3 3835 3727 3937
3 3839 3939 3777
3 3778 3919 3894
3 3895 3896 3940
3 3941 3729 3779
3 3898 3753 3729
3 3872 3752 3900
3 3921 3459 3814
3 3842 3942 3899
3 3922 3900 3843
3 3842 3754 3877
3 3701 3625 3943
3 3903 3905 3924
3 3781 3706 3925
3 3879 3755 3624
3 3680 3576 3758
3 3847 3926 3907
3 3926 3883 3907
3 3847 3848 3926
3 3760 3237 3849
3 3818 3542 3484
3 3909 3707 3759
3 3732 3733 3946
3 3607 3947 3852
3 3821 3947 3607
3 3822 3949 3821
3 3824 3804 3950
3 3804 3931 3950
3 3690 3951 3712
3 3932 3826 3913
3 3933 3857 3952
3 3953 3786 3829
3 3954 3859 3786
3 3890 3915 3746
3 3861 3936 3862
3 3915 3891 3809
3 3916 3917 3864
3 3891 3955 3861
3 3956 3750 3812
3 3865 3672 3835
3 3791 3957 3813
3 3837 3776 3958
3 3959 3839 3775
3 3939 3893 3777
3 3776 3894 3938
3 3894 3919 3960
3 3893 3870 3792
3 3940 3896 3920
3 3871 3897 3920
3 3941 3898 3729
3 3753 3898 3901
3 3899 3962 3814
3 3842 3877 3942
3 3963 3796 3873
3 3924 3796 3963
3 3625 3730 3903
3 3944 3755 3879
3 3944 3908 3755
3 3758 3483 3966
3 3945 3759 3757
3 3818 3655 3883
3 3759 3968 3909
3 3851 3970 3927
3 3946 3969 3732
3 3927 3971 3928
3 3762 3972 3910
3 3800 3948 3763
3 3974 3823 3763
3 3911 3950 3803
3 3633 3688 3975
3 3931 3803 3950
3 3690 3824 3951
3 3737 3805 3977
3 3738 3712 3976
3 3913 3886 3978
3 3766 3767 3980
3 3768 3981 3718
3 3981 3887 3718
3 3768 3828 3982
3 3887 3858 3743
3 3867 3986 3812
3 3936 3916 3863
3 3987 3867 3917
3 3956 3868 3750
3 3791 3918 3957
3 3988 3775 3869
3 3919 3895 3961
3 3961 3895 3940
3 3940 3920 3989
3 3870 3941 3779
3 3962 3921 3814
3 3991 3874 3794
3 3903 3924 3992
3 3625 3903 3992
3 3704 3923 3878
3 3926 3967 3883
3 3967 3818 3883
3 3542 3994 3820
3 3731 3416 3995
3 3997 3970 3851
3 3543 3784 3998
3 3928 3972 3762
3 3929 3709 3852
3 3948 3974 3763
3 3911 3855 3999
3 3855 3854 3999
3 3951 3976 3712
3 3737 3977 3688
3 3885 3738 4000
3 3825 3856 4001
3 4001 3856 3932
3 3932 3913 3978
3 4002 3979 3933
3 3933 3979 3807
3 3767 3742 4003
3 3742 3807 4003
3 3914 3766 3980
3 3768 3982 3981
3 3887 3983 3858
3 3828 3859 3954
3 3983 3984 3858
3 3888 3787 4004
3 3984 3830 3858
3 3787 3860 4005
3 3889 4006 3831
3 3834 3935 3808
3 4007 3915 3890
3 3861 4008 3936
3 3955 4008 3861
3 3916 4009 3917
3 3891 4010 3955
3 4012 3838 3836
3 3894 4013 3938
3 3727 3840 3937
3 3894 3960 4013
3 3920 3990 3989
3 3897 3990 3920
3 3897 3872 4014
3 3943 3625 4015
3 3877 3878 4016
3 3924 3963 3992
3 3845 3964 3703
3 3925 3706 3756
3 3703 3965 3757
3 3925 3756 3993
3 3756 3817 3993
3 3965 3945 3757
3 3926 3848 4017
3 4017 3967 3926
3 3818 4019 3542
3 4022 3798 3782
3 3603 3543 4020
3 3909 3997 3851
3 3910 3973 3801
3 3821 3949 3947
3 3633 3975 3853
3 3950 3911 3999
3 3999 3854 4023
3 3950 3951 3824
3 3950 4024 3951
3 4000 3738 3976
3 3912 3825 4001
3 3933 3952 4002
3 3857 3885 3952
3 4003 3807 3979
3 3953 3829 3888
3 3953 3954 3786
3 3984 3985 3830
3 3830 4026 3889
3 4006 3934 3831
3 3834 3865 4027
3 4007 4029 3915
3 4028 3986 3867
3 4028 3867 3987
3 4030 3956 3812
3 4009 3987 3917
3 3865 3835 4031
3 3892 4032 3836
3 3868 4011 3869
3 3837 3958 4033
3 3837 4033 3918
3 4011 3988 3869
3 3958 3776 3938
3 3839 3959 3939
3 3960 3919 4034
3 3919 3961 4034
3 3897 4014 3990
3 3840 3701 3943
3 3653 4035 3794
3 4035 3991 3794
3 3625 3992 4015
3 3942 3877 4016
3 3923 3815 4037
3 3945 3968 3759
3 4021 3782 3761
3 3603 4020 3848
3 3631 3797 3849
3 4019 3994 3542
3 3416 3799 3995
3 3799 3798 3996
3 3850 3732 3969
3 3970 3971 3927
3 3733 3929 3946
3 3972 3973 3910
3 3950 3999 4024
3 4024 3999 4038
3 3999 4023 4038
3 4024 4039 3951
3 3951 4039 3976
3 3805 4025 3977
3 3978 3886 4040
3 4041 4042 4043
3 4041 4043 4044
3 4045 3981 3982
3 4045 4046 3981
3 3981 4046 3887
3 4047 3982 3828
3 4047 4045 3982
3 3888 4048 3953
3 3954 4047 3828
3 4026 4006 3889
3 3934 4049 3890
3 3986 4030 3812
3 4028 3987 4009
3 4029 4010 3915
3 4010 3891 3915
3 3892 3813 4050
3 4032 4012 3836
3 3958 3938 4051
3 3988 4052 3775
3 3938 4013 4053
3 3938 4053 4051
3 4052 3959 3775
3 4054 3893 3939
3 4013 3960 4034
3 4056 3870 3893
3 4056 3941 3870
3 4014 3872 4058
3 3872 3900 4058
3 3921 4035 3598
3 4035 3653 3598
3 4036 3962 3899
3 4059 3873 3793
3 3963 3873 4059
3 3992 4060 4015
3 3992 3963 4060
3 4062 3965 3703
3 3680 3758 4063
3 3683 3760 4018
3 4064 4021 3761
3 4065 4019 3818
3 4021 4022 3782
3 3819 3850 4066
3 3996 3798 4022
3 4067 3850 3969
3 4069 3946 3929
3 3971 3972 3928
3 3974 3930 3823
3 3930 3949 3822
3 4039 4024 4038
3 3805 3912 4025
3 4001 3932 4070
3 3932 3978 4070
3 4002 3952 4071
3 3952 3885 4072
3 4002 4073 3979
3 4040 3886 3914
3 4003 3979 4073
3 4042 4074 4043
3 4043 4074 4075
3 4043 4046 4045
3 4043 4075 4046
3 4077 4076 4048
3 4076 4078 4048
3 4078 4044 4047
3 4044 4043 4045
3 4044 4045 4047
3 4079 4048 3888
3 3953 4048 3954
3 4004 3787 4005
3 4081 3985 3984
3 3985 4026 3830
3 4082 3935 3834
3 3890 4083 4007
3 4084 3986 4028
3 4084 4030 3986
3 4010 4008 3955
3 4050 4032 3892
3 4033 3958 4085
3 4086 3958 4051
3 4054 4055 3893
3 4055 4056 3893
3 3937 3840 4087
3 3940 3989 4088
3 4057 3898 3941
3 4057 3901 3898
3 4090 3900 3922
3 3963 4059 4060
3 4016 3878 3923
3 3781 3925 4061
3 3483 3683 3966
3 3848 4020 4017
3 3797 3513 3731
3 4067 3969 4068
3 3969 3946 4068
3 3972 4091 3973
3 4092 3852 3947
3 4093 3854 3801
3 4023 3854 4093
3 3688 3977 4094
3 4039 4038 4095
3 3976 4039 4000
3 4039 4096 4000
3 4070 3978 4040
3 3952 4072 4071
3 3885 4000 4072
3 4097 4003 4073
3 3980 3767 4098
3 4098 3767 4099
3 4099 3767 4003
3 4075 4074 4100
3 4101 4076 4077
3 4075 4100 4046
3 4077 4048 4079
3 4078 4047 4048
3 4046 4102 3887
3 4102 3983 3887
3 4048 4047 3954
3 3983 4080 3984
3 4080 4104 4081
3 4104 4105 4081
3 4081 3984 4080
3 4081 4105 4026
3 4026 4105 4107
3 4105 4106 4107
3 3860 3935 4005
3 4081 4026 3985
3 4108 4006 4026
3 4082 3834 4027
3 4049 4109 3890
3 4110 4084 4028
3 4112 3916 3936
3 4111 3868 3956
3 3957 3918 4113
3 4085 3958 4086
3 4051 4053 4086
3 4053 4013 4114
3 3959 4115 3939
3 4115 4054 3939
3 3989 3990 4118
3 4118 3990 4119
3 4120 3990 4014
3 4058 3900 4090
3 3991 4121 3874
3 3899 3942 4123
3 3942 4016 4123
3 4037 3815 3904
3 3703 3964 4062
3 3760 3849 4125
3 3967 4065 3818
3 3543 3998 4020
3 4069 4126 3946
3 3929 3852 4069
3 3971 4127 3972
3 4127 4128 3972
3 4093 4038 4023
3 4039 4095 4096
3 4096 4095 4129
3 4002 4071 4073
3 4071 4130 4073
3 4073 4130 4131
3 4099 4003 4133
3 4134 4041 4044
3 4137 4101 4077
3 4076 4136 4078
3 4136 4044 4078
3 4100 4102 4046
3 4104 4103 4105
3 4102 4103 4080
3 4080 4103 4104
3 4004 4079 3888
3 4102 4080 3983
3 4005 3935 4138
3 4026 4107 4108
3 4108 3934 4006
3 4110 4139 4084
3 4007 4140 4029
3 4031 4027 3865
3 4008 4141 3936
3 4112 4009 3916
3 4142 4011 3868
3 4086 4053 4143
3 3959 4052 4115
3 4144 4055 4054
3 3838 4116 3699
3 3961 3940 4117
3 4116 3793 3699
3 3940 4088 4117
3 4116 4089 3793
3 4088 3989 4118
3 4120 4119 3990
3 4120 4014 4090
3 4090 4014 4058
3 4089 4059 3793
3 4122 4036 3899
3 4121 3876 3874
3 4090 3922 4146
3 3922 3781 4146
3 4124 3845 3901
3 4068 3946 4126
3 3820 4148 3800
3 3970 4149 3971
3 4149 4127 3971
3 4092 4150 3852
3 4093 3801 3973
3 3688 4152 3975
3 4096 4154 4000
3 4155 4000 4154
3 4072 4000 4155
3 4072 4155 4071
3 3914 4132 4040
3 4097 4073 4131
3 4133 4003 4097
3 4097 4131 4157
3 4131 4130 4157
3 4101 4159 4076
3 4159 4135 4076
3 4160 4100 4074
3 4137 4077 4161
3 4161 4077 4079
3 4162 4079 4004
3 4082 4138 3935
3 4163 4164 4110
3 4163 4110 4165
3 4109 4083 3890
3 4165 4110 4028
3 4139 4030 4084
3 4111 3956 4030
3 4112 4028 4009
3 4141 4112 3936
3 4031 3835 4167
3 3835 3937 4167
3 4143 4053 4114
3 4114 4013 4034
3 4056 4145 3941
3 3840 4168 4087
3 4145 4057 3941
3 3840 3943 4168
3 4123 4122 3899
3 4016 4170 4123
3 3923 4170 4016
3 3845 4124 3964
3 4171 3761 3908
3 3683 4018 3966
3 4172 3967 4017
3 4172 4065 3967
3 4065 3994 4019
3 3850 4067 4066
3 4173 3970 3997
3 4173 4149 3970
3 4174 4127 4149
3 4091 3972 4128
3 4154 4096 4129
3 3977 4025 4175
3 4025 3912 4176
3 4071 4155 4130
3 4130 4155 4156
3 4070 4040 4177
3 4133 4097 4157
3 4157 4130 4178
3 4133 4157 4179
3 4042 4180 4074
3 4180 4158 4074
3 4074 4158 4160
3 4103 4181 4105
3 4162 4161 4079
3 4138 4162 4004
3 4004 4005 4138
3 4183 4138 4082
3 4182 4163 4165
3 4164 4184 4186
3 4164 4186 4110
3 4108 4185 3934
3 4110 4186 4139
3 4083 4165 4028
3 4083 4028 4112
3 4083 4188 4007
3 4188 4140 4007
3 4050 3813 4166
3 3813 3957 4166
3 3957 4113 4166
3 4140 4010 4029
3 4113 3918 4033
3 4143 4189 4086
3 4143 4114 4189
3 4191 4116 3838
3 4059 4169 4060
3 4146 3781 4061
3 3925 3993 4193
3 4020 4172 4017
3 3994 4147 3820
3 4148 3948 3800
3 4069 3852 4150
3 4128 4127 4174
3 3784 3853 4196
3 3930 4197 3949
3 4129 4095 4198
3 4175 4025 4176
3 4001 4070 4177
3 4133 4199 4099
3 4199 4098 4099
3 3980 4098 4200
3 4134 4042 4041
3 4158 4201 4160
3 4044 4136 4134
3 4135 4136 4076
3 4100 4202 4102
3 4103 4102 4202
3 4106 4203 4107
3 4185 4108 4107
3 3934 4185 4049
3 4082 4027 4187
3 4109 4165 4083
3 4083 4112 4188
3 4204 3868 4111
3 4204 4142 3868
3 4140 4141 4008
3 4140 4008 4010
3 4086 4189 4205
3 3943 4015 4192
3 4015 4060 4192
3 4059 4089 4169
3 4206 3876 4121
3 4206 3879 3876
3 3965 4209 3945
3 3884 3819 4210
3 3819 4066 4210
3 3849 3797 4194
3 4067 4068 4212
3 4147 4148 3820
3 3853 3975 4196
3 4213 4093 3973
3 4151 4197 3930
3 4093 4153 4038
3 3688 4094 4152
3 4095 4038 4153
3 4154 4129 4155
3 3912 4001 4176
3 4199 4133 4179
3 4199 4179 4215
3 4134 4217 4042
3 4134 4136 4218
3 4218 4136 4135
3 4137 4161 4219
3 4103 4202 4181
3 4105 4220 4106
3 4161 4162 4219
3 4163 4221 4164
3 4183 4082 4187
3 4203 4182 4165
3 4164 4223 4184
3 4203 4185 4107
3 4203 4165 4109
3 4185 4109 4049
3 4139 4224 4030
3 4030 4224 4111
3 4188 4112 4141
3 4086 4205 4085
3 4190 4225 3988
3 4189 4114 4226
3 4225 4052 3988
3 4115 4144 4054
3 4034 3961 4227
3 4117 4088 4228
3 4119 4120 4229
3 4168 3943 4192
3 4169 4089 4230
3 4192 4060 4169
3 3923 4037 4170
3 4061 3925 4207
3 3680 4063 4208
3 3944 4171 3908
3 3758 3966 4063
3 3817 3884 4233
3 4018 3760 4234
3 3995 3799 4211
3 4173 4236 4149
3 4069 4150 4195
3 4174 4238 4128
3 4091 4213 3973
3 4214 4092 3947
3 4213 4239 4093
3 3949 4214 3947
3 3974 4151 3930
3 4155 4129 4198
3 4155 4240 4156
3 4040 4132 4177
3 3914 3980 4216
3 4241 4202 4100
3 4181 4220 4105
3 4162 4243 4219
3 4162 4138 4243
3 4243 4138 4183
3 4244 4163 4182
3 4221 4222 4164
3 4106 4220 4246
3 4222 4223 4164
3 4185 4203 4109
3 4184 4223 4247
3 4186 4184 4247
3 4186 4247 4139
3 4050 4012 4032
3 4188 4141 4140
3 4031 4167 4248
3 4190 3988 4011
3 4012 4191 3838
3 4225 4249 4052
3 4052 4249 4115
3 4114 4034 4250
3 4034 4227 4252
3 3961 4117 4227
3 4056 4254 4145
3 4088 4118 4228
3 4119 4255 4118
3 4123 4170 4257
3 3904 3906 4258
3 3925 4193 4207
3 4062 4231 3965
3 3993 3817 4233
3 4231 4209 3965
3 4125 3849 4194
3 3797 3731 4260
3 4172 4235 4065
3 4235 3994 4065
3 4067 4212 4259
3 4126 4069 4237
3 4149 4262 4174
3 4128 4238 4091
3 4130 4156 4240
3 4178 4130 4263
3 4132 3914 4216
3 4199 4264 4098
3 4199 4215 4265
3 4179 4157 4178
3 4217 4180 4042
3 4242 4101 4137
3 4100 4160 4241
3 4242 4137 4219
3 4244 4221 4163
3 4246 4203 4106
3 4246 4245 4182
3 4182 4203 4246
3 4050 4166 4266
3 4224 4204 4111
3 4144 4115 4249
3 4251 4055 4144
3 4034 4252 4250
3 4117 4228 4227
3 4087 4168 4268
3 4116 4230 4089
3 4229 4255 4119
3 4120 4090 4256
3 4257 4122 4123
3 4124 4269 3964
3 4037 3904 4270
3 3906 3680 4208
3 4063 3966 4232
3 3993 4233 4193
3 4171 4064 3761
3 3760 4125 4234
3 4020 4271 4172
3 4066 4067 4259
3 4235 4261 3994
3 3994 4261 4147
3 4068 4126 4272
3 4236 4273 4149
3 4274 4237 4069
3 4274 4069 4195
3 4273 4262 4149
3 4174 4262 4238
3 3948 4275 3974
3 4197 4214 3949
3 4093 4239 4153
3 4198 4095 4153
3 4155 4198 4276
3 4276 4240 4155
3 4264 4199 4265
3 4200 4098 4264
3 4216 3980 4200
3 4215 4179 4277
3 4279 4135 4159
3 4279 4280 4135
3 4135 4280 4218
3 4242 4219 4282
3 4245 4244 4182
3 4222 4283 4223
3 4247 4224 4139
3 4027 4031 4248
3 4033 4085 4285
3 4142 4284 4011
3 4267 4190 4011
3 4205 4189 4226
3 3937 4087 4167
3 4251 4253 4055
3 4055 4253 4056
3 4229 4120 4256
3 4270 3904 4258
3 4208 4063 4287
3 4233 3884 4210
3 4020 3998 4271
3 3909 4288 3997
3 4272 4126 4237
3 3998 3784 4196
3 4238 4262 4289
3 4275 4151 3974
3 3977 4175 4094
3 4153 4290 4198
3 4240 4276 4291
3 4001 4177 4293
3 4130 4240 4263
3 4200 4264 4294
3 4294 4264 4295
3 4264 4265 4295
3 4277 4179 4178
3 4278 4217 4134
3 4281 4159 4101
3 4134 4218 4296
3 4281 4101 4242
3 4297 4241 4160
3 4282 4219 4243
3 4183 4187 4299
3 4223 4283 4300
3 4166 4113 4301
3 4284 4267 4011
3 4205 4226 4303
3 4304 4144 4249
3 4114 4250 4226
3 4253 4254 4056
3 4227 4228 4305
3 4228 4118 4306
3 4118 4255 4306
3 4192 4169 4307
3 4309 4035 3921
3 4256 4090 4308
3 4035 4286 3991
3 4269 4062 3964
3 4210 4066 4259
3 4194 3797 4310
3 4212 4068 4272
3 4152 4094 4311
3 4291 4292 4240
3 4175 4176 4312
3 4001 4293 4176
3 4177 4132 4313
3 4294 4295 4314
3 4265 4215 4315
3 4180 4201 4158
3 4281 4279 4159
3 4278 4134 4296
3 4280 4296 4218
3 4201 4297 4160
3 4241 4317 4202
3 4181 4202 4317
3 4298 4220 4181
3 4244 4318 4221
3 4318 4222 4221
3 4319 4246 4220
3 4223 4300 4247
3 4033 4285 4113
3 4050 4302 4012
3 4204 4284 4142
3 4085 4205 4303
3 4190 4321 4225
3 4321 4249 4225
3 4322 4251 4144
3 4191 4323 4116
3 4168 4192 4307
3 4258 3906 4208
3 4327 4231 4062
3 3966 4018 4232
3 4329 3968 3945
3 4329 3909 3968
3 4210 4259 4330
3 4271 4331 4172
3 4331 4235 4172
3 4288 4173 3997
3 4173 4332 4236
3 4334 4150 4092
3 4276 4198 4290
3 4293 4177 4313
3 4216 4200 4294
3 4265 4336 4295
3 4265 4315 4336
3 4315 4215 4337
3 4215 4277 4337
3 4338 4339 4217
3 4217 4339 4180
3 4278 4338 4217
3 4180 4316 4201
3 4316 4297 4201
3 4317 4298 4181
3 4298 4319 4220
3 4319 4245 4246
3 4243 4183 4299
3 4027 4340 4187
3 4247 4341 4224
3 4341 4342 4224
3 4342 4204 4224
3 4113 4320 4301
3 4266 4302 4050
3 4027 4248 4340
3 4252 4227 4305
3 4228 4306 4324
3 4345 4169 4230
3 4255 4229 4325
3 4309 4286 4035
3 4326 4124 3901
3 4170 4037 4270
3 4269 4327 4062
3 3944 4347 4171
3 4233 4210 4328
3 4348 3996 4022
3 4260 3731 3995
3 4261 4349 4147
3 4173 4288 4332
3 4332 4273 4236
3 4238 4350 4091
3 4350 4351 4091
3 4091 4351 4213
3 4313 4132 4216
3 4216 4294 4352
3 4352 4294 4314
3 4355 4353 4354
3 4355 4354 4338
3 4354 4339 4338
3 4297 4317 4241
3 4356 4244 4245
3 4319 4356 4245
3 4357 4300 4283
3 4300 4341 4247
3 4302 4191 4012
3 4267 4358 4190
3 4303 4343 4085
3 4321 4304 4249
3 4226 4344 4303
3 4304 4322 4144
3 4226 4250 4344
3 4250 4252 4359
3 4360 4254 4253
3 4228 4324 4305
3 4361 4057 4145
3 4229 4256 4325
3 4036 4122 4362
3 4326 4269 4124
3 3879 4346 3944
3 4209 4329 3945
3 4211 3799 3996
3 4365 4261 4235
3 4271 4366 4331
3 4195 4150 4334
3 4334 4092 4214
3 4333 4275 3948
3 4239 4213 4367
3 4276 4290 4368
3 4313 4216 4370
3 4216 4352 4370
3 4353 4371 4354
3 4354 4371 4372
3 4354 4372 4339
3 4373 4355 4338
3 4339 4374 4180
3 4180 4374 4316
3 4375 4338 4278
3 4281 4377 4279
3 4279 4377 4280
3 4377 4375 4280
3 4278 4296 4375
3 4242 4376 4281
3 4379 4318 4244
3 4282 4243 4380
3 4317 4381 4298
3 4381 4319 4298
3 4382 4356 4319
3 4299 4187 4383
3 4266 4166 4384
3 4166 4301 4384
3 4341 4300 4385
3 4386 4342 4341
3 4386 4387 4342
3 4387 4204 4342
3 4113 4285 4320
3 4387 4284 4204
3 4285 4085 4388
3 4358 4321 4190
3 4344 4250 4359
3 4306 4255 4390
3 4116 4389 4230
3 4307 4169 4345
3 4325 4256 4391
3 4391 4256 4308
3 4206 4346 3879
3 4392 4210 4330
3 4125 4194 4363
3 4329 4364 3909
3 4194 4310 4363
3 4273 4393 4262
3 4289 4350 4238
3 3975 4152 4395
3 4290 4153 4397
3 4276 4368 4291
3 4175 4369 4094
3 4293 4313 4370
3 4335 4263 4240
3 4370 4352 4398
3 4398 4352 4314
3 4314 4295 4399
3 4353 4355 4400
3 4372 4374 4339
3 4375 4373 4338
3 4402 4403 4377
3 4377 4403 4375
3 4403 4405 4375
3 4376 4377 4281
3 4375 4296 4280
3 4282 4376 4242
3 4378 4406 4382
3 4381 4378 4382
3 4356 4379 4244
3 4381 4382 4319
3 4266 4384 4408
3 4187 4340 4383
3 4305 4411 4252
3 4324 4306 4305
3 4168 4345 4268
3 4345 4230 4412
3 4361 4413 4057
3 4413 3901 4057
3 3901 4413 4326
3 4414 3962 4036
3 4286 4121 3991
3 4308 4090 4146
3 4415 4122 4257
3 4170 4270 4415
3 4018 4234 4417
3 4234 4125 4418
3 4330 4259 4212
3 4331 4365 4235
3 4365 4349 4261
3 4271 3998 4366
3 3998 4196 4366
3 4419 4237 4274
3 4332 4393 4273
3 4148 4333 3948
3 4394 4350 4289
3 4196 3975 4395
3 4333 4396 4275
3 4351 4367 4213
3 4396 4151 4275
3 4240 4292 4335
3 4176 4293 4312
3 4315 4337 4420
3 4277 4178 4263
3 4295 4336 4399
3 4371 4421 4372
3 4355 4401 4400
3 4372 4422 4423
3 4402 4424 4403
3 4372 4423 4374
3 4355 4373 4401
3 4425 4404 4377
3 4404 4402 4377
3 4405 4373 4375
3 4428 4377 4376
3 4426 4297 4316
3 4282 4428 4376
3 4282 4380 4428
3 4426 4317 4297
3 4426 4378 4381
3 4426 4381 4317
3 4382 4379 4356
3 4380 4243 4299
3 4357 4385 4300
3 4341 4430 4386
3 4386 4431 4387
3 4431 4432 4387
3 4432 4284 4387
3 4388 4085 4343
3 4432 4267 4284
3 4432 4358 4267
3 4343 4303 4433
3 4358 4434 4321
3 4410 4322 4304
3 4251 4436 4253
3 4253 4436 4360
3 4359 4252 4411
3 4437 4254 4360
3 4306 4438 4305
3 4254 4361 4145
3 4255 4325 4390
3 4230 4389 4412
3 4414 4440 3962
3 4270 4258 4441
3 4442 4347 3944
3 4232 4018 4417
3 4328 4210 4392
3 4064 4443 4021
3 4021 4348 4022
3 4364 4288 3909
3 4212 4272 4444
3 4274 4195 4419
3 4445 4214 4197
3 4151 4445 4197
3 4397 4153 4239
3 4293 4370 4398
3 4398 4314 4446
3 4420 4336 4315
3 4314 4447 4446
3 4371 4448 4421
3 4448 4371 4353
3 4421 4422 4372
3 4449 4404 4425
3 4427 4450 4378
3 4378 4450 4406
3 4425 4377 4428
3 4374 4426 4316
3 4427 4378 4426
3 4452 4382 4406
3 4406 4429 4452
3 4379 4382 4452
3 4453 4222 4318
3 4453 4283 4222
3 4301 4454 4384
3 4341 4455 4430
3 4320 4285 4456
3 4386 4430 4431
3 4435 4191 4302
3 4340 4248 4459
3 4248 4167 4459
3 4303 4409 4433
3 4434 4304 4321
3 4303 4460 4409
3 4303 4344 4460
3 4087 4268 4439
3 4306 4390 4462
3 4168 4307 4345
3 4440 3921 3962
3 4415 4362 4122
3 4257 4170 4415
3 4416 4346 4206
3 4146 4061 4463
3 4465 4064 4171
3 4466 4330 4212
3 4196 4469 4366
3 4419 4195 4470
3 4470 4195 4334
3 4471 4351 4350
3 4472 4445 4151
3 4473 4292 4291
3 4314 4399 4447
3 4474 4448 4353
3 4400 4474 4353
3 4424 4405 4403
3 4475 4374 4423
3 4475 4426 4374
3 4475 4427 4426
3 4449 4425 4476
3 4450 4451 4406
3 4451 4477 4406
3 4406 4477 4429
3 4476 4425 4428
3 4478 4318 4379
3 4453 4479 4283
3 4301 4320 4480
3 4385 4482 4341
3 4482 4455 4341
3 4285 4458 4456
3 4458 4285 4388
3 4430 4457 4431
3 4484 4432 4431
3 4432 4484 4358
3 4484 4434 4358
3 4434 4485 4304
3 4485 4410 4304
3 4409 4460 4486
3 4435 4323 4191
3 4359 4461 4344
3 4359 4411 4461
3 4167 4087 4439
3 4305 4438 4411
3 4254 4437 4361
3 4306 4462 4438
3 4488 4390 4325
3 4362 4414 4036
3 4463 4061 4207
3 4287 4063 4464
3 4063 4232 4464
3 4465 4443 4064
3 4349 4467 4147
3 4490 4148 4147
3 4288 4491 4332
3 4272 4237 4419
3 4492 4334 4214
3 4396 4472 4151
3 4367 4493 4239
3 4397 4239 4493
3 4368 4290 4494
3 4290 4397 4494
3 4094 4369 4311
3 4335 4292 4473
3 4420 4337 4495
3 4337 4277 4495
3 4496 4424 4402
3 4497 4496 4404
3 4404 4496 4402
3 4475 4499 4427
3 4499 4500 4427
3 4500 4450 4427
3 4501 4451 4450
3 4452 4478 4379
3 4478 4453 4318
3 4407 4299 4383
3 4301 4480 4454
3 4408 4481 4266
3 4481 4302 4266
3 4302 4483 4435
3 4431 4457 4503
3 4343 4433 4504
3 4505 4434 4484
3 4505 4485 4434
3 4433 4409 4506
3 4409 4486 4506
3 4344 4507 4460
3 4116 4323 4389
3 4462 4390 4508
3 4323 4487 4389
3 4325 4391 4488
3 4346 4442 3944
3 4509 4234 4418
3 4310 3797 4260
3 4211 3996 4510
3 4331 4511 4365
3 4467 4490 4147
3 4512 4289 4262
3 4512 4394 4289
3 4397 4493 4494
3 4368 4494 4291
3 4494 4473 4291
3 4420 4515 4336
3 4277 4263 4516
3 4422 4475 4423
3 4517 4405 4424
3 4401 4373 4498
3 4475 4518 4499
3 4449 4497 4404
3 4517 4373 4405
3 4519 4500 4499
3 4476 4428 4520
3 4521 4429 4477
3 4428 4380 4520
3 4521 4452 4429
3 4380 4299 4520
3 4479 4357 4283
3 4522 4385 4357
3 4480 4320 4456
3 4455 4523 4430
3 4481 4483 4302
3 4523 4457 4430
3 4388 4343 4504
3 4503 4484 4431
3 4340 4459 4525
3 4526 4251 4322
3 4460 4507 4486
3 4344 4461 4507
3 4436 4437 4360
3 4411 4438 4461
3 4268 4527 4439
3 4268 4345 4527
3 4345 4412 4527
3 4412 4389 4528
3 4529 4309 3921
3 4193 4233 4532
3 4533 4209 4231
3 4233 4328 4534
3 4347 4465 4171
3 4328 4392 4536
3 3996 4348 4510
3 4260 3995 4538
3 4212 4444 4466
3 4332 4540 4393
3 4512 4262 4393
3 4196 4395 4469
3 4541 4333 4148
3 4492 4513 4334
3 4542 4396 4333
3 4494 4543 4473
3 4175 4312 4369
3 4293 4398 4544
3 4263 4335 4514
3 4446 4447 4545
3 4277 4516 4495
3 4400 4401 4546
3 4518 4475 4422
3 4547 4451 4501
3 4517 4498 4373
3 4520 4299 4407
3 4479 4502 4357
3 4502 4522 4357
3 4522 4482 4385
3 4549 4455 4482
3 4523 4550 4457
3 4503 4505 4484
3 4485 4505 4410
3 4486 4507 4551
3 4461 4552 4507
3 4438 4462 4553
3 4462 4508 4553
3 4488 4508 4390
3 4391 4308 4554
3 4529 3921 4440
3 4555 4286 4309
3 4121 4556 4206
3 4417 4234 4509
3 4443 4348 4021
3 4365 4539 4349
3 4349 4539 4467
3 4366 4511 4331
3 4444 4272 4489
3 4541 4542 4333
3 4559 4471 4350
3 4471 4367 4351
3 4561 4493 4367
3 4152 4311 4562
3 4494 4493 4561
3 4563 4543 4494
3 4564 4543 4563
3 4543 4335 4473
3 4565 4263 4514
3 4516 4263 4565
3 4399 4336 4566
3 4566 4336 4515
3 4568 4499 4518
3 4546 4401 4498
3 4547 4569 4451
3 4548 4497 4449
3 4449 4476 4548
3 4522 4571 4482
3 4388 4572 4458
3 4550 4503 4457
3 4503 4573 4505
3 4410 4526 4322
3 4486 4574 4506
3 4551 4574 4486
3 4507 4552 4551
3 4526 4436 4251
3 4461 4575 4552
3 4576 4437 4436
3 4461 4438 4575
3 4438 4553 4575
3 4577 4508 4488
3 4488 4391 4579
3 4413 4557 4326
3 4530 4555 4309
3 4415 4580 4362
3 4308 4146 4581
3 4146 4531 4581
3 4326 4557 4269
3 4269 4582 4327
3 4441 4258 4558
3 4258 4208 4558
3 4207 4193 4583
3 4533 4231 4327
3 4232 4535 4464
3 4418 4125 4537
3 4125 4363 4537
3 4364 4468 4288
3 4491 4288 4468
3 4272 4419 4489
3 4470 4584 4419
3 4540 4585 4393
3 4490 4541 4148
3 4513 4470 4334
3 4560 4367 4471
3 4214 4445 4492
3 4560 4561 4367
3 4494 4561 4586
3 4494 4586 4563
3 4312 4293 4587
3 4398 4446 4544
3 4589 4421 4448
3 4546 4588 4400
3 4400 4588 4474
3 4421 4591 4422
3 4591 4567 4568
3 4567 4592 4568
3 4591 4518 4422
3 4591 4568 4518
3 4450 4593 4501
3 4499 4594 4519
3 4569 4570 4477
3 4569 4477 4451
3 4594 4596 4519
3 4593 4450 4500
3 4548 4476 4595
3 4596 4500 4519
3 4596 4593 4500
3 4571 4549 4482
3 4549 4523 4455
3 4524 4340 4525
3 4504 4433 4597
3 4573 4600 4505
3 4505 4599 4410
3 4600 4599 4505
3 4599 4526 4410
3 4601 4551 4552
3 4167 4439 4459
3 4601 4552 4575
3 4576 4436 4602
3 4601 4575 4603
3 4603 4575 4604
3 4604 4575 4553
3 4604 4553 4577
3 4553 4508 4577
3 4437 4578 4361
3 4389 4487 4528
3 4391 4554 4579
3 4286 4556 4121
3 4557 4582 4269
3 4415 4270 4605
3 4146 4463 4531
3 4270 4441 4605
3 4558 4208 4287
3 4442 4606 4347
3 4193 4532 4583
3 4532 4233 4534
3 4511 4539 4365
3 4419 4584 4608
3 4394 4559 4350
3 4560 4471 4559
3 4609 4563 4586
3 4564 4563 4609
3 4335 4543 4610
3 4514 4610 4611
3 4514 4335 4610
3 4565 4514 4611
3 4565 4611 4612
3 4588 4589 4474
3 4474 4589 4448
3 4590 4614 4567
3 4567 4614 4592
3 4615 4591 4421
3 4567 4591 4590
3 4615 4590 4591
3 4592 4614 4616
3 4616 4614 4547
3 4614 4569 4547
3 4616 4547 4501
3 4570 4521 4477
3 4618 4452 4521
3 4618 4478 4452
3 4619 4502 4479
3 4408 4384 4620
3 4454 4480 4621
3 4383 4340 4524
3 4572 4388 4504
3 4433 4506 4597
3 4622 4602 4600
3 4624 4602 4622
3 4623 4551 4601
3 4602 4436 4526
3 4624 4576 4602
3 4625 4487 4323
3 4527 4412 4528
3 4488 4579 4577
3 4529 4530 4309
3 4533 4607 4209
3 4232 4417 4535
3 4209 4607 4329
3 4329 4626 4364
3 4211 4510 4627
3 4419 4608 4489
3 4332 4491 4540
3 4585 4512 4393
3 4152 4562 4395
3 4564 4609 4628
3 4610 4543 4564
3 4610 4564 4629
3 4610 4629 4630
3 4611 4610 4630
3 4631 4565 4612
3 4446 4545 4544
3 4632 4565 4631
3 4420 4495 4633
3 4495 4632 4633
3 4420 4634 4515
3 4447 4399 4613
3 4495 4516 4632
3 4613 4399 4566
3 4568 4592 4635
3 4617 4517 4424
3 4637 4616 4501
3 4497 4548 4636
3 4568 4594 4499
3 4501 4593 4637
3 4453 4619 4479
3 4572 4504 4597
3 4506 4574 4598
3 4602 4526 4599
3 4600 4602 4599
3 4574 4551 4623
3 4577 4641 4604
3 4579 4641 4577
3 4578 4413 4361
3 4555 4556 4286
3 4556 4416 4206
3 4580 4415 4605
3 4442 4346 4642
3 4606 4465 4347
3 4560 4644 4561
3 4542 4645 4396
3 4644 4586 4561
3 4645 4472 4396
3 4609 4586 4628
3 4564 4628 4629
3 4612 4611 4646
3 4293 4544 4587
3 4633 4632 4647
3 4545 4447 4648
3 4633 4634 4420
3 4516 4565 4632
3 4447 4613 4648
3 4566 4515 4649
3 4589 4615 4421
3 4650 4569 4614
3 4651 4617 4424
3 4651 4424 4496
3 4592 4616 4653
3 4546 4498 4652
3 4616 4637 4653
3 4635 4594 4568
3 4594 4593 4596
3 4595 4476 4520
3 4520 4407 4655
3 4655 4407 4638
3 4502 4639 4522
3 4639 4571 4522
3 4550 4640 4503
3 4640 4573 4503
3 4574 4656 4598
3 4601 4657 4623
3 4603 4657 4601
3 4604 4641 4603
3 4554 4308 4659
3 4659 4308 4581
3 4660 4346 4416
3 4558 4287 4661
3 4328 4536 4534
3 3995 4211 4627
3 4539 4643 4467
3 4489 4608 4444
3 4663 4513 4492
3 4664 4492 4445
3 4628 4586 4665
3 4630 4629 4666
3 4629 4628 4667
3 4611 4630 4668
3 4646 4611 4668
3 4631 4612 4669
3 4647 4632 4631
3 4612 4646 4669
3 4670 4614 4590
3 4590 4615 4671
3 4497 4651 4496
3 4653 4635 4592
3 4517 4652 4498
3 4635 4653 4672
3 4672 4653 4637
3 4635 4672 4594
3 4672 4637 4593
3 4594 4672 4593
3 4570 4654 4521
3 4673 4618 4521
3 4674 4453 4478
3 4674 4619 4453
3 4407 4383 4638
3 4620 4384 4675
3 4384 4676 4675
3 4384 4454 4676
3 4454 4621 4676
3 4458 4572 4677
3 4573 4679 4600
3 4678 4323 4435
3 4657 4603 4641
3 4487 4625 4528
3 4310 4260 4538
3 4626 4683 4364
3 4330 4466 4684
3 4466 4444 4608
3 4366 4469 4685
3 4584 4686 4608
3 4470 4662 4584
3 4687 4559 4394
3 4560 4559 4688
3 4560 4689 4644
3 4644 4690 4586
3 4629 4667 4666
3 4666 4668 4630
3 4668 4691 4646
3 4587 4544 4692
3 4544 4545 4692
3 4633 4647 4693
3 4694 4631 4669
3 4649 4515 4634
3 4588 4696 4589
3 4671 4670 4590
3 4636 4651 4497
3 4617 4699 4517
3 4569 4698 4570
3 4698 4700 4570
3 4636 4548 4595
3 4570 4700 4654
3 4654 4673 4521
3 4618 4674 4478
3 4480 4456 4701
3 4456 4458 4701
3 4702 4549 4571
3 4383 4524 4703
3 4481 4704 4483
3 4483 4678 4435
3 4506 4598 4597
3 4708 4525 4459
3 4656 4574 4709
3 4679 4622 4600
3 4574 4623 4709
3 4459 4439 4708
3 4624 4680 4576
3 4680 4437 4576
3 4641 4710 4657
3 4554 4641 4579
3 4463 4207 4583
3 4442 4642 4606
3 4711 4443 4465
3 4537 4363 4682
3 4443 4712 4348
3 4348 4712 4510
3 4538 3995 4627
3 4392 4330 4684
3 4511 4366 4713
3 4713 4539 4511
3 4643 4490 4467
3 4490 4714 4541
3 4585 4715 4512
3 4715 4394 4512
3 4688 4559 4687
3 4688 4689 4560
3 4472 4664 4445
3 4666 4716 4668
3 4369 4312 4717
3 4695 4646 4691
3 4669 4646 4695
3 4718 4634 4693
3 4633 4693 4634
3 4697 4696 4588
3 4589 4719 4615
3 4671 4615 4719
3 4670 4720 4614
3 4720 4650 4614
3 4650 4698 4569
3 4699 4652 4517
3 4595 4520 4721
3 4619 4722 4502
3 4638 4383 4723
3 4722 4639 4502
3 4620 4481 4408
3 4639 4702 4571
3 4458 4677 4705
3 4572 4706 4677
3 4597 4706 4572
3 4598 4656 4707
3 4658 4439 4724
3 4725 4625 4323
3 4439 4527 4724
3 4580 4605 4727
3 4287 4464 4661
3 4417 4509 4728
3 4366 4685 4713
3 4466 4608 4732
3 4662 4470 4513
3 4395 4562 4733
3 4666 4667 4734
3 4692 4545 4648
3 4693 4647 4735
3 4647 4631 4694
3 4613 4566 4736
3 4566 4649 4736
3 4737 4697 4588
3 4546 4737 4588
3 4720 4698 4650
3 4546 4652 4737
3 4520 4655 4721
3 4673 4738 4618
3 4738 4674 4618
3 4674 4739 4619
3 4723 4383 4703
3 4620 4741 4481
3 4480 4740 4621
3 4701 4458 4705
3 4704 4678 4483
3 4597 4598 4706
3 4657 4743 4623
3 4657 4710 4743
3 4527 4528 4726
3 4726 4528 4725
3 4528 4625 4725
3 4681 4413 4578
3 4745 4414 4362
3 4746 4745 4362
3 4746 4362 4580
3 4556 4747 4416
3 4727 4605 4748
3 4748 4605 4441
3 4660 4642 4346
3 4531 4463 4749
3 4535 4417 4751
3 4751 4417 4728
3 4509 4418 4752
3 4537 4682 4418
3 4626 4329 4607
3 4536 4392 4753
3 4363 4310 4682
3 4662 4732 4686
3 4662 4686 4584
3 4665 4756 4628
3 4734 4716 4666
3 4716 4691 4668
3 4647 4694 4735
3 4718 4693 4758
3 4693 4735 4758
3 4648 4613 4759
3 4649 4634 4718
3 4671 4719 4761
3 4696 4719 4589
3 4651 4762 4617
3 4762 4699 4617
3 4764 4763 4636
3 4636 4763 4651
3 4636 4595 4764
3 4739 4722 4619
3 4480 4701 4740
3 4702 4742 4549
3 4742 4765 4549
3 4765 4523 4549
3 4709 4707 4656
3 4709 4623 4743
3 4679 4680 4622
3 4680 4624 4622
3 4678 4767 4323
3 4439 4658 4708
3 4680 4578 4437
3 4767 4725 4323
3 4527 4726 4724
3 4744 4710 4641
3 4641 4554 4744
3 4681 4557 4413
3 4769 4440 4414
3 4769 4768 4440
3 4727 4746 4580
3 4583 4749 4463
3 4464 4535 4750
3 4606 4729 4465
3 4729 4711 4465
3 4753 4392 4684
3 4683 4468 4364
3 4731 4643 4539
3 4541 4714 4542
3 4492 4664 4663
3 4690 4665 4586
3 4645 4755 4472
3 4755 4664 4472
3 4562 4311 4773
3 4311 4369 4773
3 4667 4628 4774
3 4628 4756 4774
3 4695 4691 4757
3 4718 4758 4775
3 4613 4736 4759
3 4760 4777 4671
3 4671 4777 4670
3 4776 4761 4719
3 4761 4760 4671
3 4777 4720 4670
3 4697 4778 4696
3 4778 4719 4696
3 4737 4779 4697
3 4763 4762 4651
3 4738 4780 4674
3 4780 4739 4674
3 4620 4675 4781
3 4781 4741 4620
3 4722 4782 4639
3 4782 4702 4639
3 4703 4524 4525
3 4783 4707 4709
3 4768 4529 4440
3 4745 4769 4414
3 4784 4642 4660
3 4441 4558 4770
3 4509 4752 4728
3 4310 4754 4682
3 4466 4732 4684
3 4713 4771 4539
3 4539 4771 4731
3 4643 4714 4490
3 4608 4686 4732
3 4685 4469 4772
3 4734 4667 4787
3 4787 4667 4774
3 4787 4716 4734
3 4716 4788 4691
3 4791 4758 4735
3 4694 4669 4792
3 4649 4718 4793
3 4776 4794 4761
3 4795 4760 4761
3 4776 4719 4778
3 4779 4778 4697
3 4763 4797 4762
3 4762 4796 4699
3 4737 4652 4798
3 4796 4799 4699
3 4699 4798 4652
3 4722 4739 4801
3 4782 4742 4702
3 4765 4550 4523
3 4706 4598 4707
3 4525 4708 4803
3 4766 4679 4573
3 4709 4743 4783
3 4680 4679 4804
3 4708 4658 4805
3 4743 4710 4806
3 4531 4749 4581
3 4583 4532 4785
3 4418 4682 4752
3 4711 4712 4443
3 4731 4714 4643
3 4468 4730 4491
3 4469 4395 4772
3 4394 4808 4687
3 4809 4513 4663
3 4542 4786 4645
3 4757 4691 4788
3 4789 4791 4735
3 4735 4694 4789
3 4694 4792 4789
3 4648 4759 4790
3 4793 4718 4775
3 4793 4775 4810
3 4669 4695 4792
3 4736 4649 4793
3 4794 4795 4761
3 4812 4776 4779
3 4779 4776 4778
3 4797 4796 4762
3 4737 4798 4779
3 4799 4798 4699
3 4764 4595 4814
3 4595 4721 4814
3 4700 4800 4654
3 4800 4673 4654
3 4738 4673 4815
3 4738 4816 4817
3 4738 4817 4780
3 4780 4801 4739
3 4676 4621 4740
3 4818 4722 4801
3 4722 4818 4782
3 4705 4677 4819
3 4640 4766 4573
3 4681 4822 4557
3 4558 4661 4770
3 4310 4538 4754
3 4683 4730 4468
3 4312 4587 4717
3 4692 4648 4824
3 4648 4790 4824
3 4695 4757 4825
3 4775 4758 4826
3 4827 4795 4794
3 4811 4794 4776
3 4812 4811 4776
3 4777 4829 4720
3 4798 4812 4779
3 4720 4829 4698
3 4830 4831 4796
3 4832 4830 4797
3 4830 4796 4797
3 4796 4831 4799
3 4763 4833 4797
3 4763 4764 4814
3 4814 4833 4763
3 4813 4834 4698
3 4834 4700 4698
3 4815 4673 4800
3 4780 4817 4801
3 4817 4835 4801
3 4801 4835 4818
3 4701 4705 4802
3 4705 4819 4802
3 4706 4707 4677
3 4707 4783 4837
3 4743 4838 4783
3 4766 4804 4679
3 4806 4710 4744
3 4661 4464 4750
3 4533 4841 4607
3 4532 4534 4823
3 4729 4842 4711
3 4395 4733 4772
3 4844 4688 4687
3 4688 4844 4689
3 4690 4644 4689
3 4645 4786 4755
3 4787 4774 4846
3 4774 4756 4846
3 4716 4787 4847
3 4847 4788 4716
3 4587 4692 4824
3 4791 4826 4758
3 4792 4695 4825
3 4828 4811 4812
3 4795 4848 4849
3 4795 4849 4760
3 4760 4849 4777
3 4812 4798 4828
3 4831 4851 4799
3 4799 4851 4852
3 4832 4797 4833
3 4799 4852 4798
3 4834 4800 4700
3 4815 4816 4738
3 4818 4835 4782
3 4853 4742 4782
3 4853 4854 4742
3 4854 4765 4742
3 4741 4704 4481
3 4704 4855 4678
3 4857 4766 4640
3 4855 4767 4678
3 4743 4858 4838
3 4680 4859 4821
3 4806 4858 4743
3 4821 4578 4680
3 4724 4726 4860
3 4839 4681 4578
3 4747 4660 4416
3 4748 4441 4861
3 4642 4784 4840
3 4823 4534 4536
3 4840 4729 4606
3 4841 4626 4607
3 4862 4510 4712
3 4731 4863 4714
3 4843 4732 4662
3 4865 4662 4513
3 4687 4808 4844
3 4844 4867 4689
3 4869 4665 4690
3 4717 4587 4870
3 4757 4788 4871
3 4587 4824 4870
3 4759 4736 4872
3 4872 4736 4793
3 4849 4829 4777
3 4850 4873 4830
3 4830 4873 4831
3 4832 4850 4830
3 4828 4798 4852
3 4874 4835 4817
3 4781 4675 4875
3 4675 4676 4875
3 4676 4740 4877
3 4740 4701 4879
3 4701 4802 4879
3 4878 4853 4782
3 4878 4782 4835
3 4765 4880 4550
3 4677 4707 4856
3 4838 4837 4783
3 4804 4859 4680
3 4658 4724 4860
3 4581 4749 4659
3 4882 4784 4660
3 4642 4840 4606
3 4535 4751 4750
3 4627 4885 4538
3 4886 4684 4732
3 4771 4887 4731
3 4887 4863 4731
3 4685 4772 4888
3 4540 4864 4585
3 4715 4866 4394
3 4845 4542 4714
3 4866 4808 4394
3 4664 4868 4663
3 4787 4846 4889
3 4889 4847 4787
3 4790 4759 4824
3 4824 4759 4872
3 4825 4757 4871
3 4890 4793 4810
3 4891 4775 4826
3 4794 4892 4827
3 4827 4893 4795
3 4849 4894 4829
3 4873 4851 4831
3 4829 4813 4698
3 4655 4895 4721
3 4816 4874 4817
3 4854 4880 4765
3 4525 4803 4703
3 4837 4856 4707
3 4658 4860 4805
3 4744 4554 4881
3 4896 4556 4555
3 4746 4727 4897
3 4897 4727 4748
3 4583 4807 4899
3 4883 4533 4327
3 4536 4753 4823
3 4728 4752 4900
3 4752 4682 4901
3 4713 4887 4771
3 4540 4491 4730
3 4843 4662 4865
3 4513 4809 4865
3 4809 4663 4868
3 4542 4845 4786
3 4369 4717 4773
3 4872 4793 4904
3 4789 4792 4905
3 4793 4890 4904
3 4810 4775 4891
3 4892 4794 4811
3 4828 4852 4906
3 4814 4721 4895
3 4814 4895 4907
3 4834 4908 4800
3 4908 4815 4800
3 4815 4874 4816
3 4874 4876 4835
3 4676 4909 4875
3 4877 4740 4879
3 4910 4854 4853
3 4880 4820 4550
3 4820 4836 4550
3 4550 4836 4640
3 4677 4856 4819
3 4821 4839 4578
3 4912 4822 4681
3 4745 4913 4769
3 4746 4914 4745
3 4897 4914 4746
3 4898 4748 4861
3 4582 4883 4327
3 4583 4785 4807
3 4884 4753 4684
3 4903 4685 4888
3 4918 4690 4689
3 4755 4868 4664
3 4786 4919 4755
3 4923 4873 4850
3 4848 4924 4849
3 4923 4850 4832
3 4924 4894 4849
3 4851 4906 4852
3 4832 4833 4925
3 4813 4926 4834
3 4814 4925 4833
3 4876 4878 4835
3 4854 4930 4880
3 4838 4931 4837
3 4860 4726 4935
3 4726 4725 4935
3 4911 4744 4881
3 4913 4768 4769
3 4822 4582 4557
3 4914 4913 4745
3 4747 4882 4660
3 4659 4749 4916
3 4897 4748 4898
3 4882 4936 4784
3 4749 4583 4899
3 4751 4728 4900
3 4900 4752 4901
3 4753 4884 4917
3 4682 4902 4901
3 4682 4754 4902
3 4627 4510 4862
3 4887 4685 4903
3 4887 4713 4685
3 4887 4937 4863
3 4715 4585 4939
3 4865 4809 4940
3 4844 4808 4866
3 4919 4920 4755
3 4665 4846 4756
3 4847 4941 4788
3 4941 4871 4788
3 4810 4921 4890
3 4810 4891 4921
3 4893 4848 4795
3 4922 4851 4873
3 4942 4924 4848
3 4943 4832 4925
3 4907 4925 4814
3 4926 4908 4834
3 4944 4874 4815
3 4781 4875 4927
3 4927 4945 4781
3 4946 4878 4876
3 4879 4802 4928
3 4819 4856 4931
3 4837 4931 4856
3 4948 4859 4804
3 4858 4806 4949
3 4806 4744 4911
3 4934 4725 4767
3 4725 4934 4935
3 4554 4659 4881
3 4950 4529 4768
3 4441 4770 4861
3 4807 4785 4951
3 4785 4532 4952
3 4842 4729 4840
3 4711 4953 4712
3 4953 4862 4712
3 4683 4626 4954
3 4888 4772 4955
3 4540 4957 4864
3 4772 4733 4955
3 4918 4869 4690
3 4920 4868 4755
3 4791 4958 4826
3 4923 4922 4873
3 4943 4923 4832
3 4828 4906 4959
3 4909 4676 4877
3 4945 4741 4781
3 4928 4802 4947
3 4853 4960 4910
3 4741 4961 4704
3 4802 4819 4947
3 4961 4855 4704
3 4708 4932 4803
3 4857 4948 4766
3 4766 4948 4804
3 4708 4805 4932
3 4838 4858 4949
3 4932 4805 4933
3 4855 4934 4767
3 4911 4949 4806
3 4860 4935 4962
3 4950 4963 4529
3 4963 4530 4529
3 4896 4555 4530
3 4913 4950 4768
3 4915 4747 4556
3 4750 4751 4965
3 4823 4753 4917
3 4627 4862 4967
3 4884 4684 4886
3 4732 4843 4968
3 4843 4865 4956
3 4918 4689 4867
3 4868 4969 4809
3 4970 4846 4665
3 4773 4717 4971
3 4789 4958 4791
3 4811 4828 4972
3 4922 4973 4851
3 4851 4975 4906
3 4924 4976 4894
3 4894 4976 4829
3 4829 4976 4813
3 4895 4655 4977
3 4908 4978 4815
3 4978 4944 4815
3 4878 4960 4853
3 4910 4930 4854
3 4836 4857 4640
3 4839 4912 4681
3 4896 4915 4556
3 4881 4659 4916
3 4964 4883 4582
3 4936 4840 4784
3 4883 4841 4533
3 4952 4532 4823
3 4841 4966 4626
3 4954 4730 4683
3 4886 4732 4968
3 4540 4730 4980
3 4939 4866 4715
3 4844 4866 4981
3 4824 4983 4870
3 4871 4984 4825
3 4904 4890 4985
3 4890 4921 4986
3 4972 4828 4974
3 4973 4975 4851
3 4974 4828 4959
3 4975 4987 4906
3 4988 4976 4924
3 4976 4926 4813
3 4655 4638 4977
3 4723 4703 4929
3 4946 4989 4878
3 4819 4979 4947
3 4991 4821 4859
3 4860 4962 4933
3 4861 4770 4992
3 4842 4953 4711
3 4843 4956 4968
3 4585 4864 4939
3 4981 4867 4844
3 4982 4665 4869
3 4562 4773 4993
3 4982 4970 4665
3 4941 4847 4994
3 4717 4870 4995
3 4824 4872 4983
3 4872 4904 4997
3 4958 4789 4996
3 4789 4905 4996
3 4811 4972 4892
3 4942 4988 4924
3 4945 4961 4741
3 4929 4703 4803
3 4803 4932 4999
3 4931 5000 4990
3 4931 4838 5000
3 4991 4859 4948
3 4838 4949 5000
3 4805 4860 4933
3 4915 5002 4747
3 4899 4807 4951
3 4937 5004 4863
3 5005 4714 4863
3 4980 4957 4540
3 5006 4956 4865
3 5007 5006 4865
3 4940 5007 4865
3 5008 4918 4867
3 4733 4562 4993
3 4920 5009 4868
3 4889 4846 4970
3 4890 4986 4985
3 4891 4826 5011
3 4923 5012 4922
3 4848 5013 4942
3 4943 5014 4923
3 5015 4908 4926
3 5015 4978 4908
3 5016 4874 4944
3 4927 4875 5018
3 4874 5017 4876
3 4875 4909 4998
3 4909 4877 4998
3 4877 4879 4998
3 4879 4928 5019
3 4878 4989 4960
3 4960 5020 4910
3 5020 4930 4910
3 4819 4931 4979
3 5021 4991 4948
3 5023 4934 4855
3 5002 4882 4747
3 5028 4901 4902
3 4627 4967 4885
3 4730 4954 4938
3 5005 4845 4714
3 4981 4866 4939
3 4940 4809 4969
3 4889 4994 4847
3 4983 4872 4997
3 4984 4871 5010
3 4904 4985 4997
3 4891 5011 4921
3 5012 4973 4922
3 4943 4925 5031
3 4987 4959 4906
3 4907 5031 4925
3 4988 5015 4976
3 5015 4926 4976
3 5032 4978 5015
3 4978 5033 4944
3 5033 5016 4944
3 5016 5017 4874
3 5018 4875 5034
3 4875 4998 5034
3 4998 4879 5019
3 5035 4880 4930
3 4929 4803 4999
3 4880 5035 4820
3 5035 5036 4820
3 5036 4836 4820
3 4979 4931 4990
3 5037 4857 4836
3 5021 4948 4857
3 4949 4911 5024
3 4963 4896 4530
3 4914 4897 5039
3 4882 5025 4936
3 4898 4861 5040
3 4861 4992 5041
3 4952 4823 5026
3 4965 4751 5027
3 4751 4900 5027
3 5044 4887 4903
3 4887 5044 4937
3 5044 5029 4937
3 5029 5004 4937
3 4938 4980 4730
3 4981 5008 4867
3 4918 4982 4869
3 5009 4969 4868
3 4889 4970 5045
3 4941 5010 4871
3 4905 4792 4984
3 4792 4825 4984
3 4826 4958 5047
3 5011 4826 5047
3 4893 5030 4848
3 5030 5013 4848
3 4942 5048 4988
3 4943 5031 5049
3 5032 5015 4988
3 4638 4723 4977
3 4927 5051 4945
3 4876 5017 4946
3 5019 4928 4947
3 4947 4979 5052
3 5053 4930 5020
3 5053 5035 4930
3 5054 5036 5035
3 4961 5022 4855
3 5054 5055 5036
3 5055 5037 5036
3 5036 5037 4836
3 5037 5021 4857
3 5056 5021 5037
3 4991 5021 5056
3 4991 5057 4821
3 4949 5024 5000
3 5022 5023 4855
3 5058 4839 4821
3 5001 4950 4913
3 4822 5059 4582
3 4749 4899 5042
3 4936 5060 4840
3 4770 4661 4992
3 4951 4785 4952
3 5060 5062 4840
3 4823 5063 5026
3 4900 5003 5027
3 4900 4901 5003
3 4901 5028 5003
3 5043 4884 4886
3 5004 5005 4863
3 4981 4939 5065
3 4940 4969 5066
3 5067 5009 4920
3 5045 4994 4889
3 4773 4971 4993
3 4996 4905 5070
3 4905 4984 5070
3 4892 5071 4827
3 5071 4893 4827
3 5072 5012 4923
3 5014 5072 4923
3 4942 5013 5048
3 5048 5032 4988
3 5032 5033 4978
3 5034 4998 5050
3 4998 5019 5050
3 5053 5054 5035
3 5056 5037 5055
3 5057 5058 4821
3 4911 4881 5038
3 5026 4951 4952
3 4823 4917 5063
3 4902 4754 5073
3 4754 4538 5073
3 4886 4968 5064
3 5074 4864 4957
3 4864 5074 4939
3 5074 5065 4939
3 5007 4940 5066
3 5065 5008 4981
3 5075 4920 4919
3 4996 5077 4958
3 5046 4985 4986
3 5078 5032 5048
3 5079 5033 5032
3 5018 5051 4927
3 5056 5081 4991
3 4990 5000 5024
3 5040 4861 5041
3 5025 5060 4936
3 4899 4951 5083
3 4661 4750 5061
3 5062 5084 4840
3 4840 5084 4842
3 4966 4954 4626
3 4968 4956 5085
3 5086 4982 4918
3 4970 4982 5068
3 4941 4994 5076
3 4870 4983 5069
3 5013 5087 5048
3 5031 4907 4895
3 5078 5088 5079
3 5078 5079 5032
3 5089 5090 5079
3 5079 5090 5033
3 5091 5016 5033
3 5016 5092 5017
3 5018 5034 5080
3 5034 5050 5080
3 4977 4723 5093
3 5094 4946 5017
3 4723 4929 5093
3 4945 5095 4961
3 5020 5096 5053
3 5096 5097 5053
3 5053 5097 5054
3 5052 4979 5099
3 5097 5098 5054
3 5098 5055 5054
3 5055 5098 5100
3 5100 5056 5055
3 5056 5100 5081
3 5081 5057 4991
3 5024 4911 5038
3 4935 4934 5023
3 4881 4916 5082
3 5102 4882 5002
3 5042 4899 5083
3 4951 5103 5083
3 4750 4965 5061
3 5084 4953 4842
3 4538 5105 5073
3 5044 4903 5106
3 5085 4956 5006
3 4957 5108 5074
3 5108 5109 5074
3 5109 5065 5074
3 5110 5086 4918
3 5110 4918 5008
3 5075 5067 4920
3 4786 5111 4919
3 4995 4870 5069
3 4985 5046 4997
3 5047 4958 5077
3 5071 5030 4893
3 5112 4892 4972
3 5049 5014 4943
3 5087 5078 5048
3 5113 5088 5078
3 5088 5114 5079
3 5079 5114 5089
3 5090 5091 5033
3 5091 5092 5016
3 5080 5050 5115
3 5050 5019 5115
3 5019 4947 5116
3 4947 5052 5116
3 5117 4989 4946
3 5096 5118 5097
3 5120 5100 5098
3 5100 5121 5081
3 4990 5024 5122
3 4933 5101 5123
3 4933 4962 5101
3 4962 4935 5125
3 5082 5038 4881
3 5082 4916 4749
3 4992 4661 5061
3 4951 5026 5103
3 5043 4886 5064
3 4968 5085 5064
3 4938 5128 4980
3 5007 5107 5006
3 5065 5129 5008
3 4845 5130 4786
3 4983 4997 5131
3 4921 5011 5132
3 5133 4987 4975
3 5087 5113 5078
3 5113 5134 5088
3 5134 5114 5088
3 5051 5018 5080
3 5080 5115 5136
3 5115 5019 5137
3 5052 5099 5138
3 5097 5119 5098
3 5099 4979 4990
3 4932 4933 5123
3 5024 5038 5124
3 4962 5125 5101
3 4912 5139 4822
3 4913 4914 5001
3 5059 4964 4582
3 5083 5103 5140
3 4538 4885 5105
3 4903 4888 5106
3 5065 5109 5129
3 5129 5110 5008
3 5130 5111 4786
3 5111 5075 4919
3 5010 4941 5076
3 4997 5046 5131
3 5012 5144 4973
3 5145 5072 5014
3 4973 5133 4975
3 5049 5145 5014
3 5133 5146 4987
3 5031 4895 5135
3 5135 4895 4977
3 5019 5116 5137
3 4960 5096 5020
3 5118 5119 5097
3 5119 5120 5098
3 5120 5148 5100
3 5148 5121 5100
3 5149 4990 5122
3 4935 5023 5125
3 5151 5126 4896
3 5126 4915 4896
3 5152 5039 4897
3 5152 4897 4898
3 4749 5042 5127
3 5154 5104 4953
3 4917 4884 5043
3 4967 4862 5155
3 4980 5141 4957
3 5108 5156 5109
3 4733 5157 4955
3 5005 5130 4845
3 4733 4993 5157
3 4921 5132 4986
3 5160 5112 4972
3 5144 5133 4973
3 4974 5160 4972
3 5161 5113 5087
3 5146 4959 4987
3 5093 4929 5147
3 5094 5117 4946
3 4989 5162 4960
3 5116 5052 5163
3 5162 5164 4960
3 5164 5096 4960
3 4932 5123 5165
3 5151 4896 4963
3 5166 5002 4915
3 5102 5153 4882
3 5152 4898 5040
3 5042 5083 5140
3 4917 5043 5063
3 5084 5154 4953
3 5104 4862 4953
3 5167 4954 4966
3 5141 4980 5128
3 5129 5109 5169
3 5158 4969 5009
3 5045 4970 5170
3 5045 5142 4994
3 4970 5068 5170
3 5142 5076 4994
3 5171 5077 4996
3 4984 5010 5143
3 5070 4984 5172
3 5011 5047 5174
3 5145 5175 5072
3 4974 4959 5160
3 5161 5134 5113
3 5089 5177 5090
3 5177 5091 5090
3 5080 5136 5178
3 5096 5164 5118
3 5052 5138 5163
3 4929 4999 5179
3 4990 5149 5099
3 5081 5121 5181
3 5181 5057 5081
3 5022 5183 5023
3 5122 5024 5184
3 5024 5124 5184
3 5101 5125 5185
3 5150 4912 4839
3 5139 5059 4822
3 5187 5001 4914
3 5153 5025 4882
3 5127 5082 4749
3 5188 4841 4883
3 5003 5028 5189
3 5029 5190 5004
3 4888 4955 5191
3 5107 5192 5006
3 5141 5108 4957
3 5156 5169 5109
3 5066 5168 5007
3 5193 5130 5005
3 4971 4717 5194
3 4717 5159 5194
3 5159 4717 4995
3 5172 4984 5173
3 5112 5071 4892
3 5175 5012 5072
3 5161 5176 5134
3 5176 5195 5134
3 5195 5114 5134
3 5114 5196 5089
3 5196 5177 5089
3 5092 5094 5017
3 5051 5080 5178
3 5117 5162 4989
3 5164 5197 5118
3 5149 5122 5182
3 5122 5184 5182
3 5198 5184 5124
3 5082 5186 5038
3 5039 5187 4914
3 5025 5199 5060
3 5060 5200 5062
3 5026 5063 5201
3 5200 5084 5062
3 5028 4902 5203
3 5104 5155 4862
3 4954 5205 4938
3 5044 5206 5029
3 5085 5006 5192
3 5168 5107 5007
3 5066 4969 5158
3 5207 5067 5075
3 5171 4996 5070
3 5046 4986 5208
3 5175 5144 5012
3 5160 4959 5146
3 5049 5031 5209
3 5031 5135 5209
3 5195 5210 5114
3 5115 5211 5136
3 5115 5137 5211
3 5051 5095 4945
3 5212 5117 5094
3 5137 5116 5163
3 5147 4929 5179
3 5095 5213 4961
3 5214 5119 5118
3 5099 5149 5180
3 5182 5184 5216
3 5217 5216 5184
3 5218 5217 5184
3 5218 5184 5198
3 5126 5166 4915
3 5166 5102 5002
3 5082 5127 5219
3 4964 5188 4883
3 5063 5043 5202
3 4902 5073 5204
3 5106 5206 5044
3 5106 4888 5191
3 5193 5005 5004
3 5168 5192 5107
3 5129 5169 5221
3 5222 5129 5221
3 5069 4983 5224
3 5143 5010 5225
3 5131 5046 5226
3 4984 5143 5173
3 5046 5208 5226
3 5208 4986 5132
3 5030 5227 5013
3 5013 5227 5087
3 5145 5049 5228
3 5049 5209 5228
3 5177 5229 5091
3 5091 5229 5092
3 5212 5162 5117
3 4999 4932 5165
3 5215 5180 5149
3 5149 5231 5215
3 5181 5058 5057
3 5216 5217 5218
3 5232 5187 5039
3 5127 5042 5220
3 5026 5201 5103
3 5200 5233 5084
3 5206 5190 5029
3 5222 5086 5129
3 5086 5110 5129
3 5066 5158 5234
3 5235 5236 5086
3 5086 5236 4982
3 5076 5142 5223
3 5010 5076 5223
3 5069 5224 5237
3 4983 5131 5224
3 5171 5070 5172
3 5047 5077 5174
3 5132 5011 5174
3 5238 5227 5030
3 5161 5087 5227
3 5241 5176 5161
3 5242 5146 5133
3 5243 5209 5135
3 5210 5196 5114
3 5136 5211 5244
3 5137 5163 5245
3 5214 5118 5197
3 5138 5099 5180
3 5148 5246 5121
3 5246 5247 5121
3 5247 5181 5121
3 5149 5182 5231
3 5198 5248 5218
3 5058 5150 4839
3 5150 5139 4912
3 5249 4963 4950
3 5001 5249 4950
3 5152 5040 5250
3 5199 5200 5060
3 5027 5003 5189
3 5203 4902 5204
3 5190 5193 5004
3 4955 5157 5191
3 5067 5158 5009
3 5236 5068 4982
3 5045 5253 5142
3 5010 5223 5225
3 5224 5131 5254
3 5071 5238 5030
3 5239 5112 5160
3 5240 5255 5175
3 5175 5255 5144
3 5227 5241 5161
3 5145 5240 5175
3 5144 5256 5133
3 5256 5242 5133
3 5160 5146 5242
3 5209 5243 5228
3 5135 5257 5243
3 5135 4977 5258
3 5229 5259 5092
3 5259 5094 5092
3 5259 5212 5094
3 5051 5178 5261
3 5178 5136 5244
3 5261 5095 5051
3 5211 5137 5245
3 5262 5164 5162
3 5138 5180 5263
3 5216 5218 5182
3 5123 5101 5264
3 5140 5103 5220
3 5266 4966 4841
3 4965 5027 5267
3 5128 4938 5205
3 5234 5168 5066
3 5222 5221 5268
3 5111 5207 5075
3 5045 5170 5269
3 5269 5253 5045
3 5131 5226 5254
3 5174 5077 5270
3 5255 5256 5144
3 5228 5240 5145
3 5160 5242 5239
3 5176 5272 5195
3 5273 5210 5195
3 5210 5274 5196
3 5178 5244 5275
3 5262 5197 5164
3 5182 5218 5248
3 5198 5124 5248
3 5277 5249 5001
3 5187 5277 5001
3 5232 5039 5152
3 5219 5127 5265
3 5040 5041 5250
3 5250 5041 5278
3 5042 5140 5220
3 5188 5266 4841
3 5201 5063 5251
3 5063 5202 5251
3 5189 5028 5203
3 5252 5043 5064
3 4993 5281 5157
3 5281 4993 5282
3 5111 5130 5283
3 4993 4971 5282
3 4995 5069 5284
3 5171 5270 5077
3 5224 5254 5285
3 5071 5271 5238
3 5255 5242 5256
3 5287 5242 5255
3 5243 5286 5228
3 5287 5288 5242
3 5272 5273 5195
3 5177 5196 5289
3 5289 5229 5177
3 5260 5093 5147
3 5290 5162 5212
3 5262 5162 5290
3 5262 5291 5197
3 5291 5214 5197
3 5276 5022 4961
3 5180 5215 5293
3 5294 5215 5231
3 5022 5276 5183
3 5101 5185 5264
3 5082 5219 5186
3 5153 5199 5025
3 5265 5127 5220
3 5061 4965 5267
3 5084 5298 5154
3 4954 5167 5205
3 5299 5193 5190
3 5192 5279 5085
3 5192 5280 5279
3 5192 5168 5280
3 5300 5108 5141
3 5067 5301 5158
3 5302 5067 5207
3 5170 5068 5303
3 4995 5284 5159
3 5224 5285 5304
3 5254 5226 5208
3 5173 5143 5305
3 5208 5132 5306
3 5132 5174 5307
3 5308 5112 5239
3 5271 5227 5238
3 5241 5309 5176
3 5239 5310 5308
3 5228 5286 5240
3 5286 5311 5240
3 5311 5255 5240
3 5311 5287 5255
3 5242 5310 5239
3 5312 5286 5243
3 5243 5257 5312
3 5135 5258 5257
3 5274 5313 5196
3 5313 5289 5196
3 5093 5260 4977
3 5261 5178 5275
3 5290 5212 5314
3 5163 5138 5315
3 5213 5276 4961
3 5230 5292 5120
3 5230 5120 5119
3 4999 5165 5179
3 5316 5246 5148
3 5247 5295 5181
3 5231 5182 5296
3 5182 5248 5296
3 5124 5297 5248
3 5183 5318 5023
3 5185 5125 5319
3 5125 5023 5318
3 5220 5103 5201
3 5251 5202 5322
3 5154 5323 5104
3 5043 5252 5202
3 5300 5156 5108
3 5222 5235 5086
3 5234 5158 5301
3 5253 5325 5142
3 5325 5223 5142
3 5237 5224 5304
3 5171 5326 5270
3 5326 5171 5172
3 5254 5327 5285
3 5208 5306 5254
3 5172 5173 5305
3 5306 5132 5307
3 5112 5271 5071
3 5271 5328 5227
3 5310 5329 5308
3 5288 5310 5242
3 5312 5257 5330
3 5331 5229 5289
3 5331 5259 5229
3 5314 5212 5259
3 5314 5332 5290
3 5290 5332 5333
3 5333 5262 5290
3 5333 5291 5262
3 5163 5315 5245
3 5214 5230 5119
3 5263 5180 5335
3 5292 5336 5120
3 5231 5317 5294
3 5231 5296 5317
3 5058 5181 5295
3 5123 5264 5337
3 5038 5297 5124
3 5041 4992 5278
3 5061 5267 5321
3 5299 5190 5206
3 5064 5085 5339
3 5156 5221 5169
3 5283 5207 5111
3 5282 4971 5194
3 5269 5340 5253
3 5269 5170 5303
3 5327 5254 5341
3 5254 5306 5342
3 5174 5270 5307
3 5308 5343 5112
3 5343 5271 5112
3 5329 5343 5308
3 5328 5241 5227
3 5344 5310 5288
3 5345 5311 5286
3 5346 5288 5287
3 5257 5258 5330
3 5273 5274 5210
3 5331 5314 5259
3 5147 5179 5334
3 5315 5138 5263
3 5180 5293 5335
3 5120 5336 5148
3 5293 5215 5294
3 5336 5316 5148
3 5165 5123 5337
3 5248 5297 5296
3 5185 5319 5264
3 5320 5297 5038
3 5348 5139 5150
3 5186 5219 5349
3 5350 5199 5153
3 5266 5338 4966
3 5233 5298 5084
3 5204 5073 5105
3 4967 5155 5351
3 5352 5299 5206
3 5206 5106 5353
3 5128 5324 5141
3 5354 5193 5299
3 5191 5157 5355
3 5157 5281 5355
3 5068 5357 5303
3 5069 5237 5358
3 5143 5225 5305
3 5343 5328 5271
3 5241 5328 5359
3 5329 5360 5343
3 5360 5328 5343
3 5344 5329 5310
3 5309 5272 5176
3 5312 5345 5286
3 5345 5361 5311
3 5361 5287 5311
3 5361 5346 5287
3 5258 4977 5362
3 5274 5363 5313
3 4977 5260 5362
3 5314 5331 5364
3 5314 5364 5332
3 5261 5347 5095
3 5244 5211 5365
3 5263 5335 5366
3 5125 5318 5319
3 5038 5186 5320
3 5368 5232 5152
3 5250 5368 5152
3 4992 5061 5369
3 5338 5167 4966
3 5205 5167 5370
3 5064 5339 5252
3 5353 5352 5206
3 5106 5191 5371
3 5372 5221 5156
3 5193 5356 5130
3 5302 5301 5067
3 5373 5302 5207
3 5340 5269 5303
3 5325 5225 5223
3 5237 5304 5374
3 5326 5172 5375
3 5306 5376 5342
3 5342 5341 5254
3 5306 5307 5376
3 5379 5359 5328
3 5344 5378 5329
3 5344 5288 5380
3 5288 5346 5380
3 5330 5258 5382
3 5211 5245 5365
3 5332 5383 5333
3 5383 5384 5333
3 5384 5291 5333
3 5385 5214 5291
3 5388 5366 5335
3 5335 5293 5389
3 5247 5392 5295
3 5232 5396 5187
3 5219 5265 5349
3 5139 5397 5059
3 5398 4964 5059
3 5027 5189 5400
3 5400 5189 5401
3 5189 5203 5402
3 5203 5204 5403
3 5068 5236 5357
3 5340 5303 5406
3 5284 5069 5358
3 5326 5407 5270
3 5172 5305 5375
3 5304 5285 5374
3 5285 5327 5377
3 5378 5408 5329
3 5408 5360 5329
3 5328 5360 5409
3 5328 5409 5379
3 5410 5309 5241
3 5411 5344 5380
3 5309 5412 5272
3 5361 5381 5346
3 5413 5274 5273
3 5413 5363 5274
3 5289 5414 5331
3 5414 5415 5331
3 5415 5364 5331
3 5261 5275 5347
3 5416 5244 5365
3 5384 5385 5291
3 5385 5386 5214
3 5095 5417 5213
3 5315 5263 5418
3 5387 5179 5165
3 5388 5335 5389
3 5293 5294 5419
3 5276 5420 5183
3 5246 5421 5247
3 5421 5392 5247
3 5423 5058 5295
3 5423 5393 5058
3 5391 5165 5337
3 5320 5425 5297
3 5395 5277 5187
3 5367 5153 5102
3 5278 4992 5369
3 5220 5201 5427
3 5201 5251 5429
3 5430 5298 5233
3 5298 5323 5154
3 5323 5155 5104
3 4885 4967 5351
3 5404 5299 5352
3 5353 5106 5432
3 5085 5279 5405
3 5279 5280 5433
3 5434 5222 5268
3 5434 5235 5222
3 5356 5435 5130
3 5435 5283 5130
3 5283 5373 5207
3 5340 5437 5253
3 5253 5438 5325
3 5325 5438 5225
3 5270 5407 5376
3 5376 5307 5270
3 5305 5225 5439
3 5375 5305 5440
3 5376 5341 5342
3 5411 5378 5344
3 5359 5410 5241
3 5408 5409 5360
3 5410 5412 5309
3 5441 5312 5330
3 5441 5345 5312
3 5313 5414 5289
3 5275 5244 5416
3 5347 5417 5095
3 5386 5230 5214
3 5442 5366 5388
3 5389 5293 5419
3 5165 5391 5390
3 5294 5317 5422
3 5392 5423 5295
3 5422 5317 5424
3 5296 5424 5317
3 5424 5296 5425
3 5296 5297 5425
3 5337 5264 5444
3 5264 5319 5444
3 5319 5318 5445
3 5426 5249 5277
3 5395 5426 5277
3 5396 5395 5187
3 5232 5368 5396
3 5166 5367 5102
3 5397 5398 5059
3 5367 5350 5153
3 5368 5250 5399
3 5399 5250 5278
3 5061 5321 5369
3 5428 5233 5200
3 5027 5400 5267
3 5189 5402 5446
3 5203 5403 5402
3 5204 5105 5403
3 5105 4885 5351
3 5432 5106 5371
3 5339 5085 5405
3 5405 5279 5447
3 5279 5433 5447
3 5371 5191 5355
3 5168 5448 5280
3 5235 5450 5236
3 5340 5406 5437
3 5437 5438 5253
3 5438 5439 5225
3 5407 5326 5451
3 5326 5375 5451
3 5440 5305 5439
3 5374 5285 5452
3 5285 5377 5452
3 5327 5341 5377
3 5453 5359 5379
3 5454 5361 5345
3 5441 5454 5345
3 5361 5455 5381
3 5346 5456 5380
3 5458 5459 5457
3 5364 5460 5332
3 5245 5315 5418
3 5462 5366 5442
3 5165 5390 5387
3 5316 5421 5246
3 5058 5443 5150
3 5425 5320 5463
3 5320 5186 5394
3 5464 4963 5249
3 5265 5220 5465
3 5205 5324 5128
3 5431 5352 5353
3 5300 5449 5156
3 5354 5356 5193
3 5372 5467 5221
3 5467 5268 5221
3 5450 5357 5236
3 5194 5159 5436
3 5375 5440 5451
3 5376 5469 5341
3 5378 5470 5408
3 5470 5378 5411
3 5379 5409 5453
3 5410 5471 5412
3 5456 5411 5380
3 5412 5472 5272
3 5272 5413 5273
3 5472 5413 5272
3 5330 5382 5473
3 5473 5441 5330
3 5459 5474 5457
3 5475 5459 5458
3 5363 5414 5313
3 5365 5245 5478
3 5147 5334 5461
3 5245 5418 5478
3 5418 5263 5462
3 5179 5387 5334
3 5263 5366 5462
3 5479 5442 5388
3 5419 5294 5480
3 5294 5422 5480
3 5481 5424 5425
3 5463 5320 5394
3 5186 5349 5394
3 5482 5367 5166
3 5349 5265 5465
3 5199 5428 5200
3 5201 5466 5427
3 5201 5429 5466
3 5401 5189 5446
3 5352 5431 5404
3 5431 5353 5432
3 5404 5354 5299
3 5483 5405 5433
3 5405 5447 5433
3 5168 5234 5484
3 5302 5485 5301
3 5373 5468 5302
3 5237 5374 5358
3 5451 5440 5486
3 5376 5407 5487
3 5487 5469 5376
3 5408 5488 5409
3 5453 5410 5359
3 5471 5472 5412
3 5346 5381 5456
3 5458 5457 5489
3 5491 5474 5459
3 5258 5492 5382
3 5476 5477 5364
3 5476 5364 5415
3 5460 5383 5332
3 5275 5416 5493
3 5417 5494 5213
3 5213 5494 5276
3 5388 5389 5479
3 5389 5419 5480
3 5392 5421 5495
3 5496 5422 5424
3 5496 5424 5481
3 5443 5058 5393
3 5481 5425 5497
3 5497 5425 5498
3 5498 5425 5463
3 5426 5464 5249
3 4964 5398 5188
3 5220 5427 5500
3 5501 5323 5298
3 5502 5324 5205
3 5339 5405 5504
3 5433 5280 5448
3 5484 5448 5168
3 5301 5485 5234
3 5434 5450 5235
3 5281 5282 5505
3 5282 5194 5436
3 5357 5506 5303
3 5303 5506 5406
3 5437 5508 5507
3 5437 5406 5508
3 5507 5438 5437
3 5509 5439 5507
3 5439 5438 5507
3 5440 5439 5486
3 5407 5451 5487
3 5487 5451 5510
3 5470 5488 5408
3 5453 5409 5511
3 5488 5511 5409
3 5454 5455 5361
3 5457 5490 5489
3 5457 5474 5490
3 5475 5514 5459
3 5514 5491 5459
3 5258 5362 5492
3 5363 5516 5414
3 5516 5476 5414
3 5414 5476 5415
3 5477 5460 5364
3 5517 5417 5347
3 5495 5421 5316
3 5520 5337 5444
3 5319 5445 5444
3 5521 5482 5126
3 5126 5482 5166
3 5522 5199 5350
3 5251 5322 5523
3 5524 5167 5338
3 5402 5403 5526
3 5503 5431 5432
3 5405 5483 5504
3 5483 5433 5527
3 5527 5433 5448
3 5528 5268 5467
3 5406 5506 5508
3 5159 5284 5530
3 5486 5439 5509
3 5451 5486 5510
3 5341 5469 5531
3 5453 5511 5532
3 5532 5410 5453
3 5532 5471 5410
3 5533 5532 5511
3 5489 5490 5532
3 5532 5490 5471
3 5490 5534 5471
3 5534 5472 5471
3 5535 5458 5489
3 5490 5474 5534
3 5455 5512 5381
3 5458 5536 5475
3 5474 5491 5534
3 5472 5515 5413
3 5413 5515 5363
3 5382 5492 5513
3 5147 5461 5260
3 5460 5537 5383
3 5538 5385 5384
3 5386 5539 5292
3 5386 5292 5230
3 5539 5336 5292
3 5495 5540 5518
3 5495 5423 5392
3 5518 5519 5423
3 5495 5518 5423
3 5540 5519 5518
3 5480 5422 5541
3 5422 5496 5541
3 5423 5519 5393
3 5481 5543 5496
3 5496 5543 5544
3 5481 5497 5543
3 5543 5497 5545
3 5183 5546 5318
3 5445 5318 5546
3 5498 5463 5547
3 5151 5521 5126
3 5349 5465 5548
3 5399 5549 5368
3 5399 5278 5550
3 5499 5220 5500
3 5551 5233 5428
3 5524 5370 5167
3 5525 5155 5323
3 5370 5502 5205
3 5141 5324 5553
3 5553 5300 5141
3 5449 5372 5156
3 5434 5268 5528
3 5555 5450 5434
3 5283 5435 5373
3 5508 5506 5557
3 5508 5557 5556
3 5436 5159 5530
3 5507 5508 5559
3 5508 5558 5559
3 5509 5507 5559
3 5486 5560 5510
3 5377 5341 5531
3 5561 5488 5470
3 5456 5470 5411
3 5488 5533 5511
3 5562 5489 5532
3 5533 5562 5532
3 5533 5563 5562
3 5535 5489 5562
3 5563 5535 5562
3 5564 5454 5441
3 5456 5381 5565
3 5536 5458 5535
3 5473 5513 5441
3 5534 5491 5567
3 5536 5514 5475
3 5491 5514 5568
3 5382 5513 5473
3 5347 5275 5493
3 5416 5365 5569
3 5569 5365 5478
3 5383 5538 5384
3 5570 5386 5385
3 5462 5442 5572
3 5442 5479 5573
3 5495 5574 5540
3 5389 5480 5575
3 5575 5480 5541
3 5496 5544 5541
3 5519 5443 5393
3 5519 5542 5443
3 5498 5545 5497
3 5498 5576 5545
3 5396 5368 5549
3 5522 5428 5199
3 5427 5577 5500
3 5551 5430 5233
3 5251 5523 5429
3 5202 5252 5322
3 5252 5339 5578
3 5432 5371 5580
3 5582 5484 5234
3 5485 5582 5234
3 5468 5485 5302
3 5583 5555 5434
3 5435 5529 5373
3 5555 5357 5450
3 5557 5555 5583
3 5557 5357 5555
3 5557 5506 5357
3 5508 5584 5558
3 5509 5559 5560
3 5560 5559 5585
3 5486 5509 5560
3 5358 5374 5587
3 5487 5510 5588
3 5374 5452 5587
3 5588 5531 5487
3 5487 5531 5469
3 5510 5560 5589
3 5590 5455 5454
3 5591 5535 5563
3 5567 5472 5534
3 5513 5564 5441
3 5536 5592 5514
3 5568 5567 5491
3 5592 5568 5514
3 5566 5515 5472
3 5515 5593 5363
3 5593 5516 5363
3 5516 5594 5476
3 5362 5260 5492
3 5517 5347 5493
3 5385 5538 5570
3 5442 5573 5572
3 5596 5276 5494
3 5598 5316 5336
3 5598 5600 5316
3 5387 5390 5599
3 5479 5389 5597
3 5600 5495 5316
3 5544 5543 5602
3 5543 5545 5602
3 5546 5183 5420
3 5498 5547 5576
3 5444 5445 5603
3 5464 5604 4963
3 5604 5151 4963
3 5465 5220 5499
3 5522 5551 5428
3 5501 5525 5323
3 5322 5252 5578
3 5403 5105 5579
3 5503 5606 5431
3 5607 5552 5404
3 5339 5504 5608
3 5504 5483 5609
3 5404 5581 5354
3 5553 5449 5300
3 5354 5581 5356
3 5355 5281 5611
3 5554 5435 5356
3 5434 5528 5612
3 5434 5612 5583
3 5529 5468 5373
3 5556 5557 5583
3 5556 5583 5613
3 5556 5584 5508
3 5585 5559 5558
3 5588 5510 5589
3 5456 5614 5470
3 5488 5615 5533
3 5615 5616 5533
3 5533 5591 5563
3 5591 5617 5535
3 5567 5618 5472
3 5618 5566 5472
3 5593 5515 5566
3 5492 5260 5595
3 5493 5416 5569
3 5619 5538 5383
3 5418 5462 5571
3 5620 5334 5387
3 5620 5387 5599
3 5539 5598 5336
3 5600 5574 5495
3 5601 5541 5544
3 5622 5542 5519
3 5601 5544 5623
3 5623 5544 5602
3 5391 5337 5520
3 5602 5545 5576
3 5547 5463 5394
3 5604 5521 5151
3 5348 5397 5139
3 5367 5625 5350
3 5627 5550 5278
3 5465 5499 5626
3 5525 5628 5155
3 5431 5607 5404
3 5583 5612 5631
3 5530 5284 5632
3 5632 5284 5358
3 5358 5587 5586
3 5560 5585 5589
3 5587 5452 5633
3 5614 5561 5470
3 5533 5616 5591
3 5564 5590 5454
3 5617 5536 5535
3 5617 5592 5536
3 5635 5537 5460
3 5537 5619 5383
3 5517 5494 5417
3 5418 5571 5478
3 5570 5539 5386
3 5571 5462 5572
3 5596 5420 5276
3 5479 5597 5573
3 5637 5598 5539
3 5638 5598 5637
3 5598 5638 5600
3 5621 5540 5574
3 5597 5389 5575
3 5540 5622 5519
3 5639 5575 5541
3 5639 5541 5640
3 5640 5541 5601
3 5391 5520 5641
3 5642 5150 5443
3 5520 5444 5624
3 5444 5603 5624
3 5603 5445 5546
3 5547 5394 5644
3 5399 5550 5549
3 5605 5338 5266
3 5400 5401 5645
3 5646 5501 5298
3 5446 5402 5647
3 5351 5155 5628
3 5649 5503 5432
3 5483 5527 5609
3 5371 5355 5630
3 5527 5448 5610
3 5630 5355 5611
3 5631 5613 5583
3 5613 5631 5651
3 5613 5652 5556
3 5652 5584 5556
3 5585 5558 5653
3 5381 5512 5565
3 5565 5512 5655
3 5617 5568 5592
3 5634 5656 5591
3 5656 5617 5591
3 5617 5618 5568
3 5618 5567 5568
3 5513 5492 5657
3 5492 5658 5657
3 5659 5658 5492
3 5593 5660 5516
3 5660 5594 5516
3 5661 5477 5476
3 5477 5635 5460
3 5260 5461 5595
3 5663 5570 5538
3 5573 5597 5664
3 5390 5391 5641
3 5602 5576 5665
3 5644 5576 5547
3 5426 5666 5464
3 5482 5625 5367
3 5278 5369 5627
3 5499 5500 5667
3 5321 5267 5668
3 5267 5400 5669
3 5401 5446 5647
3 5322 5578 5523
3 5402 5526 5647
3 5105 5351 5648
3 5339 5608 5578
3 5324 5629 5553
3 5527 5610 5670
3 5448 5484 5650
3 5581 5554 5356
3 5611 5281 5505
3 5282 5672 5505
3 5673 5652 5613
3 5282 5436 5672
3 5588 5589 5675
3 5452 5377 5677
3 5377 5531 5677
3 5565 5614 5456
3 5678 5455 5590
3 5678 5512 5455
3 5616 5679 5591
3 5591 5679 5634
3 5656 5618 5617
3 5618 5680 5566
3 5680 5593 5566
3 5634 5681 5656
3 5680 5660 5593
3 5492 5595 5659
3 5493 5569 5636
3 5478 5662 5569
3 5682 5539 5570
3 5539 5683 5637
3 5573 5684 5572
3 5573 5664 5684
3 5637 5685 5638
3 5621 5686 5540
3 5687 5623 5602
3 5687 5602 5665
3 5348 5150 5642
3 5603 5546 5688
3 5576 5644 5643
3 5689 5395 5396
3 5549 5689 5396
3 5403 5579 5526
3 5649 5606 5503
3 5606 5607 5431
3 5649 5432 5580
3 5527 5670 5690
3 5610 5448 5650
3 5691 5435 5554
3 5529 5692 5468
3 5631 5671 5651
3 5673 5613 5651
3 5693 5652 5673
3 5632 5358 5674
3 5358 5586 5674
3 5586 5654 5674
3 5694 5531 5588
3 5589 5585 5676
3 5695 5488 5561
3 5695 5615 5488
3 5564 5696 5590
3 5678 5655 5512
3 5564 5513 5696
3 5513 5657 5696
3 5657 5658 5696
3 5681 5697 5656
3 5698 5594 5660
3 5594 5661 5476
3 5661 5635 5477
3 5493 5636 5517
3 5461 5334 5620
3 5619 5663 5538
3 5663 5682 5570
3 5699 5539 5682
3 5699 5683 5539
3 5683 5685 5637
3 5700 5701 5685
3 5701 5638 5685
3 5600 5702 5574
3 5597 5575 5703
3 5686 5622 5540
3 5622 5704 5542
3 5542 5705 5443
3 5665 5576 5643
3 5394 5349 5706
3 5395 5707 5426
3 5521 5708 5482
3 5188 5605 5266
3 5267 5669 5668
3 5429 5523 5710
3 5430 5646 5298
3 5523 5578 5711
3 5552 5581 5404
3 5673 5651 5671
3 5652 5693 5584
3 5693 5558 5584
3 5587 5633 5586
3 5585 5653 5676
3 5588 5675 5694
3 5695 5714 5615
3 5565 5715 5614
3 5714 5616 5615
3 5696 5678 5590
3 5714 5679 5616
3 5716 5679 5714
3 5679 5718 5634
3 5717 5655 5678
3 5658 5719 5696
3 5634 5718 5681
3 5656 5721 5618
3 5721 5680 5618
3 5658 5659 5722
3 5723 5660 5680
3 5636 5569 5725
3 5724 5726 5494
3 5724 5494 5517
3 5727 5682 5663
3 5727 5699 5682
3 5699 5728 5683
3 5683 5728 5685
3 5728 5700 5685
3 5571 5572 5684
3 5638 5701 5702
3 5638 5702 5600
3 5574 5729 5621
3 5664 5597 5703
3 5703 5575 5731
3 5575 5639 5731
3 5731 5639 5640
3 5640 5601 5732
3 5601 5623 5732
3 5704 5705 5542
3 5624 5603 5733
3 5625 5522 5350
3 5734 5188 5398
3 5500 5577 5667
3 5735 5551 5522
3 5321 5668 5709
3 5466 5429 5710
3 5400 5645 5669
3 5401 5647 5645
3 5579 5105 5648
3 5351 5628 5648
3 5649 5736 5606
3 5608 5504 5609
3 5712 5449 5553
3 5372 5737 5467
3 5468 5738 5485
3 5739 5671 5631
3 5740 5693 5673
3 5677 5531 5694
3 5589 5676 5675
3 5565 5655 5715
3 5655 5717 5715
3 5717 5743 5715
3 5716 5744 5679
3 5744 5718 5679
3 5719 5678 5696
3 5719 5745 5678
3 5745 5717 5678
3 5722 5720 5658
3 5681 5718 5697
3 5697 5721 5656
3 5721 5723 5680
3 5697 5723 5721
3 5660 5723 5747
3 5747 5698 5660
3 5746 5723 5697
3 5635 5619 5537
3 5619 5749 5663
3 5749 5727 5663
3 5751 5728 5699
3 5478 5571 5752
3 5664 5703 5684
3 5702 5729 5574
3 5729 5730 5621
3 5730 5686 5621
3 5732 5623 5753
3 5753 5623 5687
3 5705 5642 5443
3 5688 5546 5420
3 5665 5643 5754
3 5520 5624 5755
3 5706 5349 5548
3 5756 5398 5397
3 5626 5548 5465
3 5369 5321 5709
3 5736 5757 5606
3 5606 5757 5607
3 5580 5371 5630
3 5629 5712 5553
3 5713 5372 5449
3 5758 5528 5467
3 5740 5673 5671
3 5740 5671 5759
3 5760 5693 5740
3 5436 5530 5741
3 5558 5693 5760
3 5674 5654 5742
3 5586 5761 5654
3 5586 5633 5761
3 5614 5762 5561
3 5561 5762 5695
3 5715 5762 5614
3 5763 5716 5695
3 5716 5714 5695
3 5743 5763 5715
3 5720 5719 5658
3 5745 5764 5717
3 5765 5720 5722
3 5718 5766 5697
3 5766 5746 5697
3 5723 5748 5747
3 5767 5659 5595
3 5595 5461 5767
3 5461 5620 5750
3 5724 5517 5636
3 5727 5751 5699
3 5684 5703 5731
3 5769 5729 5702
3 5770 5687 5665
3 5771 5348 5642
3 5771 5397 5348
3 5733 5603 5688
3 5644 5394 5706
3 5549 5550 5772
3 5427 5466 5710
3 5607 5773 5552
3 5609 5527 5690
3 5582 5650 5484
3 5737 5758 5467
3 5775 5631 5612
3 5692 5738 5468
3 5691 5776 5435
3 5435 5776 5529
3 5776 5692 5529
3 5741 5530 5632
3 5653 5558 5760
3 5633 5777 5761
3 5633 5452 5777
3 5452 5677 5777
3 5762 5763 5695
3 5715 5763 5762
3 5779 5743 5717
3 5780 5778 5720
3 5720 5778 5719
3 5778 5745 5719
3 5781 5764 5745
3 5717 5764 5779
3 5744 5782 5718
3 5720 5765 5780
3 5782 5766 5718
3 5783 5723 5746
3 5783 5748 5723
3 5698 5785 5594
3 5748 5784 5747
3 5785 5661 5594
3 5659 5767 5786
3 5661 5787 5635
3 5749 5619 5635
3 5768 5571 5684
3 5790 5704 5622
3 5753 5687 5770
3 5754 5643 5791
3 5643 5644 5791
3 5644 5706 5793
3 5522 5625 5735
3 5734 5605 5188
3 5757 5773 5607
3 5774 5580 5630
3 5552 5796 5581
3 5712 5713 5449
3 5581 5797 5554
3 5528 5775 5612
3 5775 5739 5631
3 5672 5436 5741
3 5632 5674 5798
3 5742 5654 5799
3 5799 5654 5800
3 5802 5803 5763
3 5803 5716 5763
3 5716 5803 5744
3 5743 5802 5763
3 5779 5802 5743
3 5778 5781 5745
3 5722 5805 5765
3 5722 5659 5805
3 5806 5785 5698
3 5748 5807 5784
3 5808 5727 5749
3 5727 5788 5751
3 5725 5569 5809
3 5569 5662 5809
3 5751 5788 5728
3 5809 5662 5752
3 5662 5478 5752
3 5752 5571 5768
3 5810 5700 5728
3 5810 5811 5700
3 5700 5811 5701
3 5599 5390 5812
3 5701 5769 5702
3 5814 5684 5731
3 5640 5789 5731
3 5642 5705 5816
3 5770 5665 5817
3 5665 5754 5817
3 5792 5733 5688
3 5793 5791 5644
3 5707 5666 5426
3 5689 5549 5819
3 5549 5772 5819
3 5499 5667 5626
3 5735 5430 5551
3 5647 5526 5820
3 5502 5795 5324
3 5713 5737 5372
3 5758 5775 5528
3 5671 5739 5759
3 5822 5740 5759
3 5822 5760 5740
3 5674 5742 5823
3 5761 5800 5654
3 5677 5801 5777
3 5824 5744 5803
3 5781 5804 5764
3 5825 5783 5746
3 5805 5659 5786
3 5783 5826 5748
3 5461 5750 5827
3 5787 5749 5635
3 5808 5788 5727
3 5788 5810 5728
3 5828 5596 5494
3 5620 5599 5812
3 5811 5813 5701
3 5814 5731 5830
3 5830 5731 5789
3 5686 5790 5622
3 5640 5732 5789
3 5789 5732 5831
3 5732 5753 5831
3 5755 5624 5832
3 5427 5710 5834
3 5523 5711 5710
3 5501 5794 5525
3 5628 5525 5794
3 5836 5757 5736
3 5773 5796 5552
3 5795 5629 5324
3 5670 5610 5839
3 5796 5797 5581
3 5738 5821 5485
3 5741 5632 5798
3 5777 5842 5761
3 5843 5677 5694
3 5843 5694 5675
3 5844 5803 5802
3 5805 5780 5765
3 5766 5845 5746
3 5845 5825 5746
3 5747 5806 5698
3 5826 5807 5748
3 5786 5767 5847
3 5784 5807 5846
3 5767 5461 5827
3 5787 5808 5749
3 5808 5848 5788
3 5726 5828 5494
3 5596 5849 5420
3 5390 5829 5812
3 5813 5769 5701
3 5829 5390 5641
3 5730 5850 5686
3 5850 5790 5686
3 5753 5815 5831
3 5704 5816 5705
3 5851 5688 5420
3 5753 5770 5815
3 5851 5818 5688
3 5577 5427 5834
3 5711 5578 5855
3 5526 5579 5854
3 5835 5579 5648
3 5608 5856 5837
3 5608 5609 5856
3 5838 5795 5502
3 5839 5690 5670
3 5858 5758 5737
3 5582 5840 5650
3 5582 5485 5821
3 5505 5672 5841
3 5653 5760 5859
3 5823 5742 5860
3 5742 5799 5860
3 5799 5800 5860
3 5761 5861 5800
3 5843 5801 5677
3 5844 5824 5803
3 5864 5802 5779
3 5865 5744 5824
3 5779 5764 5864
3 5865 5782 5744
3 5780 5867 5778
3 5866 5804 5781
3 5764 5804 5864
3 5868 5826 5783
3 5785 5787 5661
3 5726 5724 5636
3 5848 5870 5788
3 5684 5814 5768
3 5871 5729 5769
3 5831 5815 5872
3 5520 5755 5641
3 5816 5771 5642
3 5817 5754 5791
3 5792 5688 5818
3 5832 5624 5733
3 5604 5874 5521
3 5706 5548 5873
3 5521 5874 5708
3 5689 5875 5395
3 5756 5734 5398
3 5627 5369 5852
3 5369 5709 5852
3 5645 5647 5853
3 5647 5820 5853
3 5877 5501 5646
3 5736 5649 5580
3 5578 5608 5837
3 5690 5857 5609
3 5839 5610 5650
3 5712 5878 5713
3 5878 5737 5713
3 5611 5505 5841
3 5554 5879 5691
3 5822 5759 5881
3 5674 5823 5798
3 5842 5801 5843
3 5777 5801 5842
3 5843 5675 5862
3 5866 5781 5778
3 5882 5866 5778
3 5805 5867 5780
3 5782 5883 5766
3 5784 5806 5747
3 5826 5869 5807
3 5807 5869 5846
3 5886 5808 5787
3 5636 5725 5887
3 5870 5888 5788
3 5888 5810 5788
3 5810 5888 5811
3 5889 5830 5789
3 5704 5890 5816
3 5891 5791 5793
3 5832 5733 5892
3 5464 5833 5604
3 5875 5707 5395
3 5550 5627 5893
3 5893 5627 5852
3 5735 5646 5430
3 5894 5524 5338
3 5648 5628 5895
3 5896 5897 5736
3 5897 5836 5736
3 5757 5836 5773
3 5795 5898 5629
3 5839 5650 5899
3 5630 5611 5900
3 5878 5901 5737
3 5858 5903 5758
3 5758 5903 5775
3 5821 5840 5582
3 5775 5904 5739
3 5776 5905 5692
3 5879 5776 5691
3 5759 5739 5881
3 5906 5760 5822
3 5823 5860 5907
3 5842 5843 5909
3 5676 5653 5908
3 5842 5861 5761
3 5675 5676 5910
3 5802 5863 5844
3 5867 5882 5778
3 5883 5782 5865
3 5883 5845 5766
3 5868 5783 5825
3 5805 5786 5884
3 5767 5827 5847
3 5913 5787 5785
3 5885 5914 5869
3 5916 5828 5726
3 5917 5918 5915
3 5809 5752 5919
3 5921 5917 5915
3 5620 5812 5920
3 5596 5828 5849
3 5768 5814 5922
3 5813 5871 5769
3 5871 5923 5729
3 5923 5730 5729
3 5849 5851 5420
3 5789 5831 5889
3 5815 5770 5925
3 5770 5817 5925
3 5771 5926 5397
3 5793 5706 5927
3 5733 5792 5892
3 5605 5894 5338
3 5524 5929 5370
3 5877 5931 5501
3 5820 5526 5930
3 5931 5794 5501
3 5929 5502 5370
3 5579 5835 5854
3 5896 5736 5580
3 5609 5857 5856
3 5898 5712 5629
3 5839 5932 5690
3 5901 5858 5737
3 5902 5650 5840
3 5738 5692 5905
3 5672 5741 5933
3 5906 5822 5881
3 5653 5859 5908
3 5862 5675 5910
3 5863 5824 5844
3 5804 5911 5864
3 5912 5867 5805
3 5884 5912 5805
3 5786 5935 5884
3 5786 5936 5935
3 5868 5937 5826
3 5847 5936 5786
3 5937 5938 5826
3 5846 5939 5784
3 5939 5806 5784
3 5847 5940 5936
3 5826 5938 5869
3 5806 5913 5785
3 5869 5941 5846
3 5938 5885 5869
3 5914 5941 5869
3 5913 5886 5787
3 5914 5943 5941
3 5944 5808 5886
3 5944 5848 5808
3 5848 5945 5870
3 5726 5636 5916
3 5915 5918 5943
3 5750 5620 5920
3 5888 5946 5811
3 5946 5813 5811
3 5922 5814 5830
3 5889 5831 5924
3 5831 5872 5924
3 5790 5890 5704
3 5817 5947 5925
3 5817 5891 5947
3 5817 5791 5891
3 5927 5891 5793
3 5706 5873 5927
3 5875 5689 5819
3 5667 5953 5626
3 5928 5605 5734
3 5709 5668 5876
3 5876 5668 5669
3 5526 5854 5930
3 5895 5628 5794
3 5955 5773 5836
3 5690 5932 5857
3 5956 5797 5796
3 5899 5650 5902
3 5611 5841 5900
3 5904 5880 5739
3 5859 5760 5906
3 5798 5823 5957
3 5823 5934 5957
3 5823 5907 5934
3 5843 5910 5909
3 5842 5909 5861
3 5862 5910 5843
3 5864 5863 5802
3 5958 5865 5824
3 5866 5959 5804
3 5959 5911 5804
3 5883 5960 5845
3 5941 5939 5846
3 5942 5914 5885
3 5944 5945 5848
3 5916 5636 5887
3 5922 5830 5961
3 5830 5889 5961
3 5890 5771 5816
3 5815 5925 5964
3 5949 5832 5892
3 5892 5792 5965
3 5707 5950 5666
3 5548 5951 5873
3 5948 5756 5397
3 5548 5626 5951
3 5578 5837 5855
3 5838 5502 5929
3 5898 5901 5712
3 5712 5901 5878
3 5839 5899 5932
3 5858 5901 5967
3 5967 5903 5858
3 5906 5881 5968
3 5909 5910 5969
3 5676 5908 5970
3 5910 5676 5970
3 5863 5958 5824
3 5960 5971 5845
3 5971 5825 5845
3 5935 5912 5884
3 5973 5935 5936
3 5940 5847 5975
3 5939 5913 5806
3 5847 5827 5975
3 5976 5886 5913
3 5942 5943 5914
3 5943 5977 5941
3 5943 5918 5977
3 5978 5921 5915
3 5887 5725 5809
3 5980 5918 5917
3 5921 5980 5917
3 5919 5752 5768
3 5923 5850 5730
3 5641 5755 5962
3 5872 5815 5964
3 5962 5755 5981
3 5927 5947 5891
3 5755 5832 5949
3 5927 5873 5982
3 5792 5818 5983
3 5708 5952 5482
3 5952 5625 5482
3 5954 5734 5756
3 5772 5550 5984
3 5550 5893 5984
3 5667 5577 5953
3 5954 5928 5734
3 5928 5894 5605
3 5966 5669 5645
3 5897 5985 5836
3 5985 5986 5836
3 5580 5774 5987
3 5967 5988 5903
3 5880 5989 5739
3 5841 5672 5990
3 5739 5989 5881
3 5990 5672 5933
3 5906 5968 5991
3 5933 5741 5992
3 5741 5798 5992
3 5993 5863 5864
3 5883 5865 5960
3 5912 5882 5867
3 5971 5868 5825
3 5935 5972 5912
3 5974 5973 5936
3 5936 5940 5974
3 5939 5976 5913
3 5999 5942 5885
3 5941 5976 5939
3 5976 5944 5886
3 6000 5943 5942
3 5943 6000 5915
3 5918 5979 5977
3 6001 5979 5918
3 5768 5922 6002
3 5850 5963 5790
3 5641 5962 5829
3 6005 5872 5964
3 6006 5771 5890
3 5925 5947 6007
3 5926 5948 5397
3 5792 5983 5965
3 5626 5953 5951
3 5577 5834 5953
3 5711 6010 5710
3 5645 5853 6009
3 5524 5894 5929
3 6011 5985 5897
3 5986 6012 5836
3 5836 6012 5955
3 5837 5856 6013
3 5774 5630 6015
3 5898 6014 5901
3 5901 6014 5967
3 5630 5900 6015
3 5881 5989 5968
3 5859 5906 6019
3 5907 5860 6020
3 5909 5969 6021
3 5969 5910 5970
3 6022 5861 5909
3 5800 5861 6023
3 6024 5958 5863
3 5882 5959 5866
3 5911 5994 5864
3 5959 5994 5911
3 6025 5995 5960
3 5995 5971 5960
3 5971 5996 5868
3 5973 5972 5935
3 6026 5971 5995
3 5996 5937 5868
3 5996 5938 5937
3 6027 5998 5996
3 5998 5938 5996
3 5940 5975 5997
3 5998 5885 5938
3 5998 5999 5885
3 5941 6028 5976
3 6028 5944 5976
3 5941 5977 6028
3 5944 6028 5945
3 6000 5978 5915
3 5979 6029 5977
3 5980 6001 5918
3 5921 5978 6030
3 5946 6031 5813
3 5813 6031 5871
3 5922 5961 6004
3 5961 5889 6004
3 6003 6032 5871
3 6032 5923 5871
3 5889 5924 6033
3 5790 5963 5890
3 5924 5872 6005
3 5925 6035 5964
3 5925 6007 6035
3 5833 5874 5604
3 5949 5892 5965
3 5772 6008 5819
3 5896 6011 5897
3 5896 5580 5987
3 5955 6038 5773
3 5795 6040 5898
3 5988 5775 5903
3 5840 5821 6016
3 6042 5776 5879
3 5880 6017 5989
3 5906 5991 6043
3 6018 5906 6043
3 5798 5957 5992
3 6019 5906 6018
3 6044 5859 6019
3 5908 5859 6044
3 5969 5970 6045
3 5908 6044 5970
3 5860 5800 6020
3 5909 6021 6022
3 5861 6022 6023
3 5993 6024 5863
3 6046 5865 5958
3 5864 5994 5993
3 6047 5959 5882
3 6046 5960 5865
3 6025 5960 6046
3 5882 5912 6047
3 5912 5972 6047
3 5972 6048 6047
3 6048 6049 5994
3 5973 6050 5972
3 6026 5996 5971
3 6026 6027 5996
3 5974 5940 5997
3 5999 6000 5942
3 6028 6051 5945
3 5920 5827 5750
3 5870 6052 5888
3 6030 5980 5921
3 5887 5809 5919
3 5916 6053 5828
3 5919 5768 6054
3 6054 5768 6002
3 6002 5922 6055
3 5922 6004 6055
3 5871 6031 6003
3 5889 6033 6004
3 6056 5947 5927
3 5851 5983 5818
3 5965 5983 6058
3 5875 6059 5707
3 5875 5819 6060
3 6060 5819 6008
3 5954 5756 5948
3 5876 5669 5966
3 5835 6036 5854
3 5855 5837 6013
3 5856 5857 6013
3 5838 6040 5795
3 5857 6039 6013
3 5857 5932 6039
3 6040 6014 5898
3 5840 6016 5902
3 6061 5821 5738
3 6042 5905 5776
3 5991 5989 6062
3 5968 5989 5991
3 5934 6063 5957
3 6045 6044 6019
3 5970 6044 6045
3 5800 6023 6020
3 6024 6046 5958
3 6064 6025 6024
3 6024 6025 6046
3 6047 5994 5959
3 5993 6064 6024
3 5994 6049 5993
3 5993 6049 6064
3 5994 6047 6048
3 6065 5995 6025
3 5995 6067 6026
3 5973 6068 6050
3 5973 5974 6069
3 6070 6027 6026
3 6028 6072 6051
3 5977 6072 6028
3 5945 6052 5870
3 6029 6072 5977
3 5916 5887 6053
3 6001 6029 5979
3 6030 6073 5980
3 6032 6075 5923
3 5927 5982 6056
3 5755 5949 5981
3 5982 5873 6057
3 6059 5950 5707
3 6058 5983 6076
3 6078 5949 5965
3 5645 6009 5966
3 6011 5896 6080
3 5855 6010 5711
3 5820 5930 6081
3 5835 5648 6082
3 6040 6084 6014
3 5932 6041 6039
3 5988 5904 5775
3 6085 5554 5797
3 6085 5879 5554
3 5905 6061 5738
3 6063 5934 6086
3 5934 5907 6086
3 5969 6088 6021
3 5969 6045 6088
3 6064 6089 6025
3 6089 6065 6025
3 6065 6090 5995
3 6090 6067 5995
3 6050 6091 5972
3 6091 6048 5972
3 6091 6066 6048
3 6066 6092 6048
3 6068 6093 6050
3 6069 6068 5973
3 6067 6070 6026
3 6071 6000 5999
3 6051 6052 5945
3 6094 6001 5980
3 6052 6074 5888
3 6053 5887 6096
3 6097 5946 5888
3 5829 6098 5812
3 6099 5849 5828
3 6055 6004 6033
3 5829 5962 6100
3 5924 6005 6033
3 6005 5964 6101
3 5964 6035 6101
3 5666 6102 5464
3 6077 6057 5873
3 5873 5951 6077
3 6078 5965 6103
3 6060 6008 6104
3 6106 5735 5625
3 6079 5928 5954
3 6106 5646 5735
3 6011 6107 5985
3 5985 6012 5986
3 5648 5895 6082
3 5895 5794 6037
3 5929 6083 5838
3 6041 5932 5899
3 5796 6109 5956
3 6110 6111 5967
3 6111 5988 5967
3 5904 6113 5880
3 6061 6112 5821
3 6017 5880 6113
3 6114 5991 6062
3 6114 6043 5991
3 5957 6063 6115
3 6116 6087 6045
3 6045 6019 6116
3 6116 6019 6117
3 6019 6018 6117
3 6045 6087 6088
3 6022 6021 6023
3 6119 6064 6049
3 6049 6092 6119
3 6048 6092 6049
3 5974 5997 6069
3 6120 5999 5998
3 5827 6121 5975
3 5827 5920 6121
3 6051 6123 6052
3 6000 6122 5978
3 6073 6094 5980
3 6072 6125 6124
3 6122 6030 5978
3 6029 6125 6072
3 6074 6097 5888
3 6055 6033 6127
3 5849 6034 5851
3 6128 6006 5890
3 6006 5926 5771
3 5947 6131 6007
3 6056 6131 5947
3 5851 6130 5983
3 5982 6057 6132
3 5874 6134 5708
3 5965 6058 6103
3 5952 6135 5625
3 5951 5953 6105
3 5852 5709 6136
3 5834 6137 5953
3 6136 5709 5876
3 6106 5877 5646
3 6080 6138 6011
3 6012 6038 5955
3 6080 5896 5987
3 5987 5774 6015
3 6014 6110 5967
3 6139 6016 5821
3 6042 6061 5905
3 6062 6141 6140
3 5989 6017 6141
3 5989 6141 6062
3 6018 6043 6142
3 6086 5907 6118
3 6118 5907 6020
3 6143 6089 6064
3 6144 6065 6089
3 6119 6143 6064
3 6144 6145 6090
3 6144 6090 6065
3 6093 6091 6050
3 6091 6146 6066
3 6068 6147 6093
3 6027 6120 5998
3 6120 6148 5999
3 5975 6149 5997
3 6150 6122 6000
3 6072 6124 6051
3 6124 6123 6051
3 6094 6095 6001
3 6122 6151 6030
3 6151 6126 6030
3 6126 6073 6030
3 5887 5919 6096
3 6002 6055 6152
3 6075 5850 5923
3 6033 6005 6153
3 6128 5890 5963
3 6129 6005 6101
3 6034 6130 5851
3 6056 5982 6132
3 6133 5874 5833
3 6133 6134 5874
3 6130 6076 5983
3 5772 6156 6008
3 5625 6135 6106
3 5834 5710 6137
3 5894 5928 6157
3 6138 6107 6011
3 5853 6158 6009
3 6107 6159 5985
3 6082 5895 6037
3 6083 6108 5838
3 6108 6040 5838
3 6108 6084 6040
3 6084 6110 6014
3 5899 5902 6161
3 6140 6141 6162
3 6115 6063 6165
3 6142 6117 6018
3 6023 6021 6166
3 6167 6144 6089
3 6027 6168 6120
3 5975 6169 6149
3 6071 6150 6000
3 6121 6169 5975
3 6095 6029 6001
3 6170 6125 6029
3 5812 6098 5920
3 6053 6171 5828
3 6171 6099 5828
3 5946 6172 6031
3 6055 6127 6152
3 6033 6153 6127
3 6127 6153 6173
3 5849 6174 6034
3 6007 6131 6175
3 6154 6131 6056
3 6102 5833 5464
3 6078 6178 5949
3 6058 6179 6103
3 6155 6180 5954
3 6180 6079 5954
3 6079 6157 5928
3 5985 6159 6184
3 5985 6184 6012
3 6185 6080 5987
3 5855 6160 6010
3 6160 5855 6186
3 6038 5796 5773
3 6041 5899 6188
3 5902 6016 6161
3 6139 5821 6112
3 6085 6189 5879
3 5879 6189 6042
3 6141 6190 6162
3 6141 6017 6190
3 6140 6192 6062
3 6192 6114 6062
3 5990 5933 6193
3 6193 5933 5992
3 6043 6114 6163
3 6043 6163 6164
3 5992 5957 6194
3 5957 6115 6194
3 6043 6164 6142
3 6086 6195 6063
3 6116 6196 6087
3 6143 6167 6089
3 6066 6197 6092
3 6070 6168 6027
3 6069 5997 6198
3 5997 6149 6198
3 6094 6199 6095
3 6095 6170 6029
3 6201 6200 6073
3 6125 6202 6124
3 6201 6073 6126
3 6096 5919 6203
3 5919 6054 6203
3 6002 6152 6054
3 6097 6172 5946
3 5829 6100 6098
3 6031 6204 6003
3 6204 6032 6003
3 5850 6075 5963
3 5963 6205 6128
3 6005 6129 6153
3 6129 6101 6206
3 6101 6035 6207
3 6035 6007 6175
3 6175 6131 6154
3 5926 6176 5948
3 6132 6057 6208
3 6178 5981 5949
3 6060 6059 5875
3 6155 5954 5948
3 6157 6183 5894
3 6182 6107 6138
3 6182 6159 6107
3 6138 6080 6185
3 5853 5820 6158
3 6210 5931 5877
3 5855 6013 6187
3 6188 5899 6161
3 6211 5988 6111
3 5988 6113 5904
3 6189 6061 6042
3 6162 6190 6212
3 5900 5841 6213
3 6162 6191 6140
3 6213 5841 5990
3 6140 6191 6214
3 6063 6195 6165
3 6086 6118 6195
3 6116 6117 6215
3 6087 6196 6088
3 6217 6197 6066
3 6067 6218 6070
3 6069 6219 6068
3 6148 6071 5999
3 6150 6151 6122
3 6200 6094 6073
3 6220 6170 6095
3 6099 6174 5849
3 6173 6153 6221
3 6221 6153 6129
3 6207 6035 6175
3 6222 5926 6006
3 6223 6175 6154
3 5833 6177 6133
3 5950 6209 5666
3 6057 6077 6208
3 6226 5952 5708
3 6060 6104 6227
3 6104 6008 6156
3 6058 6076 6228
3 6058 6228 6179
3 6229 6078 6103
3 6229 6103 6230
3 6103 6179 6230
3 5710 6010 6137
3 6182 6232 6233
3 6233 6159 6182
3 6182 6138 6185
3 6106 6210 5877
3 6234 6012 6184
3 5794 5931 6235
3 6037 5794 6235
3 6187 6186 5855
3 6236 6083 5929
3 6237 6108 6083
3 6013 6039 6187
3 6238 6110 6084
3 6238 6111 6110
3 6017 6113 6190
3 6140 6214 6239
3 6192 6163 6114
3 6118 6240 6195
3 6166 6021 6196
3 6021 6088 6196
3 6216 6143 6119
3 6093 6241 6091
3 6241 6146 6091
3 6145 6067 6090
3 6146 6217 6066
3 6218 6168 6070
3 6069 6198 6219
3 6169 6242 6149
3 6199 6220 6095
3 6202 6123 6124
3 6151 6243 6126
3 6201 6126 6243
3 6170 6244 6125
3 6123 6074 6052
3 6244 6245 6125
3 6054 6152 6246
3 6172 6204 6031
3 6204 6075 6032
3 6075 6205 5963
3 6221 6129 6206
3 6221 6206 6247
3 6206 6101 6207
3 6128 6222 6006
3 6207 6175 6223
3 6154 6056 6248
3 6224 6176 5926
3 6056 6132 6248
3 6176 6225 5948
3 6059 6249 5950
3 6134 6226 5708
3 6225 6155 5948
3 6077 5951 6105
3 6178 6078 6251
3 6251 6078 6229
3 5772 5984 6156
3 5984 5893 6181
3 5953 6137 6231
3 6233 6184 6159
3 5820 6081 6252
3 6234 6038 6012
3 5835 6082 6036
3 6237 6084 6108
3 6187 6039 6254
3 6038 6109 5796
3 6039 6041 6254
3 6161 6016 6139
3 6211 6113 5988
3 6190 6113 6255
3 6212 6256 6162
3 6256 6191 6162
3 6239 6214 6257
3 6239 6192 6140
3 6115 6165 6258
3 6165 6195 6259
3 6216 6167 6143
3 6092 6262 6119
3 6092 6197 6262
3 6218 6067 6145
3 6219 6147 6068
3 6263 6148 6120
3 6200 6199 6094
3 5920 6264 6121
3 6220 6265 6170
3 6265 6244 6170
3 6125 6245 6202
3 6053 6096 6266
3 6266 6171 6053
3 6203 6054 6246
3 6152 6127 6173
3 6204 6268 6075
3 6206 6207 6223
3 6206 6223 6247
3 6209 6102 5666
3 6060 6227 6059
3 6250 6228 6076
3 6179 6228 6230
3 6230 6228 6271
3 6229 6230 6272
3 6273 6233 6232
3 6273 6232 6182
3 6273 6182 6185
3 6010 6160 6276
3 6183 5929 5894
3 6158 5820 6252
3 6187 6278 6186
3 6279 6187 6254
3 6015 5900 6280
3 5956 6085 5797
3 6190 6255 6212
3 6239 6281 6192
3 6281 6163 6192
3 6193 5992 6194
3 6258 6165 6259
3 6259 6195 6282
3 6260 6196 6116
3 6116 6215 6260
3 6215 6117 6142
3 6118 6261 6240
3 6020 6261 6118
3 6020 6023 6261
3 6168 6283 6120
3 6263 6284 6148
3 6150 6286 6151
3 6121 6242 6169
3 6287 6199 6200
3 6200 6288 6287
3 6287 6265 6199
3 6265 6220 6199
3 6243 6200 6201
3 6243 6288 6200
3 6123 6267 6074
3 6267 6097 6074
3 5920 6098 6290
3 6096 6203 6291
3 6222 6224 5926
3 6223 6154 6292
3 6154 6248 6292
3 6132 6208 6248
3 6249 6209 5950
3 6130 6250 6076
3 6059 6227 6294
3 6269 6077 6105
3 6270 6104 6156
3 6230 6271 6272
3 6272 6271 6295
3 5953 6231 6105
3 6251 6229 6297
3 6297 6229 6272
3 6297 6272 6273
3 6272 6298 6273
3 6273 6298 6233
3 6273 6185 6297
3 6233 6275 6184
3 6010 6299 6137
3 5966 6009 6300
3 5854 6253 5930
3 6236 5929 6277
3 6082 6037 6301
3 6236 6237 6083
3 6237 6238 6084
3 6188 6254 6041
3 6302 6161 6139
3 6212 6255 6304
3 6191 6256 6214
3 6258 6259 6306
3 6240 6282 6195
3 6261 6307 6240
3 6218 6283 6168
3 6219 6198 6309
3 6198 6149 6309
3 6149 6285 6309
3 6310 6311 6242
3 6311 6149 6242
3 6071 6286 6150
3 6312 6265 6287
3 6265 6289 6244
3 6289 6245 6244
3 6313 6267 6123
3 6266 6096 6314
3 6267 6172 6097
3 6291 6203 6315
3 6203 6246 6315
3 6171 6316 6099
3 6316 6174 6099
3 6152 6173 6317
3 6318 6268 6204
3 6075 6268 6205
3 5962 5981 6293
3 6223 6292 6247
3 6102 6177 5833
3 6059 6294 6249
3 6269 6105 6319
3 6227 6104 6270
3 5893 5852 6296
3 5852 6136 6296
3 6272 6295 6298
3 5876 5966 6320
3 6233 6298 6275
3 6183 6277 5929
3 6160 6186 6322
3 6278 6187 6325
3 6187 6279 6325
3 6279 6254 6325
3 6188 6161 6302
3 6238 6327 6111
3 6327 6211 6111
3 6211 6303 6113
3 6328 6085 5956
3 6329 6139 6112
3 6113 6303 6255
3 5900 6213 6331
3 6256 6305 6214
3 6257 6214 6305
3 6333 5990 6193
3 6334 6115 6258
3 6260 6308 6196
3 6259 6282 6336
3 6261 6023 6307
3 6307 6023 6166
3 6216 6337 6167
3 6338 6144 6167
3 6119 6262 6216
3 6147 6241 6093
3 6146 6339 6217
3 6219 6340 6147
3 6120 6283 6263
3 6263 6342 6284
3 6284 6071 6148
3 6311 6285 6149
3 6310 6242 6343
3 6345 6288 6243
3 6288 6312 6287
3 6346 6289 6312
3 6264 6347 6121
3 6121 6347 6242
3 6344 6243 6151
3 6312 6289 6265
3 6348 6245 6289
3 5920 6349 6264
3 5920 6290 6349
3 6172 6350 6204
3 6173 6221 6317
3 6351 6222 6128
3 6225 6176 6224
3 6208 6077 6352
3 6178 6251 6353
3 6250 6271 6228
3 6354 6079 6180
3 6181 5893 6355
3 5893 6296 6355
3 6135 6321 6106
3 6274 6157 6079
3 5876 6320 6136
3 6298 6356 6275
3 6356 6184 6275
3 6299 6010 6276
3 6357 6183 6157
3 6276 6160 6322
3 6358 6235 5931
3 6253 5854 6036
3 6186 6278 6324
3 6359 6237 6236
3 6237 6326 6238
3 5987 6015 6323
3 6188 6325 6254
3 6360 5956 6109
3 6304 6255 6361
3 6328 6189 6085
3 6362 6061 6189
3 6212 6304 6363
3 6212 6363 6330
3 6364 6256 6212
3 6213 5990 6333
3 6332 6281 6239
3 6164 6163 6335
3 6334 6258 6365
3 6194 6115 6334
3 6366 6260 6215
3 6259 6336 6306
3 6337 6338 6167
3 6262 6197 6341
3 6197 6217 6341
3 6219 6309 6340
3 6285 6368 6309
3 6369 6342 6263
3 6286 6344 6151
3 6345 6312 6288
3 6344 6345 6243
3 6370 6123 6202
3 6245 6370 6202
3 6246 6152 6371
3 6371 6152 6317
3 6372 6268 6318
3 6205 6351 6128
3 6247 6292 6221
3 6373 6225 6224
3 6209 6374 6102
3 6248 6208 6352
3 6249 6375 6209
3 6294 6375 6249
3 6227 6376 6294
3 6156 5984 6378
3 6105 6231 6379
3 6210 6381 5931
3 6234 6382 6038
3 6324 6322 6186
3 6278 6325 6324
3 6360 6109 6038
3 6280 5900 6331
3 6361 6363 6304
3 6061 6329 6112
3 6383 6362 6189
3 6330 6364 6212
3 6332 6239 6257
3 6281 6335 6163
3 6215 6142 6384
3 6240 6307 6367
3 6166 6196 6385
3 6262 6386 6216
3 6262 6341 6387
3 6388 6218 6145
3 6241 6147 6340
3 6241 6339 6146
3 6339 6341 6217
3 6283 6389 6263
3 6311 6390 6285
3 6389 6369 6263
3 6345 6346 6312
3 6242 6347 6343
3 6348 6392 6245
3 6370 6313 6123
3 6267 6394 6172
3 6098 6100 6290
3 6266 6316 6171
3 6315 6246 6371
3 6350 6318 6204
3 6100 5962 6293
3 6268 6395 6205
3 6293 5981 6178
3 6077 6269 6352
3 6227 6377 6376
3 6105 6397 6319
3 5984 6181 6378
3 6297 6185 6399
3 6274 6357 6157
3 6106 6321 6210
3 6185 5987 6323
3 6381 6358 5931
3 6236 6400 6359
3 6036 6082 6401
3 6082 6301 6401
3 6359 6326 6237
3 6402 6303 6211
3 6361 6255 6403
3 6328 6383 6189
3 6362 6329 6061
3 6364 6404 6256
3 6332 6257 6405
3 6365 6258 6306
3 6406 6260 6407
3 6260 6366 6407
3 6406 6308 6260
3 6384 6142 6164
3 6366 6215 6384
3 6240 6367 6282
3 6307 6408 6367
3 6196 6308 6385
3 6386 6337 6216
3 6338 6145 6144
3 6338 6388 6145
3 6388 6283 6218
3 6339 6409 6341
3 6309 6368 6340
3 6410 6390 6311
3 6390 6368 6285
3 6310 6410 6311
3 6411 6342 6369
3 6284 6391 6071
3 6310 6343 6412
3 6391 6286 6071
3 6414 6289 6346
3 6415 6348 6289
3 6392 6393 6245
3 6393 6370 6245
3 6416 6394 6267
3 6316 6266 6314
3 6395 6351 6205
3 6317 6221 6417
3 6221 6292 6417
3 6034 6418 6130
3 6222 6373 6224
3 6375 6374 6209
3 6134 6420 6226
3 6293 6178 6353
3 6226 6396 5952
3 6227 6270 6377
3 6250 6421 6271
3 6105 6379 6397
3 6353 6251 6398
3 6251 6297 6398
3 6354 6274 6079
3 5966 6300 6320
3 6277 6400 6236
3 6037 6235 6424
3 6425 6325 6188
3 6327 6402 6211
3 6139 6427 6302
3 6360 6328 5956
3 6305 6256 6404
3 6193 6194 6429
3 6193 6429 6428
3 6430 6308 6406
3 6282 6367 6431
3 6307 6166 6408
3 6387 6386 6262
3 6340 6432 6241
3 6432 6339 6241
3 6341 6409 6387
3 6433 6389 6388
3 6388 6389 6283
3 6434 6409 6339
3 6389 6435 6369
3 6342 6391 6284
3 6345 6413 6346
3 6343 6436 6412
3 6437 6345 6344
3 6414 6415 6289
3 6264 6349 6347
3 6394 6350 6172
3 6100 6293 6439
3 6372 6395 6268
3 6174 6418 6034
3 6292 6248 6419
3 6248 6352 6419
3 6133 6420 6134
3 6441 6375 6294
3 6376 6441 6294
3 5952 6396 6135
3 6155 6443 6180
3 6271 6356 6295
3 6295 6356 6298
3 6380 6137 6299
3 6422 6299 6276
3 6185 6323 6399
3 6423 6277 6183
3 5930 6253 6081
3 6323 6015 6445
3 6326 6446 6238
3 6446 6327 6238
3 6330 6363 6448
3 6257 6305 6449
3 6429 6194 6334
3 6334 6365 6450
3 6335 6281 6451
3 6336 6282 6453
3 6367 6408 6452
3 6385 6308 6430
3 6166 6385 6408
3 6368 6454 6432
3 6368 6432 6340
3 6432 6434 6339
3 6454 6434 6432
3 6390 6455 6368
3 6435 6411 6369
3 6413 6414 6346
3 6456 6438 6344
3 6344 6438 6437
3 6313 6416 6267
3 6100 6439 6290
3 6096 6291 6314
3 6459 6372 6318
3 6250 6130 6418
3 6440 6225 6373
3 6442 6269 6319
3 6460 6319 6397
3 6462 6397 6379
3 6231 6137 6380
3 6463 6299 6422
3 6356 6234 6184
3 6422 6276 6322
3 6081 6253 6465
3 6235 6358 6424
3 6426 6326 6359
3 6446 6326 6426
3 6468 6139 6329
3 6303 6402 6403
3 6255 6303 6403
3 6469 6363 6361
3 6447 6330 6448
3 6331 6213 6333
3 6281 6332 6470
3 6333 6193 6428
3 6366 6335 6407
3 6335 6384 6164
3 6406 6407 6471
3 6366 6384 6335
3 6430 6406 6472
3 6367 6452 6431
3 6453 6282 6431
3 6409 6473 6387
3 6338 6474 6388
3 6474 6433 6388
3 6475 6389 6433
3 6475 6435 6389
3 6455 6454 6368
3 6454 6476 6434
3 6437 6413 6345
3 6286 6456 6344
3 6343 6347 6436
3 6415 6392 6348
3 6478 6393 6477
3 6349 6479 6347
3 6478 6480 6393
3 6394 6458 6350
3 6481 6174 6316
3 6350 6482 6318
3 6371 6317 6417
3 6351 6483 6222
3 6222 6483 6373
3 6374 6484 6102
3 6102 6485 6177
3 6441 6374 6375
3 6376 6377 6486
3 6156 6378 6270
3 6443 6354 6180
3 6461 6378 6181
3 6135 6487 6321
3 6421 6356 6271
3 6297 6399 6398
3 6463 6380 6299
3 6321 6444 6210
3 6009 6158 6464
3 6357 6423 6183
3 6444 6381 6210
3 6322 6324 6488
3 6037 6424 6301
3 6466 6426 6359
3 6446 6402 6327
3 6139 6468 6427
3 6402 6467 6403
3 6447 6364 6330
3 6470 6332 6405
3 6334 6450 6429
3 6450 6365 6490
3 6365 6306 6490
3 6407 6335 6491
3 6492 6471 6407
3 6472 6406 6493
3 6406 6471 6493
3 6387 6337 6386
3 6473 6337 6387
3 6473 6474 6337
3 6337 6474 6338
3 6474 6495 6433
3 6409 6434 6494
3 6495 6475 6433
3 6494 6434 6496
3 6455 6476 6454
3 6476 6496 6434
3 6410 6497 6390
3 6435 6498 6411
3 6310 6412 6410
3 6413 6499 6414
3 6500 6415 6414
3 6347 6457 6436
3 6392 6477 6393
3 6503 6478 6477
3 6504 6313 6370
3 6370 6393 6480
3 6314 6291 6505
3 6505 6291 6506
3 6291 6315 6506
3 6315 6371 6507
3 6371 6417 6508
3 6482 6459 6318
3 6417 6292 6419
3 6440 6373 6510
3 6440 6510 6509
3 6511 6352 6269
3 6396 6487 6135
3 6460 6397 6462
3 6512 6231 6380
3 6423 6513 6277
3 6513 6400 6277
3 6514 6358 6381
3 6253 6036 6489
3 6400 6466 6359
3 6425 6188 6302
3 6402 6446 6467
3 6363 6469 6448
3 6516 6404 6364
3 6333 6428 6517
3 6405 6257 6449
3 6451 6281 6470
3 6335 6451 6491
3 6519 6430 6472
3 6473 6409 6520
3 6494 6520 6409
3 6521 6495 6474
3 6495 6522 6475
3 6523 6476 6455
3 6411 6524 6342
3 6437 6525 6413
3 6499 6500 6414
3 6391 6456 6286
3 6437 6438 6501
3 6415 6477 6392
3 6526 6457 6347
3 6526 6347 6479
3 6478 6527 6480
3 6504 6416 6313
3 6349 6290 6479
3 6506 6315 6507
3 6528 6395 6372
3 6419 6352 6511
3 6530 6441 6376
3 6531 6225 6440
3 6420 6396 6226
3 6531 6155 6225
3 6379 6231 6532
3 6009 6464 6300
3 6321 6533 6444
3 6158 6252 6464
3 6036 6401 6489
3 6534 6038 6382
3 6324 6325 6425
3 6534 6360 6038
3 6360 6535 6328
3 6536 6469 6361
3 6536 6361 6403
3 6468 6329 6362
3 6516 6364 6447
3 6537 6449 6404
3 6449 6305 6404
3 6405 6449 6539
3 6518 6429 6450
3 6491 6451 6538
3 6451 6470 6538
3 6540 6492 6407
3 6540 6407 6491
3 6490 6306 6541
3 6452 6519 6542
3 6431 6452 6542
3 6408 6519 6452
3 6408 6430 6519
3 6408 6385 6430
3 6520 6521 6473
3 6521 6474 6473
3 6543 6495 6521
3 6390 6544 6455
3 6497 6544 6390
3 6475 6498 6435
3 6342 6524 6391
3 6456 6501 6438
3 6546 6415 6500
3 6546 6477 6415
3 6546 6503 6477
3 6551 6547 6502
3 6549 6503 6548
3 6553 6478 6503
3 6527 6478 6553
3 6416 6555 6394
3 6350 6458 6482
3 6557 6528 6372
3 6529 6557 6459
3 6459 6557 6372
3 6395 6528 6351
3 6508 6417 6511
3 6417 6419 6511
3 6509 6510 6558
3 6483 6510 6373
3 6484 6485 6102
3 6418 6559 6250
3 6511 6269 6442
3 6531 6443 6155
3 6532 6462 6379
3 6560 6461 6181
3 6561 6357 6274
3 6422 6322 6488
3 6513 6466 6400
3 6323 6445 6515
3 6302 6427 6563
3 6564 6403 6467
3 6535 6565 6328
3 6565 6383 6328
3 6280 6331 6566
3 6567 6429 6518
3 6538 6470 6539
3 6470 6405 6539
3 6518 6450 6568
3 6538 6569 6491
3 6491 6569 6540
3 6450 6541 6570
3 6490 6541 6450
3 6472 6493 6571
3 6493 6471 6572
3 6494 6573 6520
3 6543 6522 6495
3 6544 6523 6455
3 6574 6475 6522
3 6410 6412 6545
3 6411 6575 6524
3 6525 6499 6413
3 6499 6546 6500
3 6437 6577 6525
3 6501 6577 6437
3 6456 6578 6501
3 6501 6547 6577
3 6502 6547 6501
3 6547 6551 6548
3 6551 6549 6548
3 6548 6503 6546
3 6550 6457 6579
3 6580 6502 6501
3 6457 6526 6579
3 6552 6551 6502
3 6503 6549 6553
3 6580 6554 6502
3 6502 6554 6552
3 6554 6581 6552
3 6479 6582 6526
3 6583 6504 6370
3 6583 6370 6480
3 6584 6555 6416
3 6394 6555 6458
3 6316 6314 6585
3 6371 6508 6507
3 6481 6556 6174
3 6482 6529 6459
3 6174 6556 6418
3 6483 6351 6528
3 6586 6293 6587
3 6587 6293 6353
3 6485 6133 6177
3 6133 6588 6420
3 6509 6531 6440
3 6486 6530 6376
3 6442 6319 6460
3 6378 6461 6589
3 6181 6355 6560
3 6532 6231 6512
3 6512 6380 6463
3 6562 6423 6357
3 6590 6513 6423
3 6252 6081 6591
3 6592 6324 6425
3 6593 6426 6466
3 6445 6015 6594
3 6595 6467 6446
3 6596 6362 6383
3 6447 6448 6597
3 6428 6429 6567
3 6541 6306 6336
3 6572 6471 6492
3 6571 6542 6519
3 6519 6472 6571
3 6453 6431 6598
3 6573 6599 6520
3 6494 6600 6573
3 6524 6576 6391
3 6577 6499 6525
3 6577 6601 6499
3 6601 6546 6499
3 6436 6457 6602
3 6547 6601 6577
3 6547 6548 6601
3 6548 6546 6601
3 6578 6580 6501
3 6554 6603 6581
3 6479 6290 6604
3 6605 6606 6480
3 6481 6316 6585
3 6558 6557 6529
3 6558 6510 6607
3 6485 6608 6133
3 6608 6588 6133
3 6509 6609 6531
3 6443 6610 6354
3 6611 6274 6354
3 6399 6323 6515
3 6356 6382 6234
3 6301 6424 6612
3 6593 6466 6513
3 6302 6563 6425
3 6426 6595 6446
3 6015 6280 6594
3 6468 6563 6427
3 6536 6403 6564
3 6596 6468 6362
3 6597 6516 6447
3 6331 6333 6566
3 6537 6404 6614
3 6567 6518 6615
3 6568 6450 6570
3 6336 6453 6617
3 6431 6542 6598
3 6599 6521 6520
3 6618 6522 6543
3 6494 6496 6600
3 6475 6574 6498
3 6619 6476 6523
3 6496 6476 6619
3 6410 6545 6497
3 6498 6575 6411
3 6576 6578 6456
3 6576 6456 6391
3 6550 6620 6457
3 6620 6602 6457
3 6581 6621 6552
3 6552 6621 6551
3 6622 6527 6553
3 6579 6526 6582
3 6581 6603 6623
3 6604 6582 6479
3 6605 6480 6527
3 6314 6505 6585
3 6439 6293 6625
3 6481 6626 6556
3 6627 6507 6508
3 6558 6607 6557
3 6607 6528 6557
3 6528 6607 6483
3 6510 6483 6607
3 6628 6509 6558
3 6629 6484 6374
3 6628 6609 6509
3 6609 6443 6531
3 6460 6462 6532
3 6611 6561 6274
3 6562 6590 6423
3 6081 6465 6591
3 6590 6593 6513
3 6563 6592 6425
3 6564 6467 6595
3 6565 6596 6383
3 6614 6404 6516
3 6616 6538 6539
3 6616 6633 6538
3 6633 6569 6538
3 6518 6568 6632
3 6599 6635 6521
3 6600 6496 6636
3 6496 6619 6636
3 6412 6436 6545
3 6621 6637 6549
3 6621 6549 6551
3 6637 6553 6549
3 6622 6553 6637
3 6554 6580 6603
3 6605 6527 6622
3 6416 6638 6584
3 6504 6638 6416
3 6639 6504 6583
3 6640 6623 6603
3 6583 6480 6606
3 6290 6439 6604
3 6641 6606 6605
3 6640 6624 6641
3 6626 6481 6642
3 6481 6585 6642
3 6482 6558 6529
3 6293 6586 6625
3 6643 6628 6558
3 6508 6511 6627
3 6630 6629 6374
3 6441 6630 6374
3 6250 6559 6421
3 6377 6270 6486
3 6645 6487 6396
3 6296 6136 6320
3 6532 6512 6463
3 6463 6422 6648
3 6649 6357 6561
3 6649 6631 6357
3 6357 6631 6562
3 6464 6252 6652
3 6562 6651 6590
3 6444 6653 6381
3 6465 6253 6655
3 6515 6445 6656
3 6656 6445 6613
3 6593 6657 6426
3 6534 6658 6360
3 6468 6659 6563
3 6536 6564 6660
3 6661 6469 6536
3 6597 6448 6663
3 6448 6469 6663
3 6566 6333 6664
3 6664 6333 6517
3 6428 6567 6665
3 6616 6539 6667
3 6615 6518 6632
3 6633 6616 6666
3 6539 6449 6537
3 6632 6568 6668
3 6568 6570 6668
3 6669 6570 6617
3 6541 6617 6570
3 6540 6634 6492
3 6541 6336 6617
3 6670 6542 6571
3 6571 6493 6671
3 6635 6543 6521
3 6672 6599 6573
3 6575 6673 6524
3 6578 6675 6580
3 6581 6676 6621
3 6676 6637 6621
3 6579 6582 6677
3 6623 6676 6581
3 6603 6678 6679
3 6639 6638 6504
3 6640 6680 6623
3 6679 6640 6603
3 6680 6641 6605
3 6606 6681 6583
3 6680 6640 6641
3 6641 6681 6606
3 6682 6604 6439
3 6439 6625 6682
3 6458 6683 6482
3 6482 6643 6558
3 6586 6587 6684
3 6644 6511 6442
3 6587 6353 6686
3 6686 6353 6398
3 6270 6378 6589
3 6609 6688 6443
3 6589 6461 6646
3 6461 6560 6689
3 6689 6646 6461
3 6690 6560 6355
3 6610 6611 6354
3 6321 6647 6533
3 6422 6488 6648
3 6650 6562 6631
3 6650 6651 6562
3 6488 6324 6592
3 6253 6489 6655
3 6654 6593 6590
3 6515 6656 6692
3 6657 6693 6426
3 6693 6595 6426
3 6658 6535 6360
3 6660 6564 6694
3 6564 6595 6694
3 6660 6661 6536
3 6695 6596 6565
3 6661 6662 6469
3 6280 6566 6696
3 6664 6517 6697
3 6517 6428 6665
3 6517 6665 6697
3 6616 6667 6698
3 6567 6615 6665
3 6667 6539 6699
3 6699 6539 6537
3 6700 6569 6633
3 6668 6701 6632
3 6634 6572 6492
3 6571 6671 6670
3 6671 6493 6702
3 6493 6572 6702
3 6704 6619 6523
3 6498 6707 6575
3 6545 6436 6708
3 6707 6674 6575
3 6674 6673 6575
3 6436 6602 6708
3 6675 6678 6580
3 6676 6622 6637
3 6580 6678 6603
3 6623 6680 6676
3 6680 6622 6676
3 6680 6605 6622
3 6604 6709 6582
3 6679 6710 6640
3 6640 6710 6624
3 6711 6641 6624
3 6555 6683 6458
3 6482 6683 6643
3 6507 6627 6506
3 6627 6511 6644
3 6714 6609 6628
3 6420 6645 6396
3 6420 6715 6645
3 6442 6460 6685
3 6687 6270 6589
3 6718 6460 6532
3 6719 6611 6610
3 6532 6463 6720
3 6611 6721 6561
3 6399 6722 6398
3 6721 6649 6561
3 6722 6399 6692
3 6399 6515 6692
3 6356 6691 6382
3 6691 6534 6382
3 6723 6488 6592
3 6724 6358 6514
3 6694 6595 6693
3 6658 6565 6535
3 6659 6468 6725
3 6725 6468 6596
3 6698 6667 6726
3 6667 6699 6726
3 6700 6633 6666
3 6634 6540 6569
3 6668 6570 6727
3 6570 6669 6727
3 6728 6598 6542
3 6728 6542 6670
3 6729 6672 6573
3 6600 6729 6573
3 6544 6703 6523
3 6703 6704 6523
3 6705 6703 6544
3 6497 6705 6544
3 6706 6636 6619
3 6574 6707 6498
3 6673 6730 6524
3 6730 6576 6524
3 6620 6550 6731
3 6550 6579 6731
3 6579 6677 6731
3 6677 6582 6709
3 6710 6711 6624
3 6734 6506 6627
3 6626 6712 6556
3 6736 6586 6684
3 6735 6714 6628
3 6559 6737 6421
3 6270 6687 6486
3 6738 6688 6609
3 6560 6717 6689
3 6688 6610 6443
3 6686 6398 6739
3 6487 6647 6321
3 6739 6398 6722
3 6463 6648 6720
3 6533 6653 6444
3 6741 6691 6356
3 6252 6591 6652
3 6424 6358 6724
3 6654 6657 6593
3 6445 6743 6613
3 6445 6594 6743
3 6744 6695 6565
3 6594 6280 6696
3 6663 6469 6662
3 6566 6745 6696
3 6566 6664 6745
3 6537 6614 6747
3 6698 6726 6746
3 6748 6616 6698
3 6666 6616 6749
3 6749 6616 6748
3 6701 6668 6750
3 6669 6617 6751
3 6752 6728 6670
3 6752 6670 6671
3 6572 6634 6753
3 6453 6598 6754
3 6635 6618 6543
3 6497 6545 6705
3 6704 6706 6619
3 6755 6602 6620
3 6730 6675 6576
3 6756 6673 6674
3 6675 6578 6576
3 6757 6638 6639
3 6758 6711 6710
3 6759 6555 6584
3 6604 6682 6732
3 6555 6760 6683
3 6585 6505 6733
3 6506 6734 6505
3 6683 6735 6643
3 6625 6736 6761
3 6625 6586 6736
3 6643 6735 6628
3 6556 6762 6418
3 6713 6630 6441
3 6530 6713 6441
3 6587 6686 6763
3 6644 6442 6685
3 6714 6764 6609
3 6685 6460 6716
3 6560 6690 6717
3 6611 6719 6740
3 6648 6488 6766
3 6651 6767 6590
3 6767 6654 6590
3 6591 6465 6769
3 6381 6742 6514
3 6692 6656 6768
3 6613 6743 6770
3 6771 6693 6657
3 6658 6744 6565
3 6772 6661 6660
3 6695 6725 6596
3 6594 6696 6773
3 6773 6696 6774
3 6775 6597 6776
3 6774 6696 6745
3 6775 6516 6597
3 6747 6614 6775
3 6614 6516 6775
3 6697 6665 6664
3 6665 6615 6777
3 6726 6699 6747
3 6699 6537 6747
3 6615 6632 6778
3 6700 6666 6779
3 6569 6700 6634
3 6669 6751 6727
3 6453 6754 6617
3 6780 6598 6728
3 6702 6572 6753
3 6754 6598 6780
3 6599 6781 6635
3 6618 6782 6522
3 6782 6574 6522
3 6782 6707 6574
3 6707 6783 6674
3 6674 6784 6756
3 6786 6678 6675
3 6786 6679 6678
3 6709 6787 6677
3 6789 6584 6638
3 6788 6709 6604
3 6790 6583 6681
3 6790 6639 6583
3 6732 6788 6604
3 6789 6759 6584
3 6641 6790 6681
3 6711 6790 6641
3 6759 6760 6555
3 6682 6625 6761
3 6712 6626 6642
3 6712 6762 6556
3 6684 6587 6763
3 6588 6715 6420
3 6763 6686 6792
3 6764 6738 6609
3 6792 6686 6739
3 6688 6765 6610
3 6610 6794 6719
3 6793 6690 6355
3 6740 6721 6611
3 6653 6742 6381
3 6742 6724 6514
3 6424 6724 6612
3 6654 6795 6657
3 6656 6796 6768
3 6656 6613 6796
3 6795 6771 6657
3 6592 6563 6797
3 6563 6659 6797
3 6660 6694 6800
3 6660 6800 6799
3 6776 6597 6663
3 6746 6747 6802
3 6745 6664 6803
3 6664 6777 6803
3 6726 6747 6746
3 6665 6777 6664
3 6804 6748 6698
3 6804 6698 6746
3 6777 6615 6778
3 6750 6668 6727
3 6754 6751 6617
3 6600 6636 6729
3 6705 6805 6703
3 6705 6545 6708
3 6784 6674 6783
3 6756 6730 6673
3 6807 6786 6675
3 6786 6758 6679
3 6758 6710 6679
3 6709 6788 6808
3 6789 6638 6757
3 6758 6809 6711
3 6809 6790 6711
3 6642 6585 6733
3 6733 6505 6734
3 6791 6734 6627
3 6762 6559 6418
3 6763 6792 6810
3 6486 6811 6530
3 6812 6716 6460
3 6765 6794 6610
3 6355 6296 6793
3 6794 6740 6719
3 6722 6813 6739
3 6650 6631 6814
3 6650 6767 6651
3 6488 6723 6766
3 6692 6768 6815
3 6768 6816 6815
3 6767 6795 6654
3 6817 6723 6592
3 6691 6798 6534
3 6770 6796 6613
3 6798 6658 6534
3 6725 6818 6659
3 6799 6772 6660
3 6695 6819 6725
3 6743 6594 6773
3 6801 6663 6662
3 6802 6775 6776
3 6747 6775 6802
3 6746 6802 6804
3 6778 6632 6701
3 6749 6748 6820
3 6779 6666 6749
3 6634 6700 6821
3 6752 6671 6822
3 6671 6702 6822
3 6672 6781 6599
3 6823 6618 6635
3 6824 6784 6783
3 6602 6785 6708
3 6784 6825 6756
3 6806 6755 6620
3 6602 6755 6785
3 6787 6709 6808
3 6642 6733 6826
3 6827 6735 6683
3 6712 6642 6762
3 6791 6627 6644
3 6735 6827 6714
3 6684 6763 6828
3 6687 6589 6829
3 6589 6646 6830
3 6589 6830 6829
3 6739 6813 6792
3 6689 6717 6831
3 6460 6718 6812
3 6532 6720 6718
3 6296 6320 6832
3 6356 6421 6833
3 6813 6722 6815
3 6721 6834 6649
3 6722 6692 6815
3 6649 6834 6631
3 6814 6767 6650
3 6652 6591 6769
3 6301 6835 6401
3 6301 6612 6835
3 6797 6817 6592
3 6796 6816 6768
3 6659 6818 6797
3 6819 6818 6725
3 6800 6694 6693
3 6662 6661 6836
3 6776 6663 6801
3 6802 6837 6804
3 6777 6778 6840
3 6821 6753 6634
3 6750 6727 6841
3 6727 6751 6841
3 6780 6728 6843
3 6754 6780 6843
3 6823 6782 6618
3 6783 6707 6782
3 6708 6785 6844
3 6755 6845 6785
3 6756 6846 6730
3 6730 6807 6675
3 6758 6847 6809
3 6790 6848 6639
3 6848 6757 6639
3 6682 6849 6732
3 6852 6809 6850
3 6682 6761 6851
3 6733 6734 6853
3 6853 6734 6791
3 6763 6810 6854
3 6811 6713 6530
3 6827 6764 6714
3 6646 6689 6830
3 6792 6813 6856
3 6647 6487 6645
3 6857 6740 6794
3 6793 6296 6832
3 6320 6300 6858
3 6720 6648 6859
3 6859 6648 6766
3 6814 6631 6834
3 6860 6766 6723
3 6533 6861 6653
3 6862 6796 6770
3 6658 6863 6744
3 6744 6819 6695
3 6836 6661 6772
3 6773 6774 6864
3 6776 6801 6865
3 6837 6802 6776
3 6774 6745 6866
3 6803 6777 6838
3 6840 6839 6777
3 6701 6840 6778
3 6779 6749 6867
3 6701 6750 6868
3 6842 6728 6752
3 6752 6822 6842
3 6805 6870 6703
3 6870 6704 6703
3 6705 6708 6844
3 6872 6783 6782
3 6706 6873 6636
3 6824 6874 6784
3 6806 6875 6755
3 6620 6731 6806
3 6825 6846 6756
3 6846 6876 6730
3 6876 6807 6730
3 6731 6677 6877
3 6677 6787 6877
3 6786 6807 6758
3 6807 6847 6758
3 6847 6850 6809
3 6849 6878 6732
3 6878 6788 6732
3 6851 6849 6682
3 6879 6852 6850
3 6880 6759 6789
3 6882 6760 6759
3 6851 6761 6883
3 6826 6733 6853
3 6853 6791 6884
3 6791 6644 6885
3 6811 6886 6713
3 6644 6685 6885
3 6792 6887 6810
3 6855 6811 6486
3 6888 6737 6559
3 6889 6688 6738
3 6688 6889 6765
3 6889 6794 6765
3 6857 6721 6740
3 6832 6320 6858
3 6833 6741 6356
3 6860 6723 6817
3 6742 6891 6724
3 6798 6892 6658
3 6892 6863 6658
3 6863 6819 6744
3 6800 6693 6893
3 6693 6771 6893
3 6894 6776 6865
3 6801 6662 6865
3 6776 6894 6837
3 6866 6745 6803
3 6820 6748 6804
3 6867 6749 6820
3 6868 6750 6896
3 6751 6869 6841
3 6750 6841 6896
3 6751 6754 6869
3 6702 6753 6897
3 6822 6702 6897
3 6870 6871 6704
3 6729 6636 6873
3 6705 6844 6805
3 6871 6706 6704
3 6872 6782 6898
3 6871 6873 6706
3 6872 6824 6783
3 6874 6825 6784
3 6844 6785 6899
3 6755 6875 6845
3 6845 6899 6785
3 6900 6845 6875
3 6806 6731 6877
3 6846 6902 6876
3 6850 6847 6807
3 6808 6788 6904
3 6903 6879 6850
3 6848 6790 6809
3 6852 6848 6809
3 6881 6848 6852
3 6880 6882 6759
3 6761 6736 6905
3 6760 6906 6683
3 6683 6906 6827
3 6826 6853 6907
3 6762 6642 6826
3 6884 6791 6885
3 6762 6888 6559
3 6764 6827 6906
3 6486 6687 6855
3 6685 6716 6912
3 6911 6738 6764
3 6913 6421 6737
3 6912 6716 6812
3 6738 6914 6889
3 6915 6812 6718
3 6915 6718 6720
3 6857 6916 6721
3 6859 6766 6860
3 6813 6815 6918
3 6890 6767 6814
3 6489 6401 6835
3 6921 6817 6797
3 6796 6922 6816
3 6818 6921 6797
3 6923 6818 6819
3 6924 6772 6799
3 6804 6837 6895
3 6777 6839 6838
3 6804 6925 6820
3 6840 6701 6926
3 6869 6842 6928
3 6842 6929 6928
3 6842 6822 6929
3 6843 6842 6869
3 6869 6754 6843
3 6842 6843 6728
3 6823 6635 6781
3 6823 6898 6782
3 6877 6930 6806
3 6825 6931 6846
3 6787 6901 6877
3 6877 6901 6930
3 6876 6850 6807
3 6902 6850 6876
3 6902 6903 6850
3 6932 6852 6879
3 6757 6880 6789
3 6882 6933 6760
3 6933 6906 6760
3 6905 6736 6934
3 6736 6684 6934
3 6908 6909 6588
3 6908 6588 6608
3 6588 6909 6715
3 6828 6763 6854
3 6910 6810 6887
3 6645 6715 6936
3 6935 6885 6685
3 6935 6685 6912
3 6689 6937 6830
3 6911 6914 6738
3 6913 6833 6421
3 6912 6812 6915
3 6717 6690 6938
3 6690 6793 6938
3 6915 6720 6859
3 6813 6918 6856
3 6916 6834 6721
3 6300 6917 6858
3 6300 6464 6917
3 6647 6861 6533
3 6815 6919 6918
3 6767 6890 6795
3 6465 6920 6769
3 6465 6655 6920
3 6816 6940 6815
3 6612 6724 6941
3 6691 6942 6798
3 6942 6892 6798
3 6770 6743 6943
3 6799 6800 6944
3 6894 6865 6945
3 6865 6662 6836
3 6946 6837 6894
3 6925 6804 6895
3 6927 6821 6779
3 6927 6779 6867
3 6821 6700 6779
3 6869 6928 6948
3 6949 6869 6948
3 6950 6753 6821
3 6949 6841 6869
3 6822 6897 6929
3 6951 6781 6672
3 6729 6951 6672
3 6729 6873 6951
3 6844 6870 6805
3 6872 6953 6824
3 6899 6870 6844
3 6954 6873 6871
3 6954 6955 6873
3 6845 6900 6957
3 6956 6899 6845
3 6806 6930 6875
3 6930 6900 6875
3 6930 6901 6900
3 6931 6902 6846
3 6958 6901 6787
3 6958 6787 6808
3 6959 6932 6903
3 6878 6960 6788
3 6960 6904 6788
3 6932 6879 6903
3 6961 6852 6932
3 6962 6757 6848
3 6961 6881 6852
3 6962 6880 6757
3 6883 6761 6905
3 6826 6907 6963
3 6907 6853 6884
3 6886 6630 6713
3 6762 6826 6963
3 6911 6764 6906
3 6854 6810 6910
3 6884 6885 6935
3 6855 6687 6829
3 6829 6830 6964
3 6689 6831 6937
3 6794 6889 6965
3 6965 6916 6794
3 6916 6857 6794
3 6793 6832 6966
3 6967 6834 6916
3 6968 6859 6860
3 6741 6969 6691
3 6795 6890 6771
3 6815 6940 6919
3 6969 6942 6691
3 6923 6921 6818
3 6863 6971 6819
3 6944 6924 6799
3 6743 6773 6972
3 6945 6865 6836
3 6773 6864 6972
3 6864 6774 6973
3 6895 6837 6974
3 6774 6866 6973
3 6803 6976 6975
3 6803 6838 6976
3 6839 6947 6838
3 6840 6947 6839
3 6840 6926 6947
3 6926 6701 6868
3 6977 6821 6927
3 6867 6820 6978
3 6928 6929 6980
3 6929 6897 6979
3 6897 6753 6950
3 6981 6823 6781
3 6951 6981 6781
3 6981 6898 6823
3 6952 6898 6981
3 6952 6872 6898
3 6982 6952 6951
3 6983 6824 6953
3 6982 6951 6873
3 6899 6954 6870
3 6870 6954 6871
3 6955 6982 6873
3 6957 6956 6845
3 6931 6985 6902
3 6958 6808 6986
3 6985 6959 6902
3 6959 6903 6902
3 6961 6987 6881
3 6881 6962 6848
3 6933 6882 6880
3 6811 6855 6886
3 6762 6988 6888
3 6762 6963 6988
3 6888 6988 6989
3 6792 6990 6887
3 6991 6737 6888
3 6792 6856 6990
3 6935 6912 6992
3 6994 6889 6914
3 6992 6912 6915
3 6856 6918 6993
3 6939 6861 6647
3 6968 6860 6997
3 6917 6464 6998
3 6464 6652 6998
3 6997 6860 6817
3 6997 6817 6921
3 6861 6742 6653
3 6999 6921 6923
3 6969 7000 6942
3 6942 6971 6892
3 6971 6923 6819
3 6971 6863 6892
3 7001 6800 6893
3 6772 6924 6836
3 6945 6836 7002
3 6946 6894 6945
3 6837 6946 6974
3 6977 6927 7003
3 6927 6867 6978
3 6979 6950 6977
3 6950 6821 6977
3 6948 6928 7004
3 6979 7005 6929
3 6928 6980 7004
3 6929 7005 6980
3 6897 6950 6979
3 6951 6952 6981
3 6952 7006 6872
3 7006 6953 6872
3 6983 6874 6824
3 6956 7007 6899
3 7008 6982 6955
3 6984 7008 6955
3 6954 6984 6955
3 6900 7009 6957
3 7009 6900 6901
3 6931 7010 6985
3 7011 6959 6985
3 7011 6932 6959
3 6808 7012 6986
3 6808 6904 7012
3 6932 6987 6961
3 6881 7013 6962
3 6485 6908 6608
3 6909 7014 6715
3 6907 6884 7015
3 6963 6907 7016
3 6884 6935 7015
3 6829 6964 6855
3 6991 6913 6737
3 6937 6964 6830
3 6717 6938 6995
3 6889 6994 6965
3 6992 6915 6996
3 6996 6915 6859
3 6996 6859 6968
3 6834 7018 6814
3 6814 7020 6890
3 6970 6771 6890
3 6942 7000 6971
3 6724 6891 6941
3 6862 6922 6796
3 6893 6771 6970
3 6944 6800 7001
3 6943 6743 6972
3 7002 6946 6945
3 6976 6838 7022
3 6838 6947 7023
3 7003 6927 7024
3 6820 6925 6978
3 6979 6977 7027
3 7026 6949 6948
3 7005 6979 7027
3 6896 6841 7028
3 6841 6949 7028
3 7006 6983 6953
3 7008 7006 6952
3 6982 7008 6952
3 7007 6954 6899
3 6983 6825 6874
3 6954 7029 6984
3 6960 7012 6904
3 6987 7031 6881
3 7031 7013 6881
3 7032 6630 6886
3 6906 7034 6911
3 6828 6854 7033
3 6907 7015 7016
3 7036 6913 6991
3 7015 6935 6992
3 6856 6993 6990
3 6936 7037 6645
3 7037 6647 6645
3 7038 6916 6965
3 6938 6793 7039
3 6793 6966 7039
3 7036 6833 6913
3 7040 6741 6833
3 7017 6918 6919
3 6967 7018 6834
3 6814 7018 7019
3 7019 7020 6814
3 7040 7041 6741
3 6999 6997 6921
3 6940 7042 6919
3 7041 6969 6741
3 6971 7043 6999
3 7044 7000 6969
3 6971 6999 6923
3 6835 6612 7045
3 6612 6941 7045
3 7021 6924 6944
3 7002 6836 7046
3 7047 6946 7002
3 7048 6974 6946
3 6866 6803 7049
3 6803 6975 7049
3 6838 7023 7022
3 6926 7023 6947
3 6927 6978 7024
3 6868 7025 6926
3 6868 6896 7025
3 7027 6977 7050
3 7026 6948 7004
3 7028 6949 7026
3 7051 6983 7006
3 7008 6984 7052
3 6957 7053 6956
3 6956 7053 7007
3 7009 6901 7030
3 6958 7054 6901
3 7054 7030 6901
3 7055 6932 7011
3 6962 7056 6880
3 7013 7056 6962
3 6880 7057 6933
3 6933 7034 6906
3 6484 7058 6485
3 7014 6936 6715
3 7035 6886 6855
3 6855 6964 7035
3 6910 6887 6990
3 6991 6888 7060
3 6963 7016 6988
3 6990 7036 6991
3 6888 6989 7060
3 7060 6989 7061
3 6989 6988 7061
3 6993 7036 6990
3 7016 7015 7064
3 6937 7063 6964
3 7015 6992 7064
3 7062 6914 6911
3 7064 6992 7066
3 7037 6939 6647
3 7062 7067 6914
3 7067 6994 6914
3 7066 6992 6996
3 7036 7065 6833
3 6918 7017 6993
3 7065 7040 6833
3 7070 7040 7065
3 6919 7070 7017
3 7070 7041 7040
3 7043 7073 6999
3 7073 6997 6999
3 7020 6970 6890
3 7042 7070 6919
3 7042 7041 7070
3 7074 7043 7000
3 7075 7044 6969
3 7000 7043 6971
3 7076 6891 6742
3 6770 6943 7079
3 7021 7001 7080
3 7001 6893 7078
3 7021 6944 7001
3 7046 6924 7021
3 7046 6836 6924
3 7046 7047 7002
3 6895 6974 7081
3 6975 6976 7082
3 6925 6895 7083
3 7003 7085 7084
3 7003 7024 7085
3 7050 6977 7003
3 7026 7004 7086
3 7005 7087 6980
3 7004 6980 7086
3 7007 7029 6954
3 7088 6931 6825
3 7010 6931 7088
3 7089 7011 6985
3 6986 7054 6958
3 6849 7090 6878
3 7055 6987 6932
3 6629 7058 6484
3 7059 6629 6630
3 7032 7091 6630
3 7091 7059 6630
3 6854 6910 7092
3 7034 7062 6911
3 6991 7060 7093
3 6988 7016 7061
3 7061 7016 7064
3 7063 6937 7094
3 6937 6831 7094
3 6993 7065 7036
3 7068 6994 7067
3 7068 6965 6994
3 7066 6996 7069
3 6995 6938 7039
3 7068 7038 6965
3 7069 6996 7071
3 6966 6832 7097
3 7017 7065 6993
3 7038 7098 6916
3 7071 6996 6968
3 6939 7072 6861
3 7017 7070 7065
3 6916 7098 6967
3 7071 6968 7073
3 7073 6968 6997
3 6652 6769 6998
3 7101 7100 7000
3 7100 7074 7000
3 6861 7099 6742
3 7101 7000 7044
3 7075 7101 7044
3 7042 7075 7041
3 7041 7075 6969
3 7077 6940 6922
3 6922 6940 6816
3 7080 7046 7021
3 7048 6946 7102
3 7048 7081 6974
3 7083 6895 7081
3 7025 7023 6926
3 7083 6978 6925
3 7085 6978 7083
3 7024 6978 7085
3 7103 7050 7003
3 7028 7026 7104
3 7005 7027 7050
3 7105 7006 7008
3 7053 7106 7007
3 7007 7106 7029
3 7009 7108 6957
3 7029 7107 6984
3 6983 7088 6825
3 7108 7009 7109
3 7009 7030 7109
3 7010 7110 6985
3 7089 7111 7011
3 7111 7055 7011
3 7110 7089 6985
3 6986 7012 7054
3 6851 7112 6849
3 7113 6880 7056
3 7013 7113 7056
3 7113 7057 6880
3 7114 7113 7013
3 6934 6684 7115
3 7058 6908 6485
3 7035 7032 6886
3 7035 7116 7032
3 6990 6991 7117
3 6991 7093 7117
3 7093 7060 7118
3 7061 7095 7060
3 7118 7060 7095
3 7061 7119 7095
3 7061 7064 7066
3 6831 6717 7096
3 7096 6717 6995
3 7120 7038 7068
3 7097 6832 7121
3 6832 6858 7121
3 7098 7018 6967
3 7122 7123 7019
3 7123 7020 7019
3 7074 7073 7043
3 7078 6893 6970
3 7080 7001 7078
3 7080 7078 7124
3 7047 7102 6946
3 7128 7081 7127
3 7129 7085 7128
3 7085 7083 7081
3 6973 6866 7130
3 7082 7049 6975
3 7084 7085 7129
3 7084 7103 7003
3 7025 6896 7028
3 7005 7050 7087
3 7052 7105 7008
3 6957 7132 7053
3 6984 7107 7052
3 7108 7132 6957
3 7090 6960 6878
3 7112 7090 6849
3 7055 7031 6987
3 7031 7114 7013
3 7034 6933 7057
3 6684 6828 7115
3 7033 6854 7092
3 7035 6964 7133
3 7119 7061 7066
3 7119 7066 7134
3 6995 7039 7135
3 7134 7066 7069
3 6966 7097 7039
3 7137 7136 7073
3 7136 7071 7073
3 7137 7073 7074
3 7019 7018 7139
3 7139 7122 7019
3 7100 7138 7074
3 7140 7123 7122
3 7123 6970 7020
3 7124 7123 7140
3 7124 7078 7123
3 7099 7076 6742
3 7078 6970 7123
3 6920 6655 7125
3 6655 6489 7125
3 6489 6835 7125
3 7142 7080 7126
3 7142 7046 7080
3 7142 7047 7046
3 7127 7144 7143
3 7081 7144 7127
3 7081 7048 7144
3 7128 7085 7081
3 6866 7049 7130
3 7022 7023 7146
3 7023 7131 7146
3 7147 7103 7084
3 7025 7131 7023
3 7149 7104 7148
3 7149 7028 7104
3 7104 7026 7086
3 7087 7050 7103
3 6980 7087 7150
3 7105 7151 7006
3 7006 7151 7051
3 7010 7152 7110
3 7030 7153 7109
3 7154 7012 6960
3 6851 6883 7112
3 7156 7031 7055
3 7114 7159 7113
3 7160 7159 7114
3 7032 7116 7091
3 7133 6964 7161
3 7162 6964 7063
3 6936 7163 7037
3 7118 7095 7165
3 7165 7095 7166
3 7095 7119 7166
3 7164 7067 7062
3 7168 7068 7167
3 7167 7068 7067
3 7166 7119 7169
3 7119 7134 7169
3 7169 7134 7170
3 7170 7134 7136
3 7134 7069 7136
3 7069 7071 7136
3 7170 7136 7137
3 7170 7137 7138
3 7138 7137 7074
3 6861 7171 7099
3 7141 7042 6940
3 7173 7174 7124
3 7174 7176 7124
3 7175 6922 6862
3 7124 7176 7080
3 6862 6770 7079
3 7176 7126 7080
3 7177 7047 7142
3 7102 7047 7177
3 7048 7102 7177
3 6972 6864 7145
3 7179 7127 7178
3 6864 6973 7145
3 7127 7179 7128
3 7129 7147 7084
3 7149 7148 7131
3 7025 7149 7131
3 7148 7104 7181
3 7104 7086 7181
3 7025 7028 7149
3 7106 7182 7029
3 7051 7152 6983
3 7152 7088 6983
3 7029 7183 7107
3 7110 7111 7089
3 7054 7184 7030
3 7184 7153 7030
3 7155 7054 7012
3 7157 7031 7156
3 7031 7185 7114
3 7159 7057 7113
3 7185 7160 7114
3 6629 7187 7058
3 7159 7189 7057
3 7059 7186 6629
3 7188 6909 6908
3 7189 7034 7057
3 7091 7116 7190
3 7035 7190 7116
3 7014 7163 6936
3 7164 7062 7034
3 7162 7161 6964
3 7093 7118 7191
3 7192 7067 7164
3 7167 7192 7193
3 7167 7067 7192
3 7168 7120 7068
3 7135 7039 7194
3 7120 7098 7038
3 6858 6917 7195
3 7072 7171 6861
3 7196 7138 7100
3 7172 7173 7140
3 7173 7124 7140
3 7077 7141 6940
3 7199 7142 7126
3 7200 7177 7199
3 7177 7142 7199
3 7143 7177 7200
3 7144 7177 7143
3 7144 7048 7177
3 7127 7143 7178
3 7145 6973 7180
3 7129 7128 7179
3 7082 7203 7049
3 7204 7103 7147
3 7086 6980 7150
3 7205 7106 7053
3 7088 7152 7010
3 7109 7206 7108
3 7109 7153 7206
3 7152 7207 7110
3 7208 7111 7110
3 6905 6934 7158
3 7157 7185 7031
3 7210 7059 7091
3 7189 7164 7034
3 7160 7189 7159
3 7211 7190 7035
3 7133 7211 7035
3 7189 7212 7164
3 7213 7189 7160
3 7213 7212 7189
3 7214 7192 7212
3 7212 7192 7164
3 7193 7192 7214
3 7165 7166 7215
3 7215 7166 7169
3 7216 7120 7168
3 7215 7169 7217
3 7169 7170 7217
3 7217 7170 7218
3 6858 7195 7121
3 7218 7170 7138
3 7218 7138 7219
3 7219 7138 7196
3 7122 7139 7220
3 7221 7140 7122
3 7221 7172 7140
3 7141 7075 7042
3 6769 6920 7197
3 7199 7126 7176
3 7201 7178 7143
3 7202 7129 7179
3 7202 7147 7129
3 7224 7203 7082
3 7103 7204 7087
3 7086 7150 7181
3 7105 7226 7151
3 7052 7226 7105
3 7132 7205 7053
3 7052 7107 7228
3 7052 7228 7226
3 7227 7152 7051
3 7107 7183 7228
3 7207 7229 7110
3 7229 7208 7110
3 7208 7230 7111
3 7230 7209 7111
3 7111 7209 7055
3 7154 7155 7012
3 7231 7153 7184
3 7232 7230 7208
3 7156 7055 7209
3 7186 7187 6629
3 7115 6828 7033
3 7160 7234 7213
3 7235 7133 7161
3 6910 6990 7117
3 7117 7093 7237
3 7213 7214 7212
3 7237 7093 7191
3 7191 7118 7165
3 7193 7238 7167
3 6939 7037 7239
3 7238 7240 7167
3 7167 7240 7168
3 7240 7216 7168
3 7039 7097 7242
3 7243 7097 7121
3 7244 7139 7018
3 7220 7139 7244
3 7245 7122 7220
3 7245 7221 7122
3 7246 7196 7100
3 7246 7100 7101
3 6891 7198 6941
3 6862 7079 7247
3 7201 7143 7200
3 7202 7179 7250
3 7251 7147 7202
3 6973 7130 7180
3 7224 7082 7252
3 7082 6976 7252
3 7022 7146 7225
3 7130 7049 7203
3 7205 7182 7106
3 7182 7183 7029
3 7090 7154 6960
3 7054 7256 7184
3 7257 7156 7209
3 7156 7258 7157
3 7259 7185 7157
3 7058 7188 6908
3 7210 7186 7059
3 7259 7234 7185
3 7185 7234 7160
3 7260 7214 7213
3 7261 7193 7214
3 7262 7238 7193
3 7096 6995 7135
3 7263 7165 7215
3 7241 7120 7216
3 7241 7264 7120
3 7120 7264 7098
3 7242 7097 7243
3 7265 7098 7264
3 7265 7018 7098
3 6917 6998 7195
3 7101 7075 7266
3 7267 7173 7172
3 7197 6920 7268
3 7267 7174 7173
3 7268 6920 7125
3 7076 7198 6891
3 7269 7077 6922
3 7270 7174 7267
3 7175 7269 6922
3 7125 6835 7223
3 7176 7174 7270
3 7199 7176 7270
3 7249 7200 7270
3 7200 7199 7270
3 7272 7179 7178
3 7251 7204 7147
3 6976 7022 7252
3 7131 7148 7273
3 7273 7148 7253
3 7253 7148 7181
3 7087 7204 7251
3 7151 7227 7051
3 7132 7274 7205
3 7206 7132 7108
3 7182 7254 7183
3 7231 7255 7153
3 7229 7276 7208
3 7208 7276 7232
3 7230 7257 7209
3 7277 7230 7232
3 7258 7259 7157
3 6909 7278 7014
3 7190 7210 7091
3 7233 7163 7014
3 7092 6910 7236
3 7234 7260 7213
3 7261 7214 7260
3 7216 7240 7279
3 7280 7215 7217
3 7194 7039 7281
3 7281 7039 7242
3 7217 7218 7282
3 7121 7283 7243
3 7285 7219 7196
3 7266 7286 7101
3 7221 7267 7172
3 7075 7141 7266
3 6835 7045 7287
3 7079 6943 7248
3 7249 7271 7200
3 6943 6972 7248
3 7271 7201 7200
3 7178 7201 7272
3 7146 7131 7273
3 7226 7288 7151
3 7206 7274 7132
3 7183 7254 7228
3 7152 7275 7207
3 7153 7255 7206
3 7207 7275 7289
3 7289 7229 7207
3 7290 7258 7156
3 7188 7278 6909
3 7190 7291 7210
3 7292 7234 7259
3 7293 7260 7234
3 7294 7261 7293
3 7261 7260 7293
3 7261 7262 7193
3 7295 7238 7262
3 6831 7096 7296
3 7296 7094 6831
3 7096 7135 7296
3 7135 7194 7297
3 7298 7241 7216
3 7242 7243 7299
3 7282 7218 7284
3 7218 7219 7284
3 7072 7300 7171
3 7245 7244 7301
3 7245 7220 7244
3 7302 7221 7245
3 7286 7246 7101
3 7179 7272 7250
3 7273 7253 7304
3 7130 7203 7306
3 7305 7253 7181
3 7288 7227 7151
3 7227 7275 7152
3 7308 7112 6883
3 7231 7309 7255
3 7256 7231 7184
3 6905 7158 7310
3 7276 7311 7232
3 7311 7277 7232
3 7277 7257 7230
3 7290 7156 7257
3 7312 7313 7277
3 7313 7290 7277
3 7277 7290 7257
3 7292 7258 7290
3 7278 7233 7014
3 7292 7259 7258
3 7115 7033 7315
3 7133 7235 7317
3 7317 7211 7133
3 7293 7234 7292
3 7294 7262 7261
3 7263 7215 7320
3 7240 7321 7279
3 7320 7215 7280
3 7279 7298 7216
3 7239 7072 6939
3 7217 7282 7280
3 7284 7219 7285
3 7244 7018 7265
3 7301 7302 7245
3 6998 6769 7322
3 6769 7222 7322
3 7222 6769 7197
3 6862 7247 7175
3 6835 7287 7223
3 7249 7303 7323
3 7249 7270 7303
3 7202 7250 7325
3 7150 7087 7327
3 7181 7150 7327
3 7226 7228 7288
3 7289 7329 7229
3 7090 7330 7154
3 7255 7307 7206
3 7206 7307 7274
3 7328 7254 7182
3 7331 7254 7328
3 7329 7276 7229
3 7332 7054 7155
3 7054 7332 7256
3 7309 7307 7255
3 7331 7333 7254
3 7311 7312 7277
3 6934 7115 7314
3 7058 7336 7188
3 7313 7337 7290
3 7210 7291 7186
3 7278 7338 7233
3 7211 7339 7190
3 7339 7291 7190
3 7318 7293 7292
3 7341 7294 7293
3 7161 7162 7235
3 7236 6910 7117
3 7342 7262 7294
3 7344 7191 7165
3 7194 7281 7297
3 7265 7264 7241
3 7282 7346 7280
3 7301 7244 7347
3 7348 7285 7196
3 7350 7198 7076
3 7349 7303 7270
3 7323 7352 7249
3 7352 7271 7249
3 7353 7201 7271
3 7272 7201 7353
3 6972 7145 7324
3 7324 7145 7326
3 7354 7202 7325
3 7145 7180 7326
3 7354 7251 7202
3 7273 7304 7355
3 7224 7252 7358
3 7305 7304 7253
3 7181 7327 7305
3 7205 7328 7182
3 7274 7328 7205
3 7331 7328 7274
3 7307 7331 7274
3 7359 7288 7228
3 7359 7275 7288
3 7288 7275 7227
3 7309 7360 7307
3 7228 7254 7333
3 7333 7359 7228
3 7361 7276 7329
3 7256 7362 7231
3 7231 7335 7309
3 7361 7334 7276
3 6883 6905 7308
3 7334 7311 7276
3 7311 7364 7312
3 7158 6934 7314
3 7290 7365 7292
3 7337 7365 7290
3 7365 7318 7292
3 7313 7367 7337
3 7337 7318 7365
3 7316 7339 7211
3 7340 7318 7337
3 7340 7341 7318
3 7341 7293 7318
3 7341 7342 7294
3 7236 7117 7319
3 7319 7117 7237
3 7342 7295 7262
3 7296 7343 7094
3 7238 7345 7240
3 7344 7165 7263
3 7296 7135 7368
3 7345 7321 7240
3 7265 7241 7298
3 7280 7346 7369
3 7369 7346 7370
3 7370 7346 7371
3 7346 7282 7371
3 7370 7371 7284
3 7371 7282 7372
3 7284 7372 7282
3 7374 7347 7373
3 7347 7375 7373
3 7283 7121 7376
3 7347 7244 7375
3 7244 7265 7375
3 7121 7195 7376
3 7347 7302 7301
3 7348 7196 7246
3 7377 7221 7302
3 7349 7221 7377
3 7221 7349 7267
3 7267 7349 7270
3 7099 7350 7076
3 7350 7351 7198
3 7378 7303 7349
3 6941 7198 7351
3 7352 7353 7271
3 7325 7250 7379
3 7355 7304 7380
3 7304 7381 7380
3 7304 7305 7381
3 7327 7087 7354
3 7087 7251 7354
3 7358 7203 7224
3 7146 7273 7356
3 7305 7327 7381
3 7022 7225 7252
3 7307 7382 7331
3 7359 7289 7275
3 7333 7383 7359
3 7362 7335 7231
3 7384 7383 7333
3 6905 7310 7308
3 7363 7384 7333
3 7386 7367 7312
3 7312 7367 7313
3 7387 7278 7188
3 7340 7389 7341
3 7341 7389 7342
3 7343 7063 7094
3 7237 7191 7344
3 7135 7297 7368
3 7320 7280 7369
3 7242 7299 7391
3 7392 7393 7298
3 7393 7265 7298
3 7239 7300 7072
3 7373 7393 7392
3 7372 7284 7371
3 7370 7284 7394
3 7373 7375 7393
3 7393 7375 7265
3 7284 7285 7394
3 7395 7347 7374
3 7300 7396 7171
3 7397 7350 7099
3 7399 7325 7398
3 7325 7379 7398
3 7354 7325 7399
3 7250 7272 7379
3 7380 7400 7355
3 7381 7399 7380
3 7326 7180 7357
3 7273 7355 7356
3 7327 7401 7381
3 7327 7354 7401
3 7358 7306 7203
3 7225 7146 7356
3 7180 7130 7306
3 7402 7252 7225
3 7403 7090 7112
3 7403 7330 7090
3 7360 7382 7307
3 7405 7289 7359
3 7405 7329 7289
3 7404 7155 7154
3 7382 7406 7331
3 7331 7406 7333
3 7407 7332 7155
3 7359 7383 7405
3 7333 7406 7363
3 7408 7311 7334
3 7408 7364 7311
3 7385 7312 7364
3 7385 7386 7312
3 7336 7387 7188
3 7366 7187 7186
3 7366 7186 7291
3 7367 7388 7337
3 7337 7388 7340
3 7388 7410 7340
3 7411 7389 7340
3 7389 7390 7342
3 7390 7295 7342
3 7390 7412 7295
3 7295 7412 7238
3 7412 7345 7238
3 7297 7413 7368
3 7242 7391 7281
3 7320 7369 7370
3 7279 7414 7298
3 7414 7392 7298
3 7415 7374 7373
3 7416 7377 7395
3 7377 7347 7395
3 7195 6998 7376
3 7377 7302 7347
3 7396 7099 7171
3 7417 7141 7077
3 7418 7175 7247
3 7045 7419 7287
3 7045 6941 7419
3 6941 7351 7419
3 7401 7354 7399
3 7355 7400 7422
3 7381 7401 7399
3 7154 7330 7404
3 7404 7407 7155
3 7363 7424 7384
3 7408 7334 7361
3 7384 7425 7383
3 7426 7425 7384
3 7385 7364 7408
3 7428 7367 7386
3 7366 7291 7429
3 7314 7115 7315
3 7317 7316 7211
3 7033 7092 7430
3 7317 7235 7431
3 7410 7411 7340
3 7235 7162 7431
3 7432 7390 7389
3 7411 7433 7389
3 7433 7432 7389
3 7434 7321 7345
3 7413 7297 7435
3 7297 7281 7435
3 7321 7414 7279
3 7438 7392 7414
3 7415 7373 7437
3 7373 7392 7438
3 7439 7370 7394
3 7283 7440 7243
3 7283 7376 7440
3 7374 7441 7395
3 7441 7416 7395
3 7416 7442 7377
3 7444 7077 7269
3 7197 7268 7443
3 7125 7223 7445
3 7247 7079 7446
3 7323 7303 7448
3 7420 7447 7323
3 7447 7352 7323
3 7449 7353 7352
3 7398 7451 7421
3 7398 7453 7451
3 7453 7272 7450
3 7450 7272 7353
3 7452 6972 7324
3 7421 7454 7398
3 7379 7453 7398
3 7454 7456 7399
3 7399 7398 7454
3 7380 7399 7457
3 7400 7380 7457
3 7357 7180 7458
3 7180 7306 7458
3 7358 7252 7402
3 7423 7403 7112
3 7309 7459 7360
3 7360 7459 7382
3 7382 7460 7406
3 7383 7461 7405
3 7405 7461 7329
3 7461 7361 7329
3 7461 7408 7361
3 7462 7309 7335
3 7460 7363 7406
3 7424 7463 7384
3 7425 7461 7383
3 7460 7464 7363
3 7463 7426 7384
3 7425 7409 7461
3 7461 7385 7408
3 7158 7314 7427
3 7465 7385 7409
3 7465 7386 7385
3 7388 7367 7428
3 7466 7410 7388
3 7410 7467 7411
3 7469 7239 7037
3 7434 7345 7412
3 7436 7263 7320
3 7437 7373 7438
3 7299 7243 7471
3 7243 7440 7471
3 7472 7394 7285
3 7376 6998 7473
3 6998 7322 7473
3 7474 7442 7416
3 7442 7349 7377
3 7475 7349 7442
3 7396 7397 7099
3 7378 7349 7475
3 7476 7420 7477
3 7478 7447 7420
3 7478 7420 7476
3 7378 7448 7303
3 7420 7323 7448
3 7079 7248 7446
3 7449 7352 7447
3 7450 7353 7449
3 7451 7453 7450
3 7379 7272 7453
3 7455 7400 7457
3 7399 7456 7457
3 7356 7355 7422
3 7482 7460 7382
3 7363 7464 7424
3 7463 7483 7426
3 7409 7385 7461
3 7484 7425 7426
3 7425 7465 7409
3 7485 7426 7483
3 7465 7428 7386
3 7339 7429 7291
3 7466 7467 7410
3 7486 7433 7411
3 7432 7412 7390
3 7162 7063 7343
3 7487 7412 7432
3 7487 7434 7412
3 7296 7368 7488
3 7344 7263 7489
3 7438 7321 7434
3 7438 7414 7321
3 7470 7438 7490
3 7437 7438 7470
3 7281 7391 7491
3 7493 7320 7370
3 7493 7370 7439
3 7492 7415 7437
3 7439 7394 7472
3 7415 7441 7374
3 7494 7441 7415
3 7348 7472 7285
3 7474 7416 7441
3 7497 7442 7474
3 7448 7378 7475
3 7420 7448 7477
3 7268 7125 7445
3 7445 7223 7287
3 7478 7449 7447
3 7450 7449 7478
3 7451 7450 7478
3 7421 7451 7498
3 7421 7498 7499
3 7499 7454 7421
3 7455 7457 7500
3 7358 7501 7480
3 7402 7225 7356
3 7332 7502 7256
3 7502 7362 7256
3 7459 7482 7382
3 7462 7459 7309
3 7362 7462 7335
3 7464 7504 7424
3 7484 7465 7425
3 7426 7485 7484
3 7505 7388 7428
3 7092 7236 7430
3 7162 7468 7431
3 7163 7469 7037
3 7467 7486 7411
3 7237 7344 7507
3 7343 7296 7488
3 7263 7436 7489
3 7508 7438 7487
3 7487 7438 7434
3 7490 7438 7508
3 7281 7491 7435
3 7493 7436 7320
3 7509 7437 7470
3 7509 7492 7437
3 7391 7299 7510
3 7299 7471 7510
3 7376 7511 7440
3 7494 7513 7441
3 7376 7473 7511
3 7348 7246 7512
3 7286 7495 7246
3 7474 7441 7496
3 7286 7514 7495
3 7266 7514 7286
3 7496 7497 7474
3 7515 7266 7141
3 7516 7497 7496
3 7497 7475 7442
3 7477 7497 7516
3 7448 7475 7497
3 7477 7448 7497
3 7197 7443 7517
3 7518 7269 7175
3 7175 7418 7518
3 7521 7351 7350
3 7451 7478 7522
3 7248 6972 7452
3 7455 7479 7400
3 7500 7457 7456
3 7356 7422 7524
3 7480 7525 7358
3 7525 7306 7358
3 7358 7402 7501
3 7402 7356 7526
3 7527 7423 7112
3 7308 7527 7112
3 7310 7158 7427
3 7460 7528 7464
3 7528 7460 7482
3 7462 7529 7459
3 7187 7336 7058
3 7338 7531 7233
3 7433 7532 7432
3 7532 7487 7432
3 7486 7532 7433
3 7508 7487 7532
3 7507 7344 7534
3 7534 7344 7489
3 7469 7535 7239
3 7490 7509 7470
3 7436 7493 7489
3 7536 7489 7493
3 7494 7415 7492
3 7246 7495 7512
3 7473 7537 7511
3 7513 7496 7441
3 7322 7537 7473
3 7322 7222 7537
3 7222 7538 7537
3 7417 7515 7141
3 7222 7197 7538
3 7516 7519 7477
3 7519 7476 7477
3 7476 7519 7520
3 7520 7478 7476
3 7419 7351 7521
3 7522 7478 7520
3 7498 7451 7522
3 7499 7498 7539
3 7523 7455 7500
3 7456 7454 7500
3 7479 7455 7540
3 7330 7541 7404
3 7407 7502 7332
3 7502 7503 7362
3 7362 7503 7462
3 7504 7463 7424
3 7504 7483 7463
3 7484 7542 7465
3 7542 7428 7465
3 7528 7530 7464
3 7366 7429 7543
3 7316 7506 7339
3 7315 7033 7544
3 7466 7388 7505
3 7545 7317 7431
3 7467 7547 7486
3 7319 7237 7507
3 7343 7546 7162
3 7533 7532 7486
3 7549 7533 7548
3 7550 7532 7533
3 7550 7490 7532
3 7490 7508 7532
3 7239 7535 7300
3 7551 7494 7492
3 7348 7512 7552
3 7552 7472 7348
3 7511 7537 7553
3 7514 7266 7515
3 7516 7496 7554
3 7538 7197 7517
3 7443 7268 7445
3 7418 7247 7446
3 7556 7454 7499
3 7500 7454 7556
3 7559 7540 7455
3 7559 7455 7558
3 7455 7523 7558
3 7422 7400 7479
3 7526 7356 7524
3 7525 7481 7306
3 7501 7402 7526
3 7541 7407 7404
3 7562 7462 7503
3 7529 7482 7459
3 7464 7530 7504
3 7542 7505 7428
3 7530 7564 7504
3 7565 7484 7485
3 7387 7338 7278
3 7339 7543 7429
3 7430 7236 7567
3 7486 7547 7533
3 7548 7533 7547
3 7533 7549 7550
3 7368 7413 7488
3 7549 7568 7550
3 7550 7509 7490
3 7554 7496 7513
3 7515 7572 7514
3 7573 7516 7554
3 7574 7519 7516
3 7575 7522 7520
3 7499 7539 7576
3 7555 7523 7500
3 7500 7556 7555
3 7556 7499 7576
3 7557 7522 7575
3 7522 7557 7498
3 7539 7498 7557
3 7577 7525 7480
3 7480 7501 7577
3 7458 7306 7560
3 7560 7306 7481
3 7308 7310 7578
3 7310 7427 7561
3 7565 7542 7484
3 7483 7579 7485
3 7579 7566 7485
3 7485 7566 7565
3 7314 7315 7582
3 7582 7315 7544
3 7316 7317 7583
3 7583 7317 7545
3 7233 7469 7163
3 7236 7319 7567
3 7584 7467 7466
3 7585 7547 7467
3 7468 7162 7546
3 7546 7343 7488
3 7587 7548 7586
3 7588 7549 7548
3 7488 7413 7569
3 7568 7509 7550
3 7570 7568 7549
3 7589 7509 7568
3 7570 7589 7568
3 7590 7589 7570
3 7589 7492 7509
3 7551 7492 7589
3 7591 7472 7552
3 7471 7440 7593
3 7593 7440 7511
3 7592 7494 7551
3 7511 7553 7571
3 7592 7513 7494
3 7495 7514 7594
3 7573 7574 7516
3 7444 7417 7077
3 7396 7596 7397
3 7520 7519 7574
3 7443 7445 7597
3 7598 7479 7540
3 7324 7326 7599
3 7422 7479 7598
3 7326 7357 7600
3 7330 7602 7541
3 7578 7527 7308
3 7562 7529 7462
3 7603 7529 7562
3 7603 7563 7529
3 7529 7563 7482
3 7604 7528 7482
3 7336 7605 7387
3 7366 7580 7187
3 7564 7606 7504
3 7606 7483 7504
3 7528 7604 7530
3 7606 7579 7483
3 7566 7608 7565
3 7544 7033 7430
3 7609 7610 7566
3 7531 7469 7233
3 7584 7466 7505
3 7431 7468 7612
3 7584 7585 7467
3 7319 7507 7614
3 7586 7548 7584
3 7548 7547 7585
3 7587 7588 7548
3 7435 7569 7413
3 7588 7615 7549
3 7616 7534 7489
3 7615 7570 7549
3 7489 7536 7616
3 7615 7590 7570
3 7589 7590 7617
3 7617 7551 7589
3 7552 7512 7618
3 7594 7512 7495
3 7594 7514 7572
3 7573 7554 7619
3 7537 7620 7553
3 7595 7515 7417
3 7517 7443 7621
3 7443 7622 7621
3 7518 7444 7269
3 7623 7575 7520
3 7555 7576 7624
3 7556 7576 7555
3 7557 7575 7623
3 7625 7523 7555
3 7559 7558 7626
3 7540 7559 7627
3 7628 7598 7540
3 7524 7422 7598
3 7501 7629 7577
3 7357 7458 7600
3 7600 7458 7630
3 7501 7526 7629
3 7458 7560 7630
3 7403 7601 7330
3 7541 7632 7407
3 7632 7633 7407
3 7633 7502 7407
3 7562 7503 7634
3 7636 7482 7563
3 7387 7635 7338
3 7338 7635 7531
3 7604 7607 7530
3 7530 7607 7564
3 7607 7606 7564
3 7566 7610 7608
3 7610 7611 7608
3 7638 7610 7609
3 7613 7587 7586
3 7613 7586 7584
3 7584 7548 7585
3 7641 7536 7493
3 7641 7493 7439
3 7642 7617 7590
3 7439 7472 7591
3 7618 7591 7552
3 7573 7619 7645
3 7592 7554 7513
3 7594 7572 7647
3 7573 7646 7574
3 7647 7572 7515
3 7538 7620 7537
3 7538 7621 7620
3 7538 7517 7621
3 7623 7520 7574
3 7597 7622 7443
3 7597 7648 7622
3 7445 7649 7597
3 7445 7287 7649
3 7576 7650 7624
3 7287 7419 7651
3 7419 7521 7651
3 7576 7539 7650
3 7539 7557 7652
3 7557 7623 7652
3 7558 7523 7625
3 7653 7654 7540
3 7653 7540 7627
3 7628 7540 7654
3 7526 7524 7629
3 7561 7578 7310
3 7634 7503 7502
3 7603 7656 7563
3 7605 7635 7387
3 7657 7636 7563
3 7636 7604 7482
3 7314 7582 7581
3 7565 7637 7542
3 7637 7639 7542
3 7608 7637 7565
3 7639 7505 7542
3 7583 7506 7316
3 7609 7579 7606
3 7579 7609 7566
3 7611 7639 7608
3 7639 7584 7505
3 7610 7659 7611
3 7659 7660 7611
3 7611 7613 7639
3 7431 7612 7545
3 7638 7659 7610
3 7660 7613 7611
3 7639 7613 7584
3 7612 7468 7662
3 7640 7587 7613
3 7546 7662 7468
3 7546 7488 7663
3 7641 7616 7536
3 7643 7551 7617
3 7551 7643 7592
3 7619 7592 7643
3 7619 7554 7592
3 7553 7620 7571
3 7664 7646 7573
3 7623 7574 7646
3 7597 7666 7648
3 7597 7649 7666
3 7650 7539 7652
3 7667 7598 7628
3 7577 7667 7655
3 7629 7667 7577
3 7655 7525 7577
3 7598 7629 7524
3 7481 7631 7560
3 7423 7601 7403
3 7668 7423 7527
3 7601 7602 7330
3 7502 7633 7634
3 7633 7669 7634
3 7669 7603 7634
3 7603 7562 7634
3 7427 7670 7561
3 7656 7657 7563
3 7580 7336 7187
3 7427 7314 7581
3 7506 7671 7339
3 7604 7658 7607
3 7608 7639 7637
3 7606 7607 7638
3 7638 7609 7606
3 7673 7638 7607
3 7673 7661 7638
3 7638 7674 7659
3 7660 7640 7613
3 7661 7674 7638
3 7488 7569 7663
3 7569 7676 7663
3 7569 7435 7678
3 7507 7534 7677
3 7679 7677 7534
3 7680 7615 7588
3 7491 7681 7435
3 7682 7616 7641
3 7641 7439 7683
3 7615 7684 7590
3 7590 7684 7642
3 7642 7643 7617
3 7391 7510 7685
3 7686 7643 7642
3 7593 7511 7687
3 7645 7688 7686
3 7689 7645 7686
3 7645 7619 7688
3 7511 7571 7687
3 7689 7664 7645
3 7645 7664 7573
3 7571 7620 7690
3 7644 7396 7300
3 7595 7647 7515
3 7691 7624 7665
3 7624 7693 7665
3 7624 7650 7693
3 7652 7623 7695
3 7397 7696 7350
3 7624 7625 7555
3 7697 7625 7624
3 7521 7350 7696
3 7418 7446 7698
3 7699 7559 7626
3 7699 7627 7559
3 7452 7324 7599
3 7667 7629 7598
3 7326 7600 7599
3 7630 7560 7701
3 7481 7525 7631
3 7602 7632 7541
3 7670 7427 7702
3 7702 7427 7581
3 7366 7543 7703
3 7636 7658 7604
3 7658 7672 7607
3 7659 7640 7660
3 7567 7319 7704
3 7659 7705 7640
3 7661 7675 7674
3 7678 7676 7569
3 7708 7707 7675
3 7534 7616 7679
3 7708 7709 7707
3 7684 7615 7680
3 7439 7591 7710
3 7686 7642 7684
3 7510 7471 7711
3 7710 7591 7618
3 7686 7688 7643
3 7688 7619 7643
3 7712 7664 7689
3 7712 7713 7664
3 7714 7713 7712
3 7444 7595 7417
3 7620 7621 7717
3 7695 7623 7646
3 7621 7622 7694
3 7650 7652 7693
3 7649 7718 7666
3 7719 7625 7697
3 7287 7651 7649
3 7649 7651 7720
3 7655 7667 7721
3 7700 7525 7655
3 7701 7723 7722
3 7701 7724 7723
3 7600 7630 7701
3 7560 7724 7701
3 7560 7631 7724
3 7725 7602 7601
3 7578 7561 7726
3 7727 7632 7602
3 7669 7728 7603
3 7728 7656 7603
3 7672 7673 7607
3 7662 7546 7663
3 7674 7729 7659
3 7729 7705 7659
3 7705 7587 7640
3 7673 7675 7661
3 7614 7507 7706
3 7674 7675 7729
3 7675 7707 7729
3 7706 7507 7677
3 7730 7708 7675
3 7705 7680 7587
3 7680 7588 7587
3 7707 7709 7729
3 7678 7435 7681
3 7679 7616 7731
3 7731 7616 7682
3 7682 7641 7732
3 7641 7683 7732
3 7491 7391 7685
3 7735 7300 7535
3 7685 7510 7711
3 7737 7686 7736
3 7471 7593 7711
3 7593 7687 7738
3 7737 7689 7686
3 7712 7689 7739
3 7713 7646 7664
3 7741 7691 7742
3 7743 7594 7647
3 7713 7714 7695
3 7713 7695 7646
3 7716 7691 7741
3 7691 7665 7745
3 7665 7714 7745
3 7693 7714 7665
3 7693 7695 7714
3 7717 7621 7694
3 7697 7624 7691
3 7693 7652 7695
3 7746 7518 7418
3 7596 7696 7397
3 7698 7446 7747
3 7747 7446 7248
3 7626 7558 7625
3 7721 7628 7654
3 7667 7628 7721
3 7655 7721 7700
3 7724 7748 7723
3 7724 7631 7748
3 7525 7700 7748
3 7631 7525 7748
3 7668 7601 7423
3 7749 7668 7527
3 7727 7602 7725
3 7727 7633 7632
3 7703 7580 7366
3 7751 7636 7657
3 7671 7543 7339
3 7545 7612 7752
3 7729 7753 7705
3 7708 7730 7754
3 7708 7755 7709
3 7734 7757 7733
3 7758 7734 7733
3 7736 7759 7734
3 7760 7683 7710
3 7683 7439 7710
3 7736 7686 7759
3 7300 7735 7644
3 7760 7710 7618
3 7686 7684 7759
3 7711 7593 7738
3 7737 7739 7689
3 7741 7742 7761
3 7712 7739 7744
3 7742 7691 7745
3 7714 7712 7744
3 7715 7647 7595
3 7714 7744 7745
3 7620 7717 7690
3 7644 7692 7396
3 7716 7697 7691
3 7396 7692 7596
3 7718 7649 7720
3 7763 7627 7699
3 7248 7452 7747
3 7600 7701 7764
3 7765 7727 7725
3 7633 7766 7669
3 7580 7767 7336
3 7635 7750 7531
3 7751 7658 7636
3 7544 7430 7768
3 7750 7469 7531
3 7612 7662 7752
3 7770 7675 7673
3 7771 7755 7708
3 7709 7756 7729
3 7756 7753 7729
3 7755 7756 7709
3 7772 7680 7705
3 7773 7756 7755
3 7773 7733 7756
3 7682 7732 7731
3 7756 7733 7757
3 7772 7684 7680
3 7773 7758 7733
3 7759 7684 7772
3 7758 7774 7734
3 7734 7776 7736
3 7775 7777 7758
3 7618 7512 7760
3 7776 7737 7736
3 7512 7594 7778
3 7742 7779 7761
3 7742 7745 7779
3 7743 7647 7715
3 7717 7694 7780
3 7781 7444 7518
3 7746 7762 7518
3 7418 7698 7746
3 7666 7718 7782
3 7783 7653 7627
3 7452 7599 7784
3 7785 7748 7700
3 7785 7700 7721
3 7764 7701 7786
3 7701 7722 7786
3 7787 7668 7749
3 7668 7788 7601
3 7788 7725 7601
3 7788 7765 7725
3 7766 7789 7669
3 7789 7728 7669
3 7671 7791 7543
3 7658 7792 7672
3 7752 7662 7794
3 7794 7662 7663
3 7793 7535 7469
3 7730 7675 7770
3 7706 7677 7795
3 7754 7771 7708
3 7753 7772 7705
3 7773 7755 7771
3 7756 7757 7753
3 7757 7772 7753
3 7757 7759 7772
3 7734 7759 7757
3 7773 7775 7758
3 7774 7776 7734
3 7774 7758 7777
3 7777 7796 7774
3 7797 7737 7776
3 7797 7739 7737
3 7761 7779 7777
3 7777 7779 7796
3 7571 7740 7798
3 7800 7741 7799
3 7741 7761 7799
3 7797 7744 7739
3 7571 7690 7740
3 7779 7745 7797
3 7745 7744 7797
3 7716 7741 7801
3 7622 7648 7802
3 7718 7720 7803
3 7654 7653 7721
3 7723 7748 7805
3 7805 7748 7806
3 7578 7749 7527
3 7807 7788 7668
3 7726 7561 7808
3 7561 7670 7808
3 7809 7657 7656
3 7336 7767 7605
3 7543 7791 7703
3 7751 7792 7658
3 7583 7545 7752
3 7750 7793 7469
3 7769 7567 7704
3 7704 7319 7811
3 7319 7614 7811
3 7663 7676 7810
3 7793 7735 7535
3 7676 7678 7812
3 7813 7754 7730
3 7706 7795 7814
3 7816 7731 7732
3 7683 7760 7732
3 7760 7512 7817
3 7796 7776 7774
3 7738 7687 7818
3 7796 7797 7776
3 7799 7761 7777
3 7571 7798 7687
3 7779 7797 7796
3 7820 7595 7444
3 7821 7697 7716
3 7822 7697 7821
3 7694 7622 7823
3 7692 7696 7596
3 7521 7696 7824
3 7825 7626 7625
3 7783 7804 7653
3 7721 7653 7804
3 7785 7721 7826
3 7787 7807 7668
3 7765 7827 7727
3 7828 7633 7727
3 7829 7766 7633
3 7728 7809 7656
3 7703 7790 7580
3 7703 7791 7830
3 7833 7582 7544
3 7583 7752 7834
3 7430 7567 7769
3 7794 7835 7752
3 7663 7810 7836
3 7663 7836 7794
3 7676 7812 7810
3 7770 7813 7730
3 7754 7815 7771
3 7837 7773 7771
3 7491 7685 7838
3 7732 7760 7816
3 7778 7594 7819
3 7800 7801 7741
3 7819 7594 7743
3 7839 7743 7715
3 7762 7781 7518
3 7823 7622 7802
3 7822 7719 7697
3 7648 7840 7802
3 7648 7666 7840
3 7718 7803 7782
3 7825 7625 7719
3 7699 7825 7843
3 7698 7747 7842
3 7699 7626 7825
3 7783 7627 7763
3 7806 7748 7785
3 7807 7846 7788
3 7828 7829 7633
3 7848 7849 7657
3 7847 7750 7635
3 7581 7582 7831
3 7831 7582 7833
3 7583 7671 7506
3 7832 7792 7751
3 7752 7835 7834
3 7672 7770 7673
3 7614 7706 7811
3 7811 7706 7814
3 7850 7812 7678
3 7795 7677 7851
3 7677 7679 7851
3 7815 7754 7852
3 7850 7678 7681
3 7815 7837 7771
3 7853 7773 7837
3 7685 7711 7838
3 7773 7853 7775
3 7799 7777 7775
3 7512 7778 7817
3 7818 7687 7854
3 7839 7819 7743
3 7820 7715 7595
3 7801 7855 7716
3 7716 7855 7821
3 7780 7694 7823
3 7521 7824 7856
3 7696 7841 7824
3 7843 7763 7699
3 7857 7784 7599
3 7844 7764 7786
3 7600 7764 7844
3 7578 7726 7858
3 7788 7827 7765
3 7827 7828 7727
3 7848 7657 7809
3 7605 7859 7635
3 7635 7859 7847
3 7790 7767 7580
3 7581 7831 7702
3 7849 7751 7657
3 7860 7832 7751
3 7583 7834 7671
3 7833 7544 7768
3 7836 7835 7794
3 7813 7861 7754
3 7861 7852 7754
3 7681 7491 7838
3 7816 7760 7862
3 7711 7738 7863
3 7800 7799 7864
3 7687 7798 7854
3 7865 7644 7735
3 7690 7717 7866
3 7717 7780 7866
3 7867 7696 7692
3 7825 7719 7822
3 7747 7452 7869
3 7452 7784 7869
3 7721 7804 7826
3 7722 7723 7870
3 7723 7845 7870
3 7858 7749 7578
3 7789 7871 7728
3 7871 7809 7728
3 7847 7872 7750
3 7849 7860 7751
3 7874 7672 7792
3 7768 7430 7769
3 7875 7813 7770
3 7877 7853 7837
3 7862 7760 7878
3 7863 7738 7879
3 7878 7760 7817
3 7738 7818 7879
3 7853 7799 7775
3 7868 7825 7822
3 7521 7856 7651
3 7880 7844 7786
3 7600 7844 7881
3 7703 7882 7790
3 7830 7791 7883
3 7873 7791 7671
3 7671 7834 7873
3 7793 7750 7884
3 7885 7672 7874
3 7885 7770 7672
3 7875 7770 7885
3 7875 7861 7813
3 7810 7812 7887
3 7887 7812 7888
3 7850 7888 7812
3 7851 7814 7795
3 7876 7837 7815
3 7800 7864 7890
3 7890 7801 7800
3 7839 7715 7891
3 7715 7820 7891
3 7690 7866 7892
3 7865 7692 7644
3 7893 7820 7444
3 7823 7894 7780
3 7895 7822 7821
3 7692 7896 7867
3 7843 7825 7868
3 7843 7868 7897
3 7666 7782 7840
3 7803 7720 7898
3 7841 7696 7867
3 7899 7763 7843
3 7599 7600 7857
3 7857 7600 7881
3 7786 7722 7870
3 7845 7723 7805
3 7900 7788 7846
3 7726 7808 7858
3 7900 7846 7807
3 7829 7901 7766
3 7902 7605 7767
3 7903 7882 7703
3 7830 7903 7703
3 7830 7883 7903
3 7873 7883 7791
3 7872 7884 7750
3 7904 7873 7834
3 7860 7905 7832
3 7835 7904 7834
3 7836 7906 7835
3 7836 7810 7886
3 7810 7887 7886
3 7793 7889 7735
3 7814 7851 7907
3 7851 7679 7907
3 7852 7876 7815
3 7679 7731 7816
3 7877 7837 7876
3 7711 7863 7838
3 7908 7778 7819
3 7908 7819 7839
3 7740 7690 7892
3 7821 7855 7895
3 7865 7896 7692
3 7895 7868 7822
3 7897 7868 7895
3 7782 7803 7898
3 7804 7783 7911
3 7805 7806 7913
3 7880 7786 7870
3 7805 7913 7845
3 7914 7787 7749
3 7787 7915 7807
3 7916 7827 7788
3 7808 7670 7917
3 7917 7670 7702
3 7901 7789 7766
3 7882 7767 7790
3 7905 7918 7832
3 7918 7792 7832
3 7918 7874 7792
3 7768 7769 7919
3 7811 7814 7907
3 7907 7679 7920
3 7920 7679 7816
3 7921 7816 7862
3 7878 7922 7862
3 7817 7778 7908
3 7839 7891 7908
3 7781 7893 7444
3 7895 7855 7909
3 7823 7802 7894
3 7746 7698 7910
3 7802 7840 7925
3 7910 7698 7842
3 7899 7843 7897
3 7912 7806 7785
3 7784 7857 7869
3 7900 7807 7915
3 7871 7789 7901
3 7926 7809 7871
3 7902 7859 7605
3 7906 7904 7835
3 7927 7885 7874
3 7927 7874 7918
3 7927 7875 7885
3 7929 7861 7875
3 7930 7811 7907
3 7862 7922 7921
3 7889 7923 7735
3 7931 7799 7853
3 7932 7878 7817
3 7923 7865 7735
3 7798 7740 7933
3 7740 7892 7933
3 7924 7855 7801
3 7894 7802 7925
3 7898 7720 7934
3 7935 7783 7763
3 7912 7785 7826
3 7826 7804 7936
3 7913 7806 7937
3 7880 7870 7938
3 7914 7749 7858
3 7940 7915 7787
3 7900 7916 7788
3 7916 7828 7827
3 7882 7902 7767
3 7883 7943 7903
3 7944 7860 7849
3 7945 7905 7944
3 7944 7905 7860
3 7793 7884 7946
3 7928 7906 7836
3 7836 7886 7928
3 7850 7949 7888
3 7876 7852 7951
3 7952 7877 7876
3 7931 7853 7877
3 7953 7922 7878
3 7932 7953 7878
3 7854 7879 7818
3 7924 7801 7890
3 7954 7855 7924
3 7954 7909 7855
3 7780 7894 7955
3 7746 7956 7762
3 7782 7898 7958
3 7937 7806 7912
3 7880 7938 7844
3 7914 7939 7787
3 7828 7941 7829
3 7829 7941 7901
3 7702 7942 7917
3 7926 7848 7809
3 7961 7849 7848
3 7943 7962 7903
3 7903 7962 7882
3 7702 7831 7963
3 7873 7964 7883
3 7906 7965 7904
3 7833 7768 7919
3 7947 7875 7927
3 7793 7946 7889
3 7947 7929 7875
3 7886 7887 7966
3 7948 7930 7907
3 7850 7950 7949
3 7907 7920 7948
3 7850 7681 7950
3 7951 7952 7876
3 7816 7921 7920
3 7968 7877 7952
3 7863 7969 7838
3 7969 7863 7970
3 7863 7879 7970
3 7799 7931 7864
3 7890 7864 7971
3 7817 7908 7932
3 7893 7973 7820
3 7781 7762 7956
3 7957 7896 7865
3 7975 7976 7895
3 7895 7976 7897
3 7720 7651 7959
3 7651 7856 7959
3 7911 7783 7935
3 7936 7804 7911
3 7912 7826 7936
3 7938 7870 7977
3 7939 7940 7787
3 7902 7960 7859
3 7859 7978 7847
3 7962 7902 7882
3 7979 7872 7847
3 7961 7944 7849
3 7964 7943 7883
3 7980 7964 7873
3 7873 7904 7980
3 7904 7965 7980
3 7704 7811 7983
3 7811 7930 7983
3 7887 7888 7984
3 7681 7967 7950
3 7889 7985 7923
3 7681 7838 7967
3 7891 7972 7908
3 7865 7923 7987
3 7933 7892 7989
3 7988 7891 7820
3 7892 7866 7990
3 7892 7990 7989
3 7973 7988 7820
3 7974 7991 7893
3 7781 7974 7893
3 7991 7973 7893
3 7975 7895 7909
3 7910 7956 7746
3 7957 7993 7896
3 7899 7897 7992
3 7896 7993 7867
3 7841 7867 7994
3 7842 7747 7995
3 7960 7978 7859
3 7978 7979 7847
3 7942 7702 7963
3 7981 7831 7833
3 7999 7905 7945
3 7833 7919 7981
3 7905 8000 7918
3 7918 8000 7927
3 8000 7982 7927
3 7982 7947 7927
3 7929 8001 7861
3 7887 7984 7966
3 8002 7930 7948
3 7984 7888 7949
3 7968 7931 7877
3 7971 7864 7931
3 8003 7890 7971
3 8004 7953 7932
3 7854 7986 7879
3 7932 7908 8004
3 7866 7780 7990
3 7990 7780 7955
3 7910 7842 8006
3 7925 7840 8007
3 7992 7897 7976
3 7840 7782 8007
3 7867 7993 7994
3 7899 7935 7763
3 7869 7857 7996
3 7913 7997 7845
3 7870 7845 7977
3 7916 8009 7828
3 7828 8009 7941
3 7808 7917 8010
3 8011 7901 7941
3 8012 7871 7901
3 7962 8014 7902
3 7979 7998 7872
3 7945 7944 7961
3 7999 8000 7905
3 7983 7930 8016
3 8001 7852 7861
3 7920 7921 7948
3 7951 8017 7952
3 7838 7969 7967
3 8018 7968 7952
3 7921 7922 7953
3 7971 7931 8018
3 8004 7908 7972
3 8003 7924 7890
3 7854 7798 8020
3 7972 7891 7988
3 7988 7973 8021
3 7991 8021 7973
3 7974 8022 7991
3 7955 7894 8005
3 7987 7957 7865
3 8006 7842 7995
3 7720 7959 7934
3 7856 7824 8023
3 7824 7841 8023
3 7841 7994 8023
3 8024 7913 7937
3 7938 8025 7844
3 8026 7914 7858
3 7940 8027 7915
3 8026 7858 7808
3 8027 7900 7915
3 8028 7941 8009
3 8028 8011 7941
3 8011 8029 7901
3 8029 8012 7901
3 8012 7926 7871
3 7926 7961 7848
3 8013 8030 7902
3 8013 7902 8014
3 7964 8015 7943
3 7943 8015 7962
3 8031 7945 7961
3 7872 7998 7884
3 7906 7928 7965
3 7930 8002 8016
3 7852 8032 7951
3 8017 8018 7952
3 8018 7931 7968
3 8019 7953 8004
3 7854 8020 7986
3 7798 7933 8020
3 8022 8021 7991
3 7781 8034 7974
3 8035 7781 7956
3 7894 7925 8005
3 8036 7976 7975
3 8007 7782 7958
3 7936 7911 8038
3 7912 8024 7937
3 7913 8024 7997
3 7845 7997 8039
3 8008 7916 7900
3 8026 7808 8010
3 8027 8008 7900
3 8040 8011 8028
3 7902 8030 7960
3 8041 8031 8012
3 8012 8031 7926
3 8031 7961 7926
3 8015 8014 7962
3 8031 7999 7945
3 7886 8043 7928
3 7704 7983 8045
3 8044 7929 7947
3 7946 7985 7889
3 8016 8002 8046
3 8001 8032 7852
3 7948 7921 8033
3 8017 7951 8032
3 7921 7953 8019
3 7970 7879 8048
3 8019 8004 7972
3 8022 7974 8034
3 7909 7954 8049
3 8035 8034 7781
3 8005 7925 8050
3 7958 7898 8037
3 7898 7934 8037
3 8051 7899 7992
3 8051 7935 7899
3 8052 7869 7996
3 8053 8025 7938
3 8053 7938 7977
3 7996 7857 8054
3 7881 7844 8055
3 8008 8009 7916
3 8029 8011 8040
3 8056 7964 7980
3 7769 7704 8045
3 7949 8047 7984
3 7950 8058 7949
3 7967 8058 7950
3 7967 7969 8058
3 7921 8019 8033
3 8018 8059 7971
3 7971 8059 8060
3 8061 7971 8060
3 8062 7972 7988
3 8063 7956 7910
3 7925 8007 8050
3 7856 8023 8064
3 8065 7995 7747
3 8038 7911 7935
3 8066 8024 7912
3 7912 7936 8038
3 7977 7845 8039
3 7844 8025 8055
3 7940 8067 8027
3 8068 8012 8029
3 7978 8069 7979
3 8068 8041 8012
3 8070 7999 8031
3 7980 7965 8042
3 7983 8016 8045
3 7886 7966 8043
3 8044 8001 7929
3 8072 8002 7948
3 7949 8058 8047
3 7970 8073 7969
3 7879 7986 8048
3 8061 8003 7971
3 8019 8075 8074
3 8019 7972 8075
3 7975 7909 8049
3 8078 7957 7987
3 8037 7934 8079
3 7934 7959 8079
3 8080 8051 7992
3 7856 8064 7959
3 8051 8038 7935
3 7912 8038 8066
3 7747 7869 8065
3 7997 8024 8082
3 8052 7996 8083
3 8054 7857 7881
3 8026 7939 7914
3 7939 8067 7940
3 8027 8084 8008
3 8084 8028 8008
3 8028 8009 8008
3 8084 8040 8028
3 8085 8029 8040
3 8069 7998 7979
3 8068 8086 8041
3 7998 8087 7884
3 7831 7981 7963
3 8042 8056 7980
3 7919 7769 8089
3 8071 7965 7928
3 8057 7928 8043
3 8002 8072 8046
3 8058 7969 8073
3 8060 8090 8061
3 8060 8059 8090
3 8091 8061 8090
3 8091 8003 8061
3 8075 7972 8092
3 7972 8062 8092
3 7988 8076 8062
3 7933 7989 8020
3 8076 7988 8021
3 8093 7954 7924
3 8022 8094 8021
3 8077 8005 8050
3 8050 8007 7958
3 8080 7992 7976
3 8023 8081 8064
3 8066 8095 8024
3 8095 8082 8024
3 8083 7996 8096
3 8054 7881 8055
3 8098 8067 7939
3 8067 8099 8027
3 8014 8100 8013
3 8086 8070 8041
3 8070 8031 8041
3 8101 8014 8015
3 8104 7999 8102
3 8000 8088 7982
3 8045 8016 8106
3 8017 8108 8018
3 8048 8073 7970
3 8033 8019 8074
3 8109 8091 8090
3 7986 8020 8110
3 7990 7955 8005
3 7910 8006 8063
3 8037 8079 8111
3 7957 8112 7993
3 7994 7993 8114
3 8115 8080 7976
3 8113 7959 8064
3 8080 8038 8051
3 8038 8080 8066
3 8116 8095 8066
3 8117 8082 8095
3 7869 8052 8065
3 7997 8082 8118
3 8039 7997 8118
3 7977 8039 8097
3 8026 8098 7939
3 8119 8026 8010
3 8120 8084 8027
3 8084 8085 8040
3 7964 8101 8015
3 8101 8100 8014
3 8070 8102 7999
3 8121 8000 7999
3 7928 8057 8071
3 8106 8016 8046
3 7984 8047 8123
3 8047 8058 8124
3 8107 8017 8032
3 8072 7948 8125
3 7948 8033 8125
3 8108 8059 8018
3 8090 8059 8109
3 8109 8126 8091
3 7986 8110 8048
3 8091 8127 8003
3 8127 7924 8003
3 7923 8128 7987
3 8129 8036 7975
3 7958 8037 8111
3 8079 7959 8113
3 8113 8064 8130
3 7994 8114 8023
3 8053 7977 8097
3 8098 8132 8067
3 8132 8099 8067
3 8133 8119 8010
3 8099 8120 8027
3 8120 8134 8084
3 8010 7917 8133
3 8135 8029 8085
3 8013 8100 8136
3 8069 8137 7998
3 8138 8102 8070
3 7998 8137 8087
3 8056 8101 7964
3 7884 8087 8139
3 7884 8139 7946
3 8103 7981 8140
3 7981 7919 8140
3 8042 7965 8141
3 8071 8141 7965
3 8121 8088 8000
3 8089 7769 8142
3 7769 8045 8142
3 8122 7947 7982
3 8142 8045 8105
3 8122 8044 7947
3 8105 8045 8143
3 7966 7984 8123
3 8146 8046 8072
3 8147 8032 8001
3 8058 8073 8148
3 8074 8075 8149
3 8149 8075 8062
3 8062 8075 8092
3 7989 8151 8020
3 8094 8076 8021
3 8005 8152 7990
3 8049 7954 8093
3 8094 8022 8153
3 8005 8077 8152
3 8034 8153 8022
3 7975 8049 8129
3 8063 8035 7956
3 8077 8050 8155
3 8050 7958 8155
3 8036 8157 7976
3 8079 8113 8111
3 8113 8130 8158
3 8131 8066 8080
3 8131 8116 8066
3 8095 8116 8159
3 8117 8095 8159
3 8118 8082 8117
3 8097 8039 8160
3 8039 8118 8160
3 8096 7996 8054
3 8161 8098 8026
3 8084 8134 8085
3 8135 8068 8029
3 7978 8163 8069
3 8138 8070 8086
3 8165 8101 8056
3 8167 8122 7982
3 8139 7985 7946
3 8139 8144 7985
3 7966 8123 8043
3 8123 8047 8145
3 8144 8168 7985
3 8145 8047 8124
3 8107 8032 8147
3 8072 8125 8146
3 8169 8017 8107
3 8058 8148 8124
3 8169 8108 8017
3 8168 7923 7985
3 8048 8170 8073
3 8059 8171 8109
3 8126 8109 8171
3 8171 8150 8126
3 8150 8091 8126
3 8110 8020 8151
3 8172 8062 8076
3 8127 8093 7924
3 7989 7990 8151
3 7990 8173 8151
3 8154 8153 8034
3 8152 8077 8174
3 8035 8154 8034
3 8129 8049 8175
3 8077 8176 8174
3 8077 8155 8176
3 8078 8112 7957
3 7958 8111 8177
3 7958 8177 8155
3 8113 8158 8111
3 8157 8115 7976
3 8064 8081 8178
3 8023 8179 8081
3 8131 8080 8115
3 8180 8116 8131
3 8025 8181 8055
3 8119 8161 8026
3 8133 7917 8183
3 8163 7978 7960
3 8030 8184 7960
3 8136 8030 8013
3 7942 7963 8162
3 8042 8185 8056
3 8056 8185 8165
3 8186 7963 7981
3 8104 8121 7999
3 8140 7919 8089
3 8088 8167 7982
3 8143 8045 8106
3 8044 8147 8001
3 8033 8074 8149
3 8188 8171 8059
3 8048 8110 8189
3 8168 8128 7923
3 8173 7990 8152
3 7987 8128 8078
3 8190 8036 8129
3 8063 8006 8191
3 8156 8191 8006
3 8006 7995 8156
3 8130 8064 8178
3 7993 8112 8114
3 8159 8116 8180
3 8192 8160 8117
3 8118 8117 8160
3 8193 8053 8192
3 8097 8160 8192
3 8053 8097 8192
3 8181 8025 8194
3 8054 8055 8195
3 8195 8055 8181
3 8161 8132 8098
3 8132 8182 8099
3 8182 8120 8099
3 8120 8196 8134
3 7917 7942 8183
3 8183 7942 8162
3 8197 8163 7960
3 8164 8184 8030
3 8136 8164 8030
3 7981 8103 8186
3 8145 8198 8123
3 8033 8149 8125
3 8073 8170 8148
3 8108 8188 8059
3 8048 8189 8170
3 8188 8150 8171
3 8128 8168 8202
3 8150 8127 8091
3 8175 8049 8093
3 7995 8065 8205
3 8065 8052 8206
3 8206 8052 8083
3 8194 8053 8193
3 8025 8053 8194
3 8181 8194 8207
3 8162 7963 8186
3 8042 8166 8185
3 8088 8121 8167
3 8057 8043 8071
3 8210 8142 8105
3 8123 8211 8043
3 8123 8198 8211
3 8106 8046 8199
3 8107 8147 8212
3 8145 8124 8187
3 8046 8146 8199
3 8124 8200 8187
3 8124 8148 8200
3 8213 8108 8169
3 8214 8188 8108
3 8215 8149 8201
3 8201 8149 8062
3 8152 8216 8173
3 8152 8217 8216
3 8152 8174 8217
3 8174 8176 8218
3 8176 8155 8219
3 8190 8157 8036
3 8111 8158 8220
3 8158 8203 8220
3 8156 7995 8205
3 8158 8130 8204
3 8131 8115 8222
3 8205 8065 8223
3 8224 8117 8159
3 8192 8117 8224
3 8195 8181 8207
3 8096 8054 8208
3 8208 8054 8195
3 8225 8161 8119
3 8226 8196 8120
3 8196 8227 8134
3 7960 8184 8197
3 8068 8228 8086
3 8136 8100 8229
3 8228 8230 8086
3 8042 8141 8166
3 8139 8232 8144
3 8043 8211 8071
3 8209 8122 8167
3 8105 8143 8106
3 8122 8147 8044
3 8198 8145 8187
3 8125 8149 8215
3 8201 8062 8172
3 8151 8189 8110
3 8233 8127 8150
3 8151 8234 8189
3 8151 8173 8234
3 8154 8035 8236
3 8174 8218 8217
3 8176 8219 8218
3 8155 8177 8219
3 8177 8111 8220
3 8158 8204 8203
3 8204 8130 8178
3 8221 8178 8081
3 8023 8114 8179
3 8237 8180 8131
3 8159 8180 8238
3 8206 8223 8065
3 8193 8192 8224
3 8239 8195 8207
3 8240 8120 8182
3 8240 8226 8120
3 8227 8085 8134
3 8135 8228 8068
3 8101 8231 8100
3 8231 8229 8100
3 8230 8138 8086
3 8165 8231 8101
3 8185 8241 8165
3 8071 8242 8141
3 8243 8167 8121
3 8243 8209 8167
3 8198 8244 8211
3 8198 8187 8245
3 8212 8169 8107
3 8214 8108 8213
3 8233 8247 8127
3 8247 8093 8127
3 8173 8216 8234
3 8247 8175 8093
3 8094 8153 8154
3 8235 8129 8247
3 8129 8175 8247
3 8235 8248 8129
3 8078 8128 8250
3 8131 8222 8237
3 8252 8194 8193
3 8193 8224 8252
3 8253 8132 8161
3 8254 8184 8164
3 8069 8255 8137
3 8136 8254 8164
3 8087 8137 8256
3 8241 8231 8165
3 8211 8242 8071
3 8211 8244 8242
3 8210 8105 8258
3 8259 8212 8209
3 8212 8122 8209
3 8212 8147 8122
3 8144 8260 8168
3 8199 8146 8261
3 8260 8246 8168
3 8233 8150 8188
3 8235 8247 8233
3 8094 8172 8076
3 8236 8262 8154
3 8262 8094 8154
3 8249 8236 8035
3 8248 8190 8129
3 8263 8035 8063
3 8264 8063 8191
3 8218 8219 8265
3 8251 8191 8156
3 8266 8115 8157
3 8266 8222 8115
3 8112 8267 8114
3 8207 8194 8269
3 8083 8096 8268
3 8195 8239 8208
3 8163 8270 8069
3 8229 8271 8136
3 8271 8254 8136
3 8272 8138 8230
3 8256 8139 8087
3 8272 8104 8102
3 8185 8166 8141
3 8141 8273 8185
3 8141 8242 8274
3 8243 8121 8257
3 8244 8198 8245
3 8105 8106 8258
3 8258 8106 8199
3 8276 8169 8212
3 8245 8187 8277
3 8276 8213 8169
3 8187 8200 8277
3 8146 8125 8261
3 8200 8148 8277
3 8170 8189 8148
3 8215 8201 8280
3 8168 8246 8202
3 8201 8172 8280
3 8188 8279 8233
3 8262 8280 8172
3 8262 8172 8094
3 8234 8216 8281
3 8217 8218 8282
3 8128 8202 8250
3 8177 8220 8283
3 8179 8114 8284
3 8206 8083 8268
3 8252 8224 8285
3 8208 8239 8286
3 8239 8207 8269
3 8287 8161 8225
3 8287 8253 8161
3 8227 8135 8085
3 8183 8162 8288
3 8254 8197 8184
3 8289 8163 8197
3 8271 8290 8254
3 8231 8271 8229
3 8272 8102 8138
3 8293 8103 8140
3 8274 8242 8295
3 8243 8257 8296
3 8295 8242 8244
3 8296 8209 8243
3 8297 8259 8209
3 8275 8244 8245
3 8259 8276 8212
3 8258 8199 8261
3 8148 8278 8277
3 8148 8189 8278
3 8189 8234 8298
3 8300 8235 8233
3 8236 8301 8262
3 8216 8217 8302
3 8264 8263 8063
3 8265 8219 8303
3 8219 8177 8303
3 8177 8283 8303
3 8251 8156 8304
3 8156 8205 8304
3 8250 8112 8078
3 8114 8267 8284
3 8305 8223 8206
3 8239 8269 8306
3 8096 8208 8268
3 8307 8225 8119
3 8253 8182 8132
3 8307 8119 8133
3 8288 8133 8183
3 8254 8309 8197
3 8290 8309 8254
3 8255 8291 8137
3 8292 8290 8271
3 8231 8310 8271
3 8312 8231 8241
3 8162 8186 8311
3 8185 8273 8241
3 8294 8104 8272
3 8186 8103 8293
3 8294 8121 8104
3 8294 8257 8121
3 8244 8275 8313
3 8314 8276 8259
3 8317 8261 8125
3 8317 8125 8215
3 8214 8318 8188
3 8188 8318 8279
3 8246 8319 8202
3 8280 8320 8215
3 8189 8298 8278
3 8280 8299 8320
3 8234 8281 8298
3 8280 8262 8299
3 8262 8301 8299
3 8281 8216 8321
3 8300 8322 8235
3 8216 8302 8321
3 8248 8235 8322
3 8263 8249 8035
3 8218 8265 8282
3 8190 8266 8157
3 8203 8204 8324
3 8237 8325 8180
3 8221 8081 8326
3 8327 8180 8325
3 8327 8238 8180
3 8224 8159 8328
3 8305 8206 8268
3 8268 8208 8329
3 8330 8227 8196
3 8227 8308 8135
3 8069 8270 8255
3 8331 8309 8290
3 8291 8256 8137
3 8292 8331 8290
3 8241 8332 8312
3 8273 8332 8241
3 8141 8274 8273
3 8089 8142 8333
3 8295 8244 8313
3 8335 8209 8296
3 8297 8209 8335
3 8144 8232 8260
3 8245 8315 8275
3 8210 8258 8334
3 8258 8261 8337
3 8213 8276 8336
3 8316 8319 8246
3 8298 8281 8338
3 8249 8301 8236
3 8217 8282 8302
3 8339 8191 8251
3 8266 8190 8340
3 8250 8341 8112
3 8325 8237 8342
3 8342 8237 8343
3 8237 8222 8343
3 8304 8205 8323
3 8204 8178 8324
3 8323 8205 8223
3 8238 8328 8159
3 8329 8208 8286
3 8133 8288 8307
3 8344 8226 8240
3 8226 8330 8196
3 8289 8270 8163
3 8309 8345 8197
3 8345 8289 8197
3 8308 8228 8135
3 8310 8346 8271
3 8271 8346 8292
3 8292 8346 8331
3 8348 8230 8228
3 8274 8349 8273
3 8350 8257 8294
3 8296 8257 8350
3 8351 8274 8295
3 8142 8210 8334
3 8336 8276 8314
3 8258 8337 8354
3 8316 8246 8260
3 8278 8298 8355
3 8298 8357 8355
3 8356 8215 8320
3 8356 8320 8299
3 8318 8358 8279
3 8300 8233 8358
3 8233 8279 8358
3 8339 8264 8191
3 8359 8251 8304
3 8341 8267 8112
3 8324 8178 8360
3 8178 8221 8360
3 8081 8179 8326
3 8252 8361 8194
3 8305 8268 8362
3 8269 8194 8361
3 8286 8239 8363
3 8344 8365 8226
3 8330 8366 8227
3 8365 8330 8226
3 8288 8162 8347
3 8346 8309 8331
3 8367 8228 8308
3 8348 8228 8367
3 8162 8311 8347
3 8139 8256 8368
3 8369 8272 8230
3 8369 8294 8272
3 8139 8368 8232
3 8370 8296 8350
3 8333 8142 8334
3 8232 8352 8260
3 8297 8314 8259
3 8260 8352 8353
3 8354 8337 8371
3 8371 8337 8261
3 8261 8317 8371
3 8277 8278 8355
3 8373 8319 8316
3 8338 8357 8298
3 8202 8319 8374
3 8281 8321 8338
3 8300 8376 8322
3 8190 8248 8340
3 8265 8303 8377
3 8283 8220 8378
3 8220 8203 8378
3 8378 8203 8324
3 8224 8328 8285
3 8329 8286 8379
3 8239 8306 8363
3 8307 8380 8225
3 8225 8380 8287
3 8253 8364 8182
3 8344 8240 8182
3 8227 8366 8308
3 8381 8270 8289
3 8231 8312 8383
3 8369 8230 8348
3 8370 8294 8369
3 8349 8384 8332
3 8349 8332 8273
3 8370 8350 8294
3 8311 8186 8385
3 8385 8186 8293
3 8349 8274 8351
3 8293 8140 8386
3 8140 8089 8387
3 8351 8295 8388
3 8389 8334 8258
3 8258 8354 8390
3 8277 8372 8245
3 8375 8300 8358
3 8299 8301 8391
3 8375 8376 8300
3 8391 8301 8249
3 8392 8393 8302
3 8302 8282 8392
3 8282 8265 8392
3 8303 8283 8395
3 8266 8343 8222
3 8326 8179 8398
3 8286 8363 8379
3 8329 8379 8401
3 8380 8402 8287
3 8402 8403 8287
3 8287 8403 8253
3 8405 8345 8309
3 8310 8231 8383
3 8256 8382 8368
3 8406 8348 8367
3 8383 8312 8332
3 8407 8370 8369
3 8089 8333 8387
3 8333 8334 8408
3 8297 8409 8314
3 8245 8372 8315
3 8410 8214 8213
3 8317 8215 8356
3 8374 8319 8411
3 8356 8299 8412
3 8412 8299 8391
3 8338 8321 8413
3 8202 8374 8414
3 8321 8302 8393
3 8340 8248 8322
3 8264 8394 8263
3 8377 8303 8415
3 8303 8395 8415
3 8341 8396 8267
3 8267 8396 8397
3 8267 8397 8284
3 8223 8399 8323
3 8223 8305 8399
3 8328 8238 8416
3 8400 8252 8285
3 8400 8361 8252
3 8268 8329 8362
3 8364 8344 8182
3 8365 8417 8330
3 8255 8270 8291
3 8288 8347 8404
3 8291 8382 8256
3 8346 8405 8309
3 8418 8367 8308
3 8406 8367 8418
3 8406 8419 8348
3 8419 8369 8348
3 8370 8335 8296
3 8386 8140 8387
3 8408 8334 8389
3 8315 8420 8275
3 8421 8389 8258
3 8258 8390 8421
3 8390 8354 8426
3 8353 8425 8260
3 8426 8354 8427
3 8354 8371 8427
3 8410 8318 8214
3 8393 8428 8321
3 8202 8414 8429
3 8392 8265 8377
3 8202 8429 8250
3 8430 8266 8340
3 8251 8359 8339
3 8429 8341 8250
3 8378 8324 8360
3 8179 8284 8432
3 8179 8432 8398
3 8433 8305 8362
3 8269 8361 8306
3 8434 8402 8380
3 8307 8288 8435
3 8403 8364 8253
3 8435 8288 8404
3 8417 8366 8330
3 8418 8366 8417
3 8381 8436 8270
3 8366 8418 8308
3 8437 8311 8385
3 8232 8438 8352
3 8313 8275 8440
3 8275 8420 8440
3 8422 8314 8409
3 8422 8424 8314
3 8424 8336 8314
3 8410 8213 8336
3 8425 8316 8260
3 8427 8371 8317
3 8355 8443 8277
3 8373 8444 8319
3 8444 8411 8319
3 8445 8358 8318
3 8413 8321 8428
3 8394 8249 8263
3 8447 8266 8430
3 8446 8448 8342
3 8343 8266 8447
3 8342 8448 8325
3 8327 8325 8448
3 8431 8221 8326
3 8284 8397 8432
3 8433 8362 8449
3 8379 8450 8401
3 8452 8329 8401
3 8363 8306 8451
3 8403 8402 8453
3 8365 8454 8417
3 8454 8418 8417
3 8454 8406 8418
3 8368 8382 8456
3 8407 8457 8370
3 8295 8313 8458
3 8333 8408 8459
3 8352 8438 8441
3 8389 8421 8439
3 8441 8353 8352
3 8315 8423 8420
3 8460 8421 8390
3 8315 8372 8423
3 8427 8317 8442
3 8375 8358 8445
3 8461 8376 8375
3 8462 8340 8322
3 8463 8264 8339
3 8342 8343 8446
3 8283 8465 8464
3 8283 8378 8465
3 8360 8221 8431
3 8467 8238 8327
3 8238 8467 8416
3 8285 8328 8468
3 8450 8379 8451
3 8379 8363 8451
3 8434 8453 8402
3 8403 8469 8364
3 8469 8344 8364
3 8470 8365 8469
3 8469 8365 8344
3 8436 8455 8270
3 8270 8455 8291
3 8437 8347 8311
3 8472 8407 8369
3 8368 8473 8232
3 8474 8349 8351
3 8388 8474 8351
3 8473 8438 8232
3 8295 8458 8388
3 8475 8333 8459
3 8459 8408 8476
3 8476 8408 8389
3 8477 8422 8409
3 8426 8460 8390
3 8426 8427 8442
3 8277 8443 8372
3 8410 8445 8318
3 8356 8442 8317
3 8357 8338 8413
3 8481 8391 8249
3 8462 8322 8376
3 8446 8343 8447
3 8395 8283 8464
3 8359 8304 8482
3 8304 8323 8466
3 8328 8416 8468
3 8483 8361 8400
3 8305 8433 8399
3 8450 8451 8484
3 8362 8329 8452
3 8403 8453 8486
3 8486 8469 8403
3 8485 8435 8404
3 8486 8470 8469
3 8455 8382 8291
3 8471 8404 8347
3 8471 8347 8487
3 8487 8347 8437
3 8472 8369 8419
3 8332 8488 8383
3 8474 8384 8349
3 8385 8293 8386
3 8457 8335 8370
3 8386 8387 8490
3 8387 8333 8475
3 8458 8313 8440
3 8476 8389 8439
3 8438 8492 8441
3 8423 8493 8420
3 8441 8478 8353
3 8425 8353 8478
3 8410 8336 8424
3 8479 8460 8426
3 8442 8479 8426
3 8355 8357 8443
3 8357 8494 8443
3 8480 8375 8445
3 8480 8461 8375
3 8496 8462 8376
3 8463 8394 8264
3 8447 8340 8462
3 8497 8447 8462
3 8447 8430 8340
3 8498 8463 8339
3 8446 8447 8497
3 8498 8339 8359
3 8499 8327 8448
3 8341 8500 8396
3 8466 8323 8399
3 8501 8400 8285
3 8502 8361 8483
3 8451 8502 8484
3 8502 8306 8361
3 8451 8306 8502
3 8435 8380 8307
3 8503 8434 8380
3 8434 8504 8453
3 8485 8404 8471
3 8505 8365 8470
3 8505 8454 8365
3 8289 8345 8506
3 8506 8381 8289
3 8405 8507 8345
3 8508 8405 8346
3 8384 8488 8332
3 8472 8489 8407
3 8388 8510 8474
3 8491 8387 8475
3 8409 8297 8511
3 8420 8493 8440
3 8513 8424 8422
3 8421 8460 8514
3 8514 8460 8479
3 8425 8515 8316
3 8515 8373 8316
3 8373 8515 8517
3 8494 8357 8413
3 8442 8356 8412
3 8412 8391 8481
3 8495 8481 8249
3 8394 8495 8249
3 8496 8518 8462
3 8393 8392 8519
3 8392 8377 8519
3 8395 8464 8520
3 8498 8359 8482
3 8521 8448 8446
3 8341 8429 8500
3 8378 8522 8465
3 8378 8360 8522
3 8396 8500 8397
3 8326 8398 8523
3 8327 8499 8467
3 8501 8285 8468
3 8484 8502 8483
3 8526 8401 8450
3 8362 8452 8449
3 8435 8503 8380
3 8485 8527 8435
3 8310 8508 8346
3 8489 8457 8407
3 8458 8510 8388
3 8530 8475 8459
3 8459 8476 8530
3 8512 8477 8409
3 8422 8477 8513
3 8410 8424 8513
3 8516 8514 8479
3 8516 8479 8531
3 8531 8479 8442
3 8517 8444 8373
3 8531 8442 8412
3 8414 8532 8429
3 8415 8395 8520
3 8466 8482 8304
3 8534 8499 8448
3 8360 8431 8535
3 8466 8399 8524
3 8483 8400 8501
3 8483 8501 8525
3 8450 8484 8537
3 8452 8401 8538
3 8539 8455 8436
3 8455 8540 8382
3 8505 8541 8454
3 8540 8456 8382
3 8541 8406 8454
3 8383 8529 8310
3 8542 8368 8456
3 8368 8542 8473
3 8384 8509 8488
3 8474 8509 8384
3 8544 8297 8335
3 8458 8545 8510
3 8440 8545 8458
3 8530 8476 8439
3 8440 8493 8545
3 8547 8421 8514
3 8548 8513 8477
3 8425 8478 8515
3 8413 8428 8549
3 8550 8374 8411
3 8461 8551 8376
3 8374 8532 8414
3 8551 8496 8376
3 8533 8552 8415
3 8377 8415 8552
3 8497 8462 8518
3 8429 8532 8554
3 8464 8465 8520
3 8429 8554 8500
3 8522 8360 8535
3 8556 8397 8500
3 8432 8397 8536
3 8524 8399 8433
3 8538 8401 8526
3 8450 8537 8526
3 8557 8453 8504
3 8558 8485 8471
3 8381 8528 8436
3 8528 8539 8436
3 8506 8345 8507
3 8541 8419 8406
3 8529 8508 8310
3 8559 8529 8383
3 8543 8437 8385
3 8457 8544 8335
3 8387 8491 8490
3 8544 8511 8297
3 8491 8475 8561
3 8475 8530 8561
3 8530 8439 8547
3 8547 8439 8421
3 8512 8409 8511
3 8546 8478 8441
3 8443 8423 8372
3 8563 8516 8531
3 8565 8445 8410
3 8480 8445 8565
3 8566 8494 8413
3 8567 8411 8444
3 8374 8550 8569
3 8374 8569 8532
3 8568 8481 8495
3 8377 8552 8519
3 8533 8415 8520
3 8553 8570 8446
3 8553 8446 8497
3 8534 8448 8521
3 8535 8431 8555
3 8431 8326 8555
3 8571 8467 8534
3 8467 8499 8534
3 8398 8432 8572
3 8573 8501 8571
3 8501 8468 8571
3 8467 8468 8416
3 8484 8483 8525
3 8574 8435 8527
3 8574 8503 8435
3 8575 8434 8503
3 8576 8470 8486
3 8455 8539 8540
3 8577 8559 8383
3 8383 8488 8577
3 8542 8578 8473
3 8472 8579 8489
3 8579 8560 8489
3 8560 8457 8489
3 8530 8562 8561
3 8562 8530 8547
3 8492 8546 8441
3 8582 8477 8512
3 8477 8582 8548
3 8583 8547 8514
3 8565 8410 8513
3 8443 8584 8423
3 8583 8514 8585
3 8563 8585 8516
3 8585 8514 8516
3 8443 8494 8584
3 8564 8480 8565
3 8564 8461 8480
3 8517 8567 8444
3 8531 8412 8586
3 8568 8412 8481
3 8567 8550 8411
3 8428 8393 8519
3 8587 8495 8394
3 8553 8497 8518
3 8570 8521 8446
3 8465 8522 8589
3 8326 8523 8590
3 8523 8398 8572
3 8536 8397 8591
3 8397 8556 8591
3 8468 8467 8571
3 8484 8525 8592
3 8575 8504 8434
3 8593 8504 8575
3 8595 8528 8381
3 8472 8596 8579
3 8580 8509 8474
3 8560 8544 8457
3 8473 8599 8438
3 8438 8599 8492
3 8600 8512 8511
3 8423 8601 8493
3 8584 8601 8423
3 8602 8548 8582
3 8565 8513 8548
3 8602 8564 8548
3 8564 8565 8548
3 8494 8603 8584
3 8566 8603 8494
3 8413 8549 8566
3 8586 8412 8568
3 8587 8568 8495
3 8604 8394 8463
3 8498 8588 8463
3 8605 8588 8498
3 8465 8589 8520
3 8534 8521 8606
3 8555 8326 8590
3 8571 8534 8606
3 8537 8484 8592
3 8537 8592 8608
3 8576 8505 8470
3 8506 8595 8381
3 8508 8610 8405
3 8487 8437 8543
3 8509 8597 8488
3 8543 8385 8598
3 8510 8580 8474
3 8598 8385 8386
3 8510 8545 8611
3 8492 8599 8581
3 8493 8612 8545
3 8562 8547 8613
3 8614 8602 8582
3 8583 8585 8563
3 8615 8563 8586
3 8586 8563 8531
3 8616 8461 8564
3 8567 8617 8550
3 8394 8604 8587
3 8553 8621 8620
3 8553 8518 8621
3 8533 8520 8619
3 8532 8618 8554
3 8522 8535 8589
3 8500 8554 8556
3 8622 8571 8606
3 8572 8432 8623
3 8432 8536 8623
3 8573 8571 8622
3 8525 8501 8624
3 8524 8433 8607
3 8593 8625 8504
3 8625 8557 8504
3 8527 8485 8558
3 8453 8576 8486
3 8628 8505 8576
3 8609 8595 8506
3 8540 8626 8456
3 8626 8629 8456
3 8506 8507 8609
3 8456 8629 8542
3 8627 8471 8487
3 8529 8610 8508
3 8577 8488 8597
3 8544 8560 8630
3 8631 8511 8544
3 8633 8600 8511
3 8612 8632 8545
3 8546 8492 8634
3 8612 8493 8601
3 8601 8584 8635
3 8615 8583 8563
3 8636 8615 8586
3 8584 8603 8635
3 8616 8564 8602
3 8519 8637 8428
3 8604 8463 8588
3 8605 8498 8482
3 8520 8589 8639
3 8535 8555 8640
3 8555 8590 8641
3 8624 8501 8573
3 8624 8573 8642
3 8557 8594 8453
3 8594 8576 8453
3 8558 8471 8627
3 8539 8626 8540
3 8643 8541 8505
3 8507 8644 8609
3 8559 8645 8529
3 8647 8579 8596
3 8646 8543 8598
3 8648 8560 8579
3 8648 8630 8560
3 8473 8578 8599
3 8631 8544 8630
3 8545 8632 8611
3 8633 8511 8631
3 8492 8581 8634
3 8562 8613 8561
3 8600 8582 8512
3 8547 8583 8613
3 8615 8613 8583
3 8546 8649 8478
3 8601 8635 8650
3 8649 8515 8478
3 8515 8651 8517
3 8616 8551 8461
3 8603 8566 8653
3 8652 8586 8568
3 8428 8637 8549
3 8532 8569 8618
3 8496 8621 8518
3 8654 8604 8588
3 8552 8533 8619
3 8520 8655 8619
3 8657 8482 8466
3 8555 8641 8640
3 8535 8640 8589
3 8523 8658 8590
3 8523 8572 8658
3 8659 8466 8524
3 8642 8573 8660
3 8573 8622 8660
3 8607 8433 8664
3 8526 8537 8663
3 8433 8449 8664
3 8452 8665 8449
3 8665 8452 8538
3 8542 8629 8667
3 8628 8643 8505
3 8405 8644 8507
3 8577 8645 8559
3 8668 8647 8596
3 8669 8509 8580
3 8647 8648 8579
3 8578 8670 8599
3 8491 8561 8613
3 8612 8601 8650
3 8546 8634 8649
3 8613 8615 8671
3 8671 8615 8636
3 8636 8586 8672
3 8635 8603 8673
3 8674 8652 8568
3 8587 8674 8568
3 8550 8675 8569
3 8569 8675 8618
3 8620 8621 8676
3 8588 8605 8638
3 8655 8639 8677
3 8520 8639 8655
3 8605 8482 8657
3 8553 8656 8570
3 8639 8640 8677
3 8589 8640 8639
3 8657 8466 8659
3 8590 8658 8641
3 8554 8678 8556
3 8572 8623 8658
3 8624 8592 8525
3 8524 8607 8661
3 8662 8538 8526
3 8526 8663 8662
3 8680 8503 8574
3 8625 8666 8557
3 8666 8594 8557
3 8595 8681 8528
3 8610 8644 8405
3 8682 8610 8529
3 8541 8683 8419
3 8529 8645 8682
3 8685 8472 8419
3 8542 8684 8578
3 8686 8487 8543
3 8509 8669 8597
3 8688 8647 8668
3 8510 8611 8580
3 8633 8631 8630
3 8612 8689 8632
3 8491 8613 8690
3 8691 8613 8671
3 8649 8651 8515
3 8517 8651 8567
3 8567 8651 8617
3 8652 8693 8586
3 8603 8653 8673
3 8694 8652 8674
3 8566 8637 8653
3 8549 8637 8566
3 8519 8552 8637
3 8619 8655 8695
3 8696 8656 8553
3 8656 8521 8570
3 8658 8697 8641
3 8697 8658 8698
3 8658 8623 8698
3 8623 8679 8698
3 8556 8678 8699
3 8556 8699 8591
3 8659 8524 8700
3 8663 8537 8608
3 8527 8558 8701
3 8702 8701 8558
3 8609 8705 8595
3 8705 8681 8595
3 8609 8644 8705
3 8627 8487 8686
3 8542 8667 8684
3 8683 8685 8419
3 8472 8687 8596
3 8577 8597 8645
3 8706 8686 8543
3 8578 8684 8670
3 8668 8596 8687
3 8706 8543 8646
3 8707 8648 8647
3 8707 8630 8648
3 8598 8386 8490
3 8707 8633 8630
3 8632 8708 8611
3 8599 8670 8709
3 8632 8689 8708
3 8581 8599 8709
3 8581 8709 8710
3 8710 8634 8581
3 8612 8650 8711
3 8690 8613 8712
3 8712 8613 8691
3 8691 8671 8714
3 8671 8715 8714
3 8650 8635 8716
3 8671 8636 8715
3 8715 8636 8672
3 8635 8673 8717
3 8692 8718 8602
3 8718 8616 8602
3 8586 8693 8672
3 8617 8720 8550
3 8587 8604 8674
3 8721 8496 8551
3 8621 8496 8721
3 8552 8619 8695
3 8722 8620 8676
3 8638 8654 8588
3 8618 8723 8678
3 8640 8724 8677
3 8618 8678 8554
3 8640 8641 8724
3 8622 8606 8660
3 8623 8536 8725
3 8524 8661 8700
3 8608 8592 8726
3 8728 8538 8662
3 8664 8449 8665
3 8701 8680 8527
3 8680 8574 8527
3 8680 8575 8503
3 8730 8593 8575
3 8594 8703 8576
3 8702 8558 8627
3 8704 8733 8681
3 8734 8681 8705
3 8734 8704 8681
3 8732 8628 8576
3 8644 8734 8705
3 8682 8735 8610
3 8610 8735 8644
3 8685 8687 8472
3 8736 8686 8706
3 8737 8647 8688
3 8611 8669 8580
3 8737 8707 8647
3 8633 8739 8600
3 8612 8711 8689
3 8711 8650 8713
3 8712 8691 8714
3 8713 8650 8716
3 8714 8715 8719
3 8715 8672 8719
3 8692 8602 8614
3 8635 8717 8716
3 8672 8693 8719
3 8741 8693 8652
3 8741 8652 8694
3 8550 8742 8675
3 8743 8674 8604
3 8620 8696 8553
3 8745 8638 8605
3 8745 8605 8657
3 8655 8677 8744
3 8606 8521 8747
3 8641 8746 8724
3 8641 8697 8746
3 8698 8679 8749
3 8679 8623 8749
3 8749 8623 8725
3 8536 8591 8725
3 8750 8591 8699
3 8607 8664 8727
3 8729 8665 8538
3 8680 8730 8575
3 8731 8626 8539
3 8703 8732 8576
3 8681 8751 8528
3 8643 8683 8541
3 8735 8734 8644
3 8597 8752 8645
3 8646 8598 8754
3 8757 8707 8737
3 8490 8491 8738
3 8491 8690 8738
3 8739 8758 8600
3 8634 8710 8740
3 8759 8614 8582
3 8760 8719 8693
3 8762 8694 8674
3 8743 8762 8674
3 8552 8695 8637
3 8695 8655 8744
3 8764 8657 8659
3 8656 8747 8521
3 8697 8698 8748
3 8698 8749 8748
3 8660 8606 8765
3 8642 8660 8767
3 8725 8591 8750
3 8768 8726 8592
3 8592 8624 8768
3 8663 8608 8769
3 8608 8726 8769
3 8727 8664 8770
3 8729 8538 8728
3 8771 8680 8701
3 8625 8593 8772
3 8730 8772 8593
3 8626 8773 8629
3 8629 8773 8667
3 8681 8733 8751
3 8752 8775 8645
3 8684 8776 8670
3 8753 8752 8597
3 8706 8646 8754
3 8669 8753 8597
3 8611 8753 8669
3 8670 8776 8755
3 8598 8490 8756
3 8670 8755 8709
3 8779 8690 8712
3 8758 8582 8600
3 8712 8714 8781
3 8781 8714 8719
3 8716 8780 8713
3 8784 8761 8692
3 8692 8614 8784
3 8717 8783 8716
3 8760 8693 8741
3 8673 8787 8717
3 8673 8653 8787
3 8550 8720 8742
3 8788 8762 8743
3 8653 8637 8789
3 8695 8789 8637
3 8618 8675 8791
3 8790 8620 8722
3 8790 8696 8620
3 8618 8791 8723
3 8695 8744 8763
3 8745 8657 8764
3 8764 8659 8792
3 8677 8724 8744
3 8746 8697 8793
3 8697 8748 8793
3 8765 8606 8747
3 8794 8659 8700
3 8678 8766 8699
3 8642 8767 8795
3 8749 8725 8797
3 8795 8768 8624
3 8795 8624 8642
3 8727 8700 8661
3 8727 8661 8607
3 8664 8665 8770
3 8799 8666 8625
3 8799 8800 8666
3 8625 8772 8799
3 8666 8800 8594
3 8731 8773 8626
3 8751 8539 8528
3 8773 8801 8667
3 8667 8801 8684
3 8774 8704 8734
3 8802 8628 8732
3 8645 8775 8682
3 8668 8687 8804
3 8805 8688 8804
3 8804 8688 8668
3 8611 8708 8753
3 8777 8757 8737
3 8689 8778 8708
3 8707 8739 8633
3 8739 8707 8757
3 8756 8490 8738
3 8806 8778 8689
3 8711 8806 8689
3 8711 8807 8806
3 8713 8807 8711
3 8713 8780 8807
3 8712 8781 8779
3 8782 8649 8634
3 8716 8783 8780
3 8649 8782 8651
3 8785 8718 8692
3 8760 8741 8786
3 8651 8808 8617
3 8617 8808 8720
3 8718 8551 8616
3 8786 8694 8762
3 8786 8741 8694
3 8788 8743 8809
3 8653 8789 8787
3 8810 8621 8721
3 8654 8743 8604
3 8723 8791 8812
3 8814 8656 8696
3 8744 8724 8815
3 8792 8659 8794
3 8678 8723 8766
3 8723 8812 8766
3 8816 8749 8796
3 8817 8700 8727
3 8769 8726 8768
3 8662 8663 8798
3 8819 8728 8662
3 8663 8769 8798
3 8820 8771 8701
3 8680 8821 8730
3 8702 8820 8701
3 8772 8822 8799
3 8800 8703 8594
3 8702 8627 8823
3 8539 8751 8731
3 8823 8627 8686
3 8802 8732 8703
3 8824 8774 8734
3 8684 8801 8776
3 8802 8825 8628
3 8826 8685 8683
3 8682 8775 8735
3 8685 8804 8687
3 8736 8803 8686
3 8827 8736 8706
3 8753 8828 8752
3 8827 8706 8754
3 8829 8688 8805
3 8829 8737 8688
3 8737 8830 8777
3 8709 8755 8710
3 8738 8690 8831
3 8779 8781 8832
3 8758 8759 8582
3 8832 8781 8719
3 8784 8614 8759
3 8761 8785 8692
3 8833 8718 8785
3 8787 8783 8717
3 8718 8721 8551
3 8834 8742 8720
3 8811 8722 8676
3 8810 8676 8621
3 8789 8695 8835
3 8811 8790 8722
3 8695 8763 8835
3 8837 8638 8745
3 8744 8813 8763
3 8744 8815 8813
3 8724 8746 8815
3 8838 8746 8793
3 8748 8749 8816
3 8796 8749 8797
3 8817 8794 8700
3 8798 8769 8839
3 8818 8662 8798
3 8819 8662 8818
3 8727 8770 8840
3 8770 8665 8841
3 8665 8729 8841
3 8842 8821 8680
3 8821 8772 8730
3 8822 8843 8800
3 8822 8800 8799
3 8843 8703 8800
3 8751 8733 8844
3 8843 8802 8703
3 8774 8845 8704
3 8704 8845 8733
3 8735 8824 8734
3 8826 8643 8628
3 8643 8826 8683
3 8825 8826 8628
3 8752 8828 8775
3 8753 8846 8828
3 8830 8737 8829
3 8754 8598 8756
3 8754 8756 8847
3 8831 8690 8849
3 8849 8690 8779
3 8634 8740 8782
3 8850 8761 8784
3 8782 8851 8651
3 8760 8786 8852
3 8853 8852 8788
3 8852 8762 8788
3 8654 8855 8743
3 8675 8742 8791
3 8638 8836 8654
3 8837 8745 8764
3 8814 8696 8790
3 8814 8747 8656
3 8857 8768 8795
3 8795 8767 8858
3 8767 8660 8765
3 8699 8766 8859
3 8769 8768 8839
3 8839 8768 8857
3 8750 8699 8859
3 8729 8728 8819
3 8861 8820 8702
3 8861 8702 8823
3 8731 8864 8773
3 8863 8822 8772
3 8801 8865 8776
3 8868 8685 8826
3 8868 8804 8685
3 8867 8735 8775
3 8776 8865 8869
3 8828 8870 8775
3 8776 8872 8755
3 8827 8754 8871
3 8846 8753 8873
3 8753 8708 8873
3 8755 8872 8874
3 8708 8778 8873
3 8848 8757 8777
3 8740 8710 8876
3 8807 8780 8877
3 8849 8779 8832
3 8832 8719 8760
3 8851 8808 8651
3 8879 8785 8761
3 8786 8762 8852
3 8787 8854 8783
3 8788 8809 8853
3 8787 8789 8880
3 8855 8809 8743
3 8742 8882 8883
3 8742 8883 8791
3 8813 8815 8884
3 8766 8812 8856
3 8857 8795 8885
3 8795 8858 8885
3 8856 8886 8766
3 8797 8725 8887
3 8766 8886 8859
3 8750 8859 8888
3 8818 8798 8890
3 8798 8839 8891
3 8817 8727 8889
3 8727 8840 8889
3 8892 8729 8819
3 8892 8841 8729
3 8860 8771 8820
3 8771 8842 8680
3 8821 8862 8772
3 8862 8863 8772
3 8844 8731 8751
3 8893 8801 8773
3 8845 8844 8733
3 8823 8686 8894
3 8843 8866 8802
3 8803 8894 8686
3 8866 8825 8802
3 8825 8868 8826
3 8870 8867 8775
3 8805 8804 8868
3 8776 8869 8872
3 8830 8848 8777
3 8755 8874 8710
3 8877 8780 8878
3 8780 8783 8878
3 8761 8897 8879
3 8853 8896 8852
3 8783 8854 8878
3 8898 8718 8833
3 8879 8833 8785
3 8810 8721 8898
3 8898 8721 8718
3 8787 8880 8854
3 8853 8809 8855
3 8901 8855 8654
3 8881 8811 8899
3 8811 8676 8899
3 8899 8676 8810
3 8789 8835 8900
3 8836 8638 8837
3 8763 8902 8835
3 8763 8813 8902
3 8903 8837 8764
3 8904 8903 8792
3 8903 8764 8792
3 8746 8838 8905
3 8885 8906 8857
3 8906 8907 8857
3 8793 8748 8816
3 8908 8794 8817
3 8839 8857 8909
3 8909 8857 8907
3 8908 8817 8910
3 8910 8817 8889
3 8891 8839 8909
3 8840 8770 8841
3 8861 8860 8820
3 8864 8893 8773
3 8863 8911 8822
3 8911 8843 8822
3 8774 8912 8845
3 8866 8914 8825
3 8824 8735 8915
3 8914 8895 8825
3 8735 8867 8915
3 8825 8805 8868
3 8828 8846 8870
3 8778 8916 8873
3 8806 8916 8778
3 8710 8874 8875
3 8875 8876 8710
3 8917 8759 8758
3 8917 8784 8759
3 8849 8832 8760
3 8896 8760 8852
3 8720 8808 8834
3 8879 8898 8833
3 8918 8898 8879
3 8881 8899 8918
3 8880 8789 8900
3 8920 8790 8811
3 8815 8746 8905
3 8815 8905 8884
3 8765 8747 8814
3 8725 8750 8922
3 8890 8798 8891
3 8892 8819 8923
3 8821 8924 8862
3 8925 8861 8823
3 8823 8894 8925
3 8893 8926 8801
3 8801 8926 8865
3 8926 8928 8865
3 8912 8929 8845
3 8845 8930 8844
3 8911 8866 8843
3 8912 8774 8824
3 8929 8931 8845
3 8913 8912 8824
3 8928 8869 8865
3 8736 8827 8933
3 8872 8935 8874
3 8830 8936 8848
3 8847 8756 8937
3 8756 8738 8937
3 8876 8875 8938
3 8939 8831 8849
3 8940 8939 8849
3 8850 8784 8917
3 8940 8849 8760
3 8808 8851 8943
3 8944 8896 8853
3 8944 8853 8855
3 8881 8918 8945
3 8918 8899 8898
3 8899 8810 8898
3 8919 8811 8881
3 8836 8901 8654
3 8835 8902 8900
3 8883 8946 8791
3 8791 8946 8812
3 8812 8946 8949
3 8904 8792 8950
3 8812 8949 8856
3 8905 8838 8951
3 8792 8794 8950
3 8856 8949 8952
3 8765 8921 8767
3 8838 8793 8953
3 8858 8767 8921
3 8793 8816 8953
3 8856 8952 8886
3 8859 8886 8954
3 8725 8922 8887
3 8956 8818 8890
3 8819 8818 8923
3 8841 8892 8957
3 8958 8860 8861
3 8959 8771 8860
3 8961 8862 8924
3 8962 8863 8862
3 8863 8963 8911
3 8930 8927 8844
3 8844 8964 8731
3 8913 8824 8915
3 8894 8803 8932
3 8895 8965 8825
3 8965 8805 8825
3 8870 8966 8867
3 8965 8829 8805
3 8870 8967 8966
3 8932 8803 8933
3 8933 8803 8736
3 8870 8846 8967
3 8869 8968 8872
3 8846 8970 8967
3 8846 8873 8970
3 8871 8754 8847
3 8873 8916 8934
3 8874 8935 8972
3 8874 8972 8875
3 8973 8739 8757
3 8973 8758 8739
3 8807 8877 8806
3 8939 8738 8831
3 8975 8850 8917
3 8740 8941 8782
3 8850 8942 8761
3 8897 8761 8942
3 8808 8943 8834
3 8897 8918 8879
3 8918 8976 8945
3 8945 8919 8881
3 8834 8882 8742
3 8920 8811 8919
3 8948 8947 8837
3 8903 8948 8837
3 8904 8977 8903
3 8813 8884 8902
3 8920 8814 8790
3 8921 8765 8814
3 8950 8908 8978
3 8794 8908 8950
3 8796 8797 8979
3 8891 8909 8955
3 8923 8818 8956
3 8840 8841 8981
3 8958 8959 8860
3 8982 8861 8925
3 8731 8964 8960
3 8961 8962 8862
3 8928 8968 8869
3 8983 8895 8914
3 8872 8968 8984
3 8933 8827 8971
3 8827 8871 8971
3 8830 8829 8969
3 8873 8985 8970
3 8934 8985 8873
3 8973 8757 8848
3 8806 8987 8916
3 8974 8738 8939
3 8942 8850 8975
3 8782 8941 8851
3 8940 8760 8896
3 8880 8988 8854
3 8918 8897 8976
3 8880 8900 8989
3 8883 8991 8946
3 8902 8884 8992
3 8816 8796 8979
3 8955 8909 8907
3 8750 8980 8922
3 8886 8994 8954
3 8750 8888 8980
3 8980 8888 8995
3 8859 8996 8888
3 8859 8954 8996
3 8908 8910 8978
3 8997 8956 8890
3 8910 8889 8998
3 8889 8999 8998
3 8981 8841 8957
3 8982 8958 8861
3 9000 8982 8925
3 8842 8924 8821
3 8960 8864 8731
3 8893 9001 8926
3 9001 9002 8926
3 8925 8894 9003
3 8844 8927 8964
3 8928 8926 9004
3 9005 8929 8912
3 8931 8930 8845
3 9003 8894 8932
3 8913 9005 8912
3 8911 8914 8866
3 8915 9006 8913
3 8983 9007 8895
3 9007 8965 8895
3 9008 8932 8933
3 8936 8830 8969
3 8935 8872 8984
3 8871 8847 9009
3 8936 8986 8848
3 8916 8987 8934
3 8986 8973 8848
3 8806 8877 8987
3 8738 8974 8937
3 8973 8917 8758
3 8876 9010 8740
3 8740 9010 8941
3 8974 8939 9012
3 8877 8878 9011
3 9012 8939 8940
3 9013 8940 8896
3 8988 9014 8854
3 8989 8988 8880
3 8834 8990 8882
3 9015 8855 8901
3 8882 8991 8883
3 8901 8836 8947
3 8947 8836 8837
3 8992 9016 8902
3 8949 8946 9017
3 8977 8948 8903
3 8920 8921 8814
3 8838 8953 8951
3 8949 9020 8952
3 8797 8887 8979
3 8993 8907 8906
3 8907 8993 8955
3 8886 8952 8994
3 8890 8891 8997
3 8978 8910 8998
3 8923 8956 9022
3 8999 8889 8840
3 8892 8923 9023
3 8959 9024 8771
3 9024 8842 8771
3 9025 8893 8864
3 9025 9001 8893
3 8962 8963 8863
3 8928 9004 9026
3 9006 9005 8913
3 9026 8968 8928
3 9027 8983 8914
3 8965 8969 8829
3 8984 9028 8935
3 8871 9009 8971
3 8934 9029 8985
3 8875 8972 8938
3 8975 8917 8973
3 9013 9012 8940
3 9030 9013 8896
3 8854 9014 8878
3 9031 8896 8944
3 8900 9032 8989
3 9035 8919 8945
3 8882 9034 8991
3 8900 8902 9032
3 9036 8920 8919
3 8946 8991 9017
3 8949 9017 9037
3 9038 8904 8950
3 8905 8951 9018
3 9038 8950 9021
3 8949 9037 9020
3 9019 8858 9039
3 8885 8858 9019
3 9019 8906 8885
3 9039 8858 8921
3 9040 9021 8950
3 8953 8816 9041
3 8816 8979 9041
3 9040 8950 8978
3 8952 9020 8994
3 8922 8980 9042
3 8994 9043 8954
3 9040 8978 9044
3 9044 8978 8998
3 8957 8892 9045
3 8923 9022 9023
3 8840 8981 9046
3 9047 8958 8982
3 9048 8925 9003
3 9002 9004 8926
3 9048 9003 9049
3 8930 8931 9050
3 9049 9003 8932
3 8915 9052 9006
3 8968 9026 9051
3 8915 8867 9052
3 8867 8966 9052
3 9053 9049 9054
3 9049 8932 9054
3 9054 8932 9008
3 9055 8966 8967
3 8968 9051 9057
3 9051 9056 9057
3 8968 9057 8984
3 8984 9057 9028
3 8935 9028 8972
3 8936 9058 8986
3 8934 8987 9029
3 9059 8847 8937
3 8986 8975 8973
3 9060 8937 9061
3 8937 8974 9061
3 9061 8974 9013
3 9061 9013 9062
3 8974 9012 9013
3 8975 9063 8942
3 8941 9064 8851
3 9014 9011 8878
3 8851 9064 8943
3 9030 8896 9031
3 8988 9065 9014
3 8834 8943 8990
3 9031 8944 8855
3 9031 8855 9015
3 8945 8976 9066
3 9033 9035 8945
3 8902 9016 9032
3 9067 8901 8947
3 9068 9017 8991
3 9069 8977 8904
3 9037 9017 9070
3 9069 8904 9038
3 9038 9021 9071
3 9037 9072 9073
3 9020 9037 9073
3 9074 9071 9021
3 9074 9021 9040
3 8994 9020 9077
3 9074 9040 9078
3 9075 8922 9042
3 8980 8995 9076
3 9078 9040 9044
3 9079 9044 8998
3 8892 9023 9045
3 9000 9047 8982
3 9082 9000 9048
3 9048 9000 8925
3 9001 9083 9002
3 9002 9084 9004
3 9004 9084 9026
3 9084 9085 9026
3 9048 9049 9086
3 9088 8927 8930
3 9026 9085 9051
3 9085 9086 9090
3 9027 8914 8911
3 9052 9091 9006
3 9051 9085 9090
3 9090 9086 9053
3 9053 9086 9049
3 9055 9092 8966
3 9051 9090 9056
3 9054 9008 9093
3 8970 9055 8967
3 9093 9008 9094
3 9008 8933 9094
3 9094 8933 8971
3 9059 8937 9095
3 9058 8975 8986
3 8987 9096 9029
3 9095 8937 9060
3 8876 8938 9010
3 8877 9011 8987
3 9062 9097 9061
3 9013 9030 9062
3 9065 8988 8989
3 9098 9031 9015
3 9099 9098 9015
3 8990 9034 8882
3 8945 9066 9033
3 9099 8901 9067
3 9099 9015 8901
3 9068 9070 9017
3 9101 9069 9102
3 8992 8884 9100
3 9102 9069 9038
3 9071 9102 9038
3 9037 9070 9072
3 9103 8906 9019
3 9104 9072 9071
3 9104 9071 9074
3 8953 9041 9105
3 9072 9104 9073
3 8955 8993 9106
3 8887 8922 9107
3 9073 9077 9020
3 9073 9104 9077
3 9104 9074 9078
3 8888 9109 8995
3 9043 8994 9077
3 8997 8891 9110
3 8954 9043 8996
3 8998 8999 9079
3 8981 8957 9111
3 8957 9045 9111
3 8999 8840 9046
3 9080 8959 8958
3 9080 9081 8959
3 9081 9112 8959
3 9112 9024 8959
3 9083 9084 9002
3 9085 9084 9113
3 9114 9082 9048
3 9115 8864 8960
3 8864 9115 9025
3 9114 9086 9113
3 9114 9048 9086
3 9113 9086 9085
3 8963 9089 8911
3 8931 9116 9050
3 8929 9116 8931
3 9117 8983 9027
3 9117 9007 8983
3 9118 8965 9007
3 9090 9053 9056
3 9119 9053 9093
3 9053 9054 9093
3 9057 9056 9120
3 9028 9057 9120
3 9028 9120 9121
3 8969 9122 8936
3 9028 9121 8972
3 9058 8936 9122
3 8972 9123 8938
3 9125 8975 9058
3 9060 9061 9124
3 9011 9096 8987
3 9126 9062 9030
3 9127 9030 9031
3 8897 8942 9063
3 9127 9031 9129
3 9128 8976 8897
3 8943 9130 8990
3 9098 9129 9031
3 9099 9131 9098
3 9034 9133 8991
3 9133 9068 8991
3 9036 8919 9035
3 9068 9135 9070
3 9136 9101 9102
3 9070 9135 9072
3 9072 9135 9102
3 8884 8905 9100
3 8905 9137 9100
3 8905 9018 9137
3 9072 9102 9071
3 9138 8921 8920
3 9039 8921 9138
3 9018 8951 9139
3 8951 8953 9139
3 9103 8993 8906
3 9041 8979 9140
3 9140 8979 9107
3 8979 8887 9107
3 9107 8922 9075
3 9108 9042 8980
3 8980 9076 9108
3 8995 9109 9076
3 9077 9104 9141
3 9141 9104 9078
3 9142 8956 9143
3 9143 8956 8997
3 9109 8888 8996
3 8891 8955 9110
3 9144 9078 9044
3 9145 8958 9047
3 9146 8842 9024
3 9146 8924 8842
3 9147 9083 9001
3 9148 9115 8960
3 8924 9087 8961
3 8927 9149 8964
3 9087 8962 8961
3 9050 9088 8930
3 9089 9027 8911
3 9150 8929 9005
3 8929 9150 9116
3 9118 9007 9117
3 8966 9092 9052
3 9053 9119 9056
3 9056 9151 9120
3 9056 9119 9151
3 9119 9093 9152
3 9093 9094 9152
3 9153 9058 9122
3 9095 9060 9154
3 9060 9124 9154
3 8938 9155 9010
3 9061 9097 9124
3 9126 9124 9097
3 9125 9063 8975
3 9097 9062 9126
3 9126 9030 9127
3 9014 9065 9156
3 9063 9128 8897
3 8943 9064 9130
3 9130 9034 8990
3 9098 9131 9129
3 9132 9033 9066
3 9134 8948 8977
3 9134 8947 8948
3 9101 8977 9069
3 9016 8992 9100
3 9136 9102 9135
3 9138 8920 9036
3 9075 9042 9108
3 8996 9043 9159
3 9043 9077 9160
3 9077 9141 9160
3 9078 9144 9141
3 9044 9079 9144
3 8981 9111 9161
3 9111 9045 9162
3 9046 8981 9164
3 9145 9080 8958
3 9165 9145 9082
3 9145 9000 9082
3 9145 9047 9000
3 9166 9167 9114
3 9168 9112 9081
3 9025 9147 9001
3 9083 9166 9084
3 9084 9166 9113
3 9166 9114 9113
3 8960 8964 9148
3 9006 9091 9005
3 9118 8969 8965
3 9119 9152 9151
3 9120 9151 9121
3 9094 8971 9170
3 9170 8971 9009
3 8985 9172 8970
3 9153 9122 9171
3 8985 9029 9172
3 9009 8847 9059
3 9173 9058 9153
3 9059 9095 9174
3 9175 9125 9058
3 9154 9124 9176
3 9174 9095 9177
3 9176 9124 9126
3 9011 9014 9178
3 9014 9156 9178
3 9127 9129 9131
3 9181 9180 9099
3 8989 9179 9065
3 9182 9127 9131
3 9032 9179 8989
3 9181 9099 9067
3 9032 9183 9179
3 9182 9131 9099
3 9132 9157 9033
3 9016 9183 9032
3 9157 9035 9033
3 9068 9184 9135
3 9135 9184 9136
3 9137 9018 9139
3 8953 9105 9139
3 9041 9158 9105
3 9140 9187 9186
3 9158 9041 9140
3 9140 9107 9187
3 9107 9075 9187
3 9187 9075 9188
3 9075 9108 9188
3 9109 8996 9190
3 9159 9043 9160
3 9111 9162 9191
3 9022 8956 9142
3 9164 8981 9161
3 9079 8999 9163
3 9163 8999 9046
3 9045 9023 9162
3 9114 9167 9082
3 9167 9165 9082
3 9192 9081 9080
3 9146 9169 8924
3 9193 9025 9115
3 8924 9169 9087
3 8964 9194 9148
3 9005 9091 9150
3 9027 9195 9117
3 9195 9196 9117
3 9171 9122 8969
3 8970 9172 9055
3 8972 9121 9123
3 9121 9197 9123
3 9198 9172 9029
3 9096 9198 9029
3 8938 9123 9155
3 9095 9154 9176
3 9176 9177 9095
3 9201 9174 9177
3 9010 9155 9202
3 9096 9011 9200
3 9011 9178 9200
3 9010 9202 8941
3 8941 9202 9064
3 9156 9065 9179
3 9066 8976 9128
3 9180 9182 9099
3 9132 9066 9203
3 9204 9157 9132
3 9067 8947 9134
3 9133 9205 9068
3 9205 9184 9068
3 9157 9206 9035
3 9207 9134 8977
3 9206 9036 9035
3 9207 8977 9101
3 9100 9183 9016
3 9138 9036 9206
3 9019 9039 9185
3 9103 9019 9208
3 9209 8993 9103
3 9140 9186 9158
3 9108 9076 9189
3 9189 9076 9211
3 9110 8955 9210
3 9076 9109 9190
3 9190 8996 9212
3 9161 9111 9213
3 9213 9111 9191
3 9214 9079 9163
3 9162 9023 9022
3 9216 9168 9081
3 9147 9217 9083
3 9217 9166 9083
3 9192 9216 9081
3 9112 9146 9024
3 9115 9218 9193
3 9088 9149 8927
3 9149 9194 8964
3 9052 9092 9219
3 9196 9118 9117
3 9220 8969 9118
3 9171 8969 9220
3 9221 9153 9171
3 9009 9059 9199
3 9173 9175 9058
3 9174 9201 9059
3 9155 9222 9202
3 9224 9063 9125
3 9223 9176 9126
3 9202 9225 9064
3 9226 9180 9181
3 9127 9182 9227
3 9227 9182 9180
3 9136 9228 9101
3 9208 9019 9185
3 9185 9039 9229
3 9229 9039 9138
3 9210 8955 9106
3 9143 8997 9110
3 8996 9159 9212
3 9141 9144 9230
3 9161 9213 9231
3 9144 9079 9230
3 9230 9079 9214
3 9232 9080 9145
3 9234 9215 9165
3 9232 9192 9080
3 9168 9235 9112
3 9194 9115 9148
3 9236 9218 9115
3 9237 9146 9112
3 9238 9149 9088
3 9239 9087 9169
3 9240 8962 9087
3 9240 8963 8962
3 9239 9240 9087
3 9050 9116 9241
3 9242 9027 9089
3 9052 9219 9091
3 9243 9118 9196
3 9092 9244 9219
3 9055 9245 9092
3 9221 9171 9220
3 9151 9152 9246
3 9094 9170 9152
3 9121 9246 9197
3 9096 9248 9198
3 9200 9248 9096
3 9059 9201 9251
3 9201 9177 9223
3 9177 9176 9223
3 9200 9178 9250
3 9223 9126 9127
3 9251 9201 9226
3 9223 9127 9252
3 9156 9250 9178
3 9251 9226 9181
3 9064 9225 9130
3 9226 9252 9180
3 9252 9127 9227
3 9252 9227 9180
3 9203 9066 9128
3 9204 9132 9253
3 9183 9254 9179
3 9183 9255 9254
3 9256 9228 9184
3 9228 9207 9101
3 9228 9136 9184
3 9183 9258 9255
3 9257 9229 9157
3 9229 9206 9157
3 9100 9258 9183
3 9100 9137 9258
3 9229 9138 9206
3 9139 9258 9137
3 9208 9185 9257
3 9105 9259 9139
3 9105 9158 9260
3 9260 9158 9186
3 9209 9106 8993
3 9186 9187 9261
3 9187 9262 9261
3 9187 9188 9262
3 9188 9108 9264
3 9108 9189 9264
3 9076 9190 9266
3 9191 9162 9267
3 9162 9268 9267
3 9160 9141 9269
3 9269 9141 9230
3 9164 9161 9270
3 9162 9142 9268
3 9162 9022 9142
3 9163 9046 9271
3 9233 9234 9167
3 9234 9165 9167
3 9215 9145 9165
3 9272 9167 9166
3 9025 9273 9147
3 9237 9169 9146
3 9194 9236 9115
3 9237 9239 9169
3 9241 9088 9050
3 9242 9089 8963
3 9242 9195 9027
3 9219 9274 9091
3 9196 9275 9243
3 9220 9118 9243
3 9152 9170 9276
3 9121 9151 9246
3 9170 9009 9199
3 9123 9249 9155
3 9277 9125 9175
3 9155 9249 9222
3 9201 9223 9226
3 9226 9223 9252
3 9224 9128 9063
3 9130 9278 9034
3 9253 9132 9203
3 9156 9179 9280
3 9034 9278 9133
3 9279 9181 9067
3 9278 9281 9133
3 9254 9282 9179
3 9279 9067 9134
3 9157 9204 9283
3 9257 9157 9283
3 9284 9208 9257
3 9185 9229 9257
3 9139 9259 9258
3 9209 9103 9208
3 9259 9105 9260
3 9263 9106 9209
3 9262 9188 9285
3 9188 9264 9285
3 9210 9106 9263
3 9143 9110 9265
3 9142 9143 9265
3 9076 9266 9211
3 9267 9268 9265
3 9268 9142 9265
3 9190 9212 9266
3 9213 9191 9286
3 9287 9164 9270
3 9046 9164 9287
3 9288 9232 9145
3 9215 9289 9145
3 9217 9272 9166
3 9290 9192 9232
3 9193 9273 9025
3 9291 9193 9218
3 9235 9237 9112
3 9292 9239 9237
3 9241 9238 9088
3 9116 9293 9241
3 9275 9220 9243
3 9092 9245 9244
3 9275 9221 9220
3 9172 9294 9055
3 9055 9294 9245
3 9198 9294 9172
3 9198 9295 9294
3 9296 9153 9221
3 9152 9247 9246
3 9248 9295 9198
3 9249 9123 9197
3 9200 9299 9248
3 9199 9059 9297
3 9297 9059 9251
3 9250 9299 9200
3 9224 9125 9277
3 9202 9222 9225
3 9156 9302 9250
3 9301 9251 9181
3 9130 9225 9278
3 9156 9280 9302
3 9253 9203 9303
3 9280 9179 9282
3 9281 9205 9133
3 9304 9134 9207
3 9205 9256 9184
3 9209 9208 9306
3 9186 9261 9307
3 9262 9285 9308
3 9210 9263 9309
3 9110 9210 9309
3 9191 9267 9286
3 9159 9160 9310
3 9310 9160 9269
3 9289 9288 9145
3 9272 9233 9167
3 9290 9216 9192
3 9273 9193 9311
3 9236 9291 9218
3 9238 9312 9149
3 9240 9242 8963
3 9241 9313 9238
3 9292 9314 9239
3 9314 9240 9239
3 9150 9293 9116
3 9274 9150 9091
3 9315 9196 9195
3 9316 9221 9275
3 9248 9317 9295
3 9276 9170 9318
3 9170 9199 9318
3 9318 9199 9297
3 9173 9153 9296
3 9249 9197 9319
3 9296 9298 9173
3 9277 9175 9173
3 9249 9319 9222
3 9250 9300 9299
3 9302 9300 9250
3 9303 9128 9224
3 9301 9181 9279
3 9280 9282 9320
3 9304 9279 9134
3 9253 9321 9204
3 9304 9207 9228
3 9254 9255 9322
3 9255 9258 9322
3 9258 9305 9322
3 9284 9257 9283
3 9258 9259 9305
3 9323 9306 9208
3 9208 9284 9323
3 9261 9262 9308
3 9265 9110 9324
3 9110 9309 9324
3 9267 9265 9325
3 9213 9286 9326
3 9269 9230 9327
3 9214 9163 9328
3 9271 9046 9287
3 9234 9329 9215
3 9329 9330 9215
3 9331 9290 9232
3 9273 9217 9147
3 9217 9332 9272
3 9332 9333 9272
3 9149 9236 9194
3 9334 9236 9149
3 9335 9292 9237
3 9312 9334 9149
3 9313 9312 9238
3 9313 9336 9312
3 9337 9314 9292
3 9338 9240 9314
3 9338 9339 9240
3 9240 9339 9242
3 9293 9313 9241
3 9339 9195 9242
3 9315 9339 9338
3 9315 9195 9339
3 9315 9340 9196
3 9244 9341 9219
3 9219 9341 9274
3 9196 9342 9275
3 9296 9221 9316
3 9276 9318 9343
3 9248 9299 9317
3 9343 9318 9344
3 9298 9277 9173
3 9297 9251 9301
3 9222 9345 9225
3 9222 9319 9345
3 9225 9345 9278
3 9203 9128 9303
3 9280 9346 9302
3 9280 9320 9346
3 9282 9254 9347
3 9281 9256 9205
3 9254 9322 9347
3 9204 9321 9283
3 9259 9349 9305
3 9259 9260 9349
3 9260 9186 9307
3 9263 9209 9306
3 9309 9263 9324
3 9351 9261 9308
3 9327 9214 9328
3 9270 9161 9354
3 9328 9163 9353
3 9271 9353 9163
3 9161 9231 9354
3 9230 9214 9327
3 9357 9272 9333
3 9357 9233 9272
3 9330 9289 9215
3 9330 9358 9289
3 9168 9360 9235
3 9235 9335 9237
3 9313 9293 9361
3 9313 9361 9336
3 9274 9362 9150
3 9150 9362 9293
3 9362 9361 9293
3 9342 9316 9275
3 9245 9294 9363
3 9152 9276 9247
3 9247 9276 9364
3 9246 9365 9197
3 9276 9343 9366
3 9197 9365 9319
3 9343 9344 9367
3 9318 9297 9344
3 9368 9277 9298
3 9369 9277 9368
3 9224 9277 9369
3 9344 9297 9301
3 9344 9301 9367
3 9367 9301 9370
3 9370 9301 9279
3 9253 9303 9371
3 9370 9279 9372
3 9278 9345 9281
3 9372 9279 9373
3 9373 9279 9304
3 9282 9347 9374
3 9348 9228 9256
3 9348 9304 9228
3 9375 9323 9284
3 9349 9260 9350
3 9350 9260 9376
3 9260 9307 9376
3 9306 9323 9324
3 9263 9306 9324
3 9307 9261 9351
3 9285 9264 9377
3 9265 9324 9352
3 9325 9265 9352
3 9264 9189 9378
3 9159 9310 9379
3 9380 9287 9270
3 9269 9327 9355
3 9213 9326 9231
3 9288 9356 9232
3 9233 9382 9234
3 9384 9330 9329
3 9289 9358 9381
3 9273 9311 9359
3 9385 9333 9332
3 9291 9386 9193
3 9334 9291 9236
3 9387 9334 9312
3 9336 9387 9312
3 9341 9388 9274
3 9274 9388 9362
3 9340 9342 9196
3 9244 9245 9389
3 9363 9389 9245
3 9294 9295 9363
3 9364 9276 9391
3 9365 9246 9392
3 9247 9364 9390
3 9343 9367 9366
3 9366 9367 9393
3 9394 9368 9298
3 9319 9365 9395
3 9365 9392 9395
3 9345 9319 9395
3 9369 9303 9224
3 9320 9282 9346
3 9282 9398 9346
3 9345 9395 9281
3 9281 9395 9399
3 9400 9372 9373
3 9401 9400 9373
3 9281 9399 9256
3 9402 9401 9373
3 9399 9348 9256
3 9402 9304 9348
3 9402 9373 9304
3 9375 9284 9403
3 9284 9283 9403
3 9349 9350 9405
3 9308 9285 9407
3 9285 9377 9407
3 9377 9264 9408
3 9267 9325 9409
3 9189 9211 9378
3 9212 9410 9266
3 9212 9411 9410
3 9310 9413 9412
3 9212 9159 9379
3 9379 9310 9412
3 9310 9269 9413
3 9328 9353 9414
3 9271 9380 9353
3 9271 9287 9380
3 9381 9288 9289
3 9331 9232 9356
3 9383 9329 9234
3 9415 9416 9217
3 9416 9332 9217
3 9386 9311 9193
3 9334 9417 9291
3 9418 9292 9335
3 9419 9387 9336
3 9337 9338 9314
3 9420 9315 9338
3 9389 9421 9341
3 9422 9316 9342
3 9389 9341 9244
3 9423 9296 9316
3 9317 9424 9295
3 9276 9366 9391
3 9391 9366 9393
3 9364 9391 9426
3 9296 9394 9298
3 9246 9390 9392
3 9246 9247 9390
3 9300 9425 9299
3 9391 9393 9397
3 9394 9369 9368
3 9392 9390 9396
3 9396 9390 9427
3 9391 9397 9426
3 9367 9397 9393
3 9367 9370 9397
3 9302 9425 9300
3 9392 9396 9395
3 9428 9371 9394
3 9371 9369 9394
3 9426 9397 9429
3 9371 9303 9369
3 9397 9370 9372
3 9395 9396 9399
3 9396 9402 9399
3 9396 9427 9402
3 9427 9430 9402
3 9430 9401 9402
3 9429 9372 9400
3 9402 9348 9399
3 9321 9253 9431
3 9432 9283 9321
3 9403 9283 9432
3 9322 9305 9404
3 9433 9323 9375
3 9305 9349 9405
3 9307 9351 9376
3 9324 9323 9406
3 9434 9267 9409
3 9264 9378 9408
3 9211 9266 9410
3 9212 9379 9411
3 9327 9328 9436
3 9380 9270 9435
3 9413 9269 9355
3 9353 9380 9435
3 9415 9217 9273
3 9437 9329 9383
3 9384 9358 9330
3 9438 9290 9331
3 9416 9385 9332
3 9438 9439 9290
3 9360 9335 9235
3 9337 9420 9338
3 9361 9419 9336
3 9388 9361 9362
3 9440 9315 9420
3 9440 9340 9315
3 9341 9421 9388
3 9441 9340 9440
3 9442 9389 9363
3 9363 9295 9443
3 9295 9424 9443
3 9299 9424 9317
3 9299 9425 9424
3 9444 9364 9426
3 9390 9364 9444
3 9427 9390 9444
3 9302 9445 9425
3 9346 9445 9302
3 9398 9446 9346
3 9427 9444 9430
3 9447 9444 9426
3 9444 9447 9430
3 9430 9447 9401
3 9447 9426 9448
3 9397 9372 9429
3 9431 9253 9371
3 9426 9429 9448
3 9398 9282 9449
3 9448 9400 9401
3 9448 9429 9400
3 9282 9374 9449
3 9322 9404 9347
3 9433 9375 9450
3 9404 9305 9405
3 9351 9308 9451
3 9409 9325 9352
3 9286 9267 9434
3 9379 9412 9452
3 9411 9379 9410
3 9456 9435 9454
3 9435 9270 9454
3 9454 9270 9354
3 9354 9231 9457
3 9231 9326 9457
3 9357 9382 9233
3 9383 9234 9382
3 9458 9384 9329
3 9359 9415 9273
3 9357 9333 9459
3 9437 9458 9329
3 9439 9216 9290
3 9216 9360 9168
3 9311 9460 9359
3 9417 9386 9291
3 9387 9461 9334
3 9462 9337 9292
3 9462 9292 9418
3 9463 9422 9342
3 9463 9342 9340
3 9389 9464 9421
3 9363 9443 9442
3 9346 9446 9445
3 9449 9446 9398
3 9447 9448 9401
3 9347 9467 9374
3 9404 9467 9347
3 9450 9375 9403
3 9405 9350 9468
3 9350 9376 9469
3 9376 9351 9470
3 9351 9451 9470
3 9409 9352 9471
3 9410 9452 9474
3 9379 9452 9410
3 9326 9286 9453
3 9413 9355 9455
3 9475 9327 9436
3 9436 9328 9476
3 9353 9456 9477
3 9353 9435 9456
3 9457 9326 9453
3 9328 9414 9476
3 9414 9353 9477
3 9381 9478 9288
3 9288 9478 9356
3 9384 9479 9358
3 9358 9480 9478
3 9358 9478 9381
3 9481 9360 9216
3 9385 9459 9333
3 9417 9334 9482
3 9483 9419 9361
3 9388 9483 9361
3 9484 9388 9421
3 9463 9340 9441
3 9442 9464 9389
3 9424 9485 9443
3 9465 9296 9423
3 9465 9394 9296
3 9465 9428 9394
3 9466 9428 9465
3 9428 9431 9371
3 9449 9487 9446
3 9449 9374 9487
3 9488 9350 9469
3 9406 9323 9433
3 9469 9376 9470
3 9308 9407 9451
3 9377 9408 9489
3 9472 9352 9324
3 9473 9410 9474
3 9471 9352 9472
3 9211 9473 9378
3 9211 9410 9473
3 9453 9286 9434
3 9412 9413 9491
3 9454 9354 9492
3 9492 9354 9457
3 9355 9327 9475
3 9493 9383 9382
3 9331 9356 9478
3 9383 9494 9437
3 9439 9481 9216
3 9359 9460 9415
3 9495 9438 9331
3 9496 9311 9386
3 9360 9497 9335
3 9482 9334 9461
3 9388 9484 9500
3 9501 9441 9440
3 9464 9484 9421
3 9423 9316 9422
3 9442 9502 9464
3 9442 9443 9502
3 9424 9486 9485
3 9466 9465 9503
3 9504 9431 9428
3 9374 9505 9487
3 9467 9505 9374
3 9405 9468 9404
3 9350 9488 9468
3 9470 9451 9506
3 9508 9434 9409
3 9452 9510 9490
3 9454 9492 9509
3 9452 9412 9510
3 9412 9491 9510
3 9456 9454 9511
3 9492 9457 9512
3 9457 9453 9512
3 9477 9456 9513
3 9514 9493 9357
3 9357 9493 9382
3 9493 9494 9383
3 9480 9495 9478
3 9478 9495 9331
3 9516 9459 9385
3 9459 9514 9357
3 9517 9480 9358
3 9518 9385 9416
3 9496 9460 9311
3 9460 9416 9415
3 9519 9386 9417
3 9520 9416 9460
3 9497 9521 9335
3 9335 9521 9418
3 9498 9461 9387
3 9521 9499 9418
3 9462 9522 9337
3 9419 9498 9387
3 9499 9462 9418
3 9522 9420 9337
3 9388 9500 9483
3 9523 9440 9420
3 9440 9525 9501
3 9464 9524 9484
3 9443 9485 9502
3 9424 9526 9486
3 9425 9526 9424
3 9503 9465 9527
3 9445 9526 9425
3 9445 9446 9526
3 9466 9504 9428
3 9528 9321 9431
3 9468 9467 9404
3 9377 9489 9407
3 9324 9406 9507
3 9408 9529 9489
3 9507 9472 9324
3 9408 9378 9529
3 9378 9530 9529
3 9474 9452 9531
3 9452 9490 9531
3 9512 9453 9532
3 9492 9512 9509
3 9355 9535 9455
3 9355 9536 9535
3 9536 9475 9534
3 9534 9475 9436
3 9355 9475 9536
3 9458 9479 9384
3 9518 9515 9385
3 9437 9537 9458
3 9538 9439 9438
3 9481 9497 9360
3 9495 9538 9438
3 9519 9496 9386
3 9539 9520 9460
3 9520 9518 9416
3 9482 9519 9417
3 9483 9498 9419
3 9527 9465 9423
3 9503 9527 9540
3 9446 9541 9526
3 9542 9466 9503
3 9543 9432 9321
3 9545 9433 9450
3 9546 9406 9433
3 9470 9506 9469
3 9508 9409 9471
3 9473 9474 9547
3 9378 9473 9530
3 9453 9434 9532
3 9474 9531 9548
3 9454 9509 9533
3 9511 9454 9533
3 9535 9536 9534
3 9477 9513 9549
3 9515 9516 9385
3 9514 9459 9550
3 9550 9494 9514
3 9494 9493 9514
3 9479 9517 9358
3 9494 9537 9437
3 9517 9495 9480
3 9538 9551 9439
3 9499 9553 9462
3 9483 9554 9498
3 9555 9463 9441
3 9555 9441 9501
3 9463 9423 9422
3 9464 9556 9524
3 9464 9557 9556
3 9502 9557 9464
3 9527 9423 9558
3 9485 9486 9559
3 9541 9446 9487
3 9504 9528 9431
3 9505 9561 9487
3 9544 9403 9543
3 9543 9403 9432
3 9545 9450 9562
3 9450 9403 9544
3 9468 9563 9467
3 9546 9433 9545
3 9451 9564 9506
3 9451 9407 9564
3 9472 9507 9565
3 9530 9473 9547
3 9532 9434 9508
3 9471 9472 9565
3 9512 9532 9509
3 9513 9456 9567
3 9567 9456 9511
3 9413 9569 9491
3 9413 9455 9569
3 9534 9436 9568
3 9476 9414 9570
3 9414 9477 9570
3 9477 9549 9570
3 9551 9481 9439
3 9551 9571 9481
3 9518 9520 9572
3 9550 9573 9494
3 9517 9552 9495
3 9571 9497 9481
3 9572 9520 9574
3 9552 9538 9495
3 9575 9551 9538
3 9571 9576 9497
3 9496 9539 9460
3 9577 9574 9539
3 9539 9574 9520
3 9576 9521 9497
3 9579 9482 9461
3 9580 9521 9576
3 9580 9499 9521
3 9581 9420 9522
3 9581 9523 9420
3 9525 9440 9523
3 9582 9501 9525
3 9558 9423 9463
3 9583 9501 9582
3 9583 9555 9501
3 9485 9557 9502
3 9540 9585 9584
3 9540 9527 9585
3 9486 9560 9559
3 9526 9560 9486
3 9526 9587 9560
3 9541 9587 9526
3 9540 9542 9503
3 9487 9561 9541
3 9588 9504 9466
3 9588 9466 9542
3 9543 9321 9528
3 9562 9450 9544
3 9563 9488 9589
3 9468 9488 9563
3 9469 9590 9488
3 9469 9506 9590
3 9546 9507 9406
3 9489 9529 9530
3 9489 9530 9547
3 9547 9474 9548
3 9532 9508 9591
3 9509 9532 9591
3 9548 9531 9566
3 9531 9490 9593
3 9567 9511 9596
3 9533 9509 9592
3 9490 9510 9595
3 9511 9533 9596
3 9535 9534 9597
3 9436 9476 9599
3 9436 9599 9568
3 9494 9573 9537
3 9516 9600 9550
3 9516 9550 9459
3 9602 9538 9552
3 9575 9571 9551
3 9482 9603 9519
3 9578 9577 9539
3 9579 9603 9482
3 9604 9580 9576
3 9498 9579 9461
3 9553 9581 9462
3 9581 9522 9462
3 9605 9499 9580
3 9605 9606 9499
3 9606 9553 9499
3 9500 9554 9483
3 9484 9607 9500
3 9524 9608 9484
3 9556 9608 9524
3 9558 9463 9555
3 9585 9527 9558
3 9559 9557 9485
3 9584 9586 9540
3 9559 9560 9557
3 9560 9609 9557
3 9541 9610 9587
3 9542 9540 9586
3 9561 9610 9541
3 9611 9588 9542
3 9528 9504 9588
3 9467 9612 9505
3 9563 9612 9467
3 9488 9590 9589
3 9507 9546 9614
3 9565 9507 9614
3 9508 9615 9616
3 9615 9508 9471
3 9591 9508 9616
3 9615 9471 9565
3 9593 9490 9594
3 9594 9490 9595
3 9531 9593 9566
3 9455 9598 9569
3 9455 9535 9598
3 9534 9568 9617
3 9476 9570 9599
3 9618 9458 9537
3 9618 9479 9458
3 9479 9619 9517
3 9550 9600 9573
3 9517 9601 9552
3 9620 9602 9552
3 9602 9575 9538
3 9519 9603 9496
3 9603 9539 9496
3 9621 9577 9578
3 9575 9604 9571
3 9603 9578 9539
3 9604 9576 9571
3 9604 9622 9580
3 9623 9523 9581
3 9500 9607 9554
3 9624 9523 9623
3 9624 9525 9523
3 9484 9608 9607
3 9624 9582 9525
3 9625 9582 9624
3 9608 9556 9626
3 9583 9585 9555
3 9585 9558 9555
3 9584 9585 9583
3 9610 9627 9587
3 9628 9611 9542
3 9630 9588 9611
3 9631 9561 9505
3 9629 9630 9611
3 9612 9631 9505
3 9562 9544 9613
3 9632 9545 9562
3 9614 9546 9545
3 9615 9614 9633
3 9615 9565 9614
3 9407 9489 9634
3 9407 9634 9564
3 9489 9547 9634
3 9592 9591 9616
3 9547 9548 9636
3 9509 9591 9592
3 9598 9535 9597
3 9568 9638 9639
3 9595 9510 9637
3 9510 9491 9637
3 9491 9569 9637
3 9599 9638 9568
3 9618 9619 9479
3 9572 9640 9518
3 9640 9515 9518
3 9573 9641 9537
3 9600 9642 9573
3 9574 9640 9572
3 9577 9643 9574
3 9644 9640 9574
3 9601 9620 9552
3 9579 9645 9603
3 9645 9578 9603
3 9622 9605 9580
3 9648 9646 9554
3 9554 9646 9498
3 9553 9606 9647
3 9647 9581 9553
3 9605 9649 9606
3 9647 9623 9581
3 9606 9625 9623
3 9625 9624 9623
3 9650 9583 9582
3 9583 9650 9584
3 9652 9584 9650
3 9557 9609 9556
3 9609 9651 9556
3 9653 9586 9584
3 9560 9654 9609
3 9560 9587 9654
3 9587 9627 9654
3 9655 9542 9586
3 9561 9631 9610
3 9611 9628 9629
3 9630 9528 9588
3 9613 9544 9630
3 9613 9630 9629
3 9544 9543 9630
3 9630 9543 9528
3 9613 9656 9562
3 9589 9612 9563
3 9589 9590 9657
3 9659 9545 9632
3 9660 9659 9632
3 9590 9506 9658
3 9614 9545 9659
3 9633 9659 9660
3 9633 9614 9659
3 9547 9635 9634
3 9635 9547 9636
3 9636 9548 9566
3 9533 9592 9661
3 9597 9534 9617
3 9549 9513 9662
3 9599 9570 9638
3 9570 9549 9663
3 9537 9664 9618
3 9641 9664 9537
3 9665 9517 9619
3 9642 9641 9573
3 9643 9644 9574
3 9498 9646 9579
3 9646 9666 9579
3 9606 9623 9647
3 9667 9625 9606
3 9667 9582 9625
3 9667 9650 9582
3 9652 9653 9584
3 9654 9668 9609
3 9655 9628 9542
3 9631 9669 9610
3 9629 9670 9613
3 9670 9656 9613
3 9589 9657 9612
3 9590 9658 9657
3 9632 9562 9656
3 9506 9671 9658
3 9506 9564 9671
3 9673 9615 9672
3 9673 9616 9615
3 9635 9636 9674
3 9675 9616 9673
3 9592 9616 9675
3 9595 9676 9594
3 9662 9513 9567
3 9637 9676 9595
3 9617 9568 9677
3 9663 9549 9662
3 9570 9663 9638
3 9515 9679 9516
3 9516 9679 9600
3 9679 9642 9600
3 9680 9641 9642
3 9665 9601 9517
3 9665 9681 9601
3 9644 9678 9640
3 9682 9601 9681
3 9645 9621 9578
3 9666 9683 9579
3 9579 9683 9645
3 9684 9605 9622
3 9684 9649 9605
3 9684 9685 9649
3 9649 9686 9606
3 9607 9648 9554
3 9651 9626 9556
3 9609 9668 9651
3 9668 9654 9687
3 9653 9655 9586
3 9654 9688 9687
3 9627 9688 9654
3 9610 9689 9627
3 9610 9669 9689
3 9690 9629 9628
3 9631 9691 9669
3 9612 9691 9631
3 9612 9657 9691
3 9564 9692 9671
3 9660 9693 9633
3 9564 9634 9692
3 9634 9635 9694
3 9672 9615 9633
3 9636 9566 9674
3 9593 9594 9696
3 9662 9567 9697
3 9567 9698 9697
3 9596 9533 9661
3 9567 9596 9698
3 9638 9700 9639
3 9568 9639 9677
3 9638 9663 9700
3 9664 9665 9618
3 9618 9665 9619
3 9640 9701 9515
3 9641 9702 9664
3 9703 9642 9679
3 9705 9577 9621
3 9706 9678 9644
3 9602 9704 9575
3 9704 9604 9575
3 9648 9666 9646
3 9607 9707 9648
3 9686 9667 9606
3 9607 9608 9707
3 9608 9708 9707
3 9626 9708 9608
3 9626 9651 9708
3 9651 9709 9708
3 9710 9650 9667
3 9668 9711 9651
3 9712 9653 9652
3 9689 9688 9627
3 9713 9628 9655
3 9670 9629 9690
3 9657 9715 9691
3 9714 9656 9670
3 9657 9671 9715
3 9658 9671 9657
3 9671 9692 9716
3 9632 9693 9660
3 9632 9656 9693
3 9692 9694 9716
3 9692 9634 9694
3 9672 9633 9717
3 9633 9693 9717
3 9694 9635 9674
3 9566 9695 9674
3 9594 9676 9718
3 9721 9598 9719
3 9719 9598 9597
3 9639 9700 9720
3 9676 9569 9721
3 9637 9569 9676
3 9569 9598 9721
3 9597 9617 9699
3 9700 9663 9662
3 9678 9701 9640
3 9515 9701 9679
3 9664 9702 9722
3 9722 9665 9664
3 9680 9723 9641
3 9723 9702 9641
3 9620 9724 9602
3 9724 9704 9602
3 9705 9643 9577
3 9620 9601 9682
3 9704 9622 9604
3 9645 9683 9725
3 9725 9621 9645
3 9726 9683 9666
3 9726 9727 9683
3 9648 9707 9666
3 9707 9728 9666
3 9728 9726 9666
3 9685 9729 9649
3 9729 9686 9649
3 9707 9708 9728
3 9730 9650 9710
3 9668 9687 9711
3 9730 9652 9650
3 9731 9652 9730
3 9690 9628 9713
3 9671 9716 9715
3 9693 9656 9714
3 9733 9673 9672
3 9696 9594 9718
3 9661 9592 9675
3 9566 9593 9695
3 9700 9662 9720
3 9678 9734 9701
3 9722 9681 9665
3 9703 9680 9642
3 9702 9736 9722
3 9737 9724 9620
3 9727 9725 9683
3 9738 9685 9684
3 9739 9667 9686
3 9708 9740 9728
3 9739 9710 9667
3 9708 9709 9741
3 9651 9711 9709
3 9731 9712 9652
3 9687 9742 9711
3 9687 9688 9742
3 9688 9744 9742
3 9743 9655 9653
3 9713 9655 9743
3 9689 9744 9688
3 9689 9669 9745
3 9691 9746 9745
3 9669 9691 9745
3 9747 9693 9714
3 9716 9694 9732
3 9732 9694 9749
3 9717 9693 9747
3 9733 9672 9748
3 9751 9672 9717
3 9674 9750 9694
3 9675 9673 9752
3 9718 9676 9753
3 9720 9697 9754
3 9697 9698 9754
3 9697 9720 9662
3 9719 9597 9699
3 9639 9720 9677
3 9596 9661 9698
3 9699 9617 9756
3 9617 9755 9756
3 9617 9677 9755
3 9701 9735 9679
3 9735 9703 9679
3 9706 9734 9678
3 9723 9757 9702
3 9736 9758 9722
3 9758 9681 9722
3 9724 9759 9704
3 9725 9705 9621
3 9725 9760 9705
3 9758 9682 9681
3 9761 9620 9682
3 9758 9761 9682
3 9759 9622 9704
3 9727 9762 9725
3 9763 9727 9726
3 9764 9726 9728
3 9738 9765 9685
3 9741 9740 9708
3 9730 9710 9766
3 9730 9767 9731
3 9712 9743 9653
3 9690 9713 9768
3 9769 9690 9768
3 9689 9745 9744
3 9769 9670 9690
3 9746 9691 9770
3 9691 9715 9771
3 9715 9716 9771
3 9771 9716 9732
3 9747 9714 9772
3 9694 9750 9773
3 9748 9672 9751
3 9751 9717 9747
3 9593 9696 9695
3 9676 9721 9753
3 9721 9719 9753
3 9754 9698 9774
3 9734 9735 9701
3 9776 9680 9703
3 9705 9760 9643
3 9760 9777 9643
3 9777 9778 9643
3 9706 9779 9734
3 9643 9778 9644
3 9778 9706 9644
3 9737 9620 9761
3 9759 9684 9622
3 9738 9684 9759
3 9764 9763 9726
3 9685 9765 9729
3 9740 9764 9728
3 9766 9710 9739
3 9711 9780 9709
3 9742 9780 9711
3 9781 9767 9730
3 9731 9767 9712
3 9782 9743 9712
3 9783 9767 9781
3 9767 9782 9712
3 9767 9768 9782
3 9783 9768 9767
3 9768 9713 9782
3 9785 9768 9783
3 9782 9713 9743
3 9745 9784 9744
3 9786 9670 9769
3 9691 9771 9770
3 9786 9714 9670
3 9772 9714 9786
3 9749 9694 9787
3 9694 9773 9787
3 9752 9673 9733
3 9674 9788 9750
3 9674 9695 9788
3 9695 9789 9788
3 9753 9719 9790
3 9718 9753 9696
3 9677 9720 9775
3 9720 9754 9775
3 9719 9699 9791
3 9779 9735 9734
3 9779 9703 9735
3 9757 9736 9702
3 9792 9724 9737
3 9757 9793 9736
3 9793 9758 9736
3 9793 9761 9758
3 9737 9761 9792
3 9725 9762 9760
3 9794 9795 9761
3 9795 9792 9761
3 9727 9796 9762
3 9764 9797 9763
3 9798 9686 9729
3 9799 9729 9765
3 9800 9801 9765
3 9798 9739 9686
3 9766 9739 9798
3 9741 9802 9740
3 9784 9742 9744
3 9803 9785 9783
3 9785 9769 9768
3 9745 9746 9784
3 9784 9746 9804
3 9732 9749 9805
3 9773 9788 9806
3 9748 9751 9808
3 9750 9788 9773
3 9733 9748 9807
3 9695 9696 9789
3 9661 9675 9774
3 9698 9661 9774
3 9810 9723 9680
3 9760 9811 9777
3 9779 9776 9703
3 9778 9779 9706
3 9812 9724 9792
3 9812 9759 9724
3 9793 9794 9761
3 9793 9813 9794
3 9795 9812 9792
3 9763 9796 9727
3 9800 9765 9738
3 9740 9802 9764
3 9801 9799 9765
3 9741 9815 9802
3 9741 9709 9815
3 9709 9780 9815
3 9816 9730 9766
3 9819 9781 9817
3 9781 9730 9816
3 9780 9820 9818
3 9742 9820 9780
3 9803 9783 9781
3 9746 9821 9804
3 9771 9805 9770
3 9771 9732 9805
3 9751 9747 9808
3 9773 9806 9787
3 9752 9733 9807
3 9788 9789 9822
3 9754 9825 9809
3 9790 9696 9753
3 9823 9696 9790
3 9790 9719 9826
3 9827 9675 9752
3 9809 9775 9754
3 9774 9825 9754
3 9774 9675 9827
3 9789 9696 9823
3 9719 9791 9826
3 9677 9775 9828
3 9699 9756 9791
3 9776 9810 9680
3 9776 9779 9829
3 9830 9757 9723
3 9811 9778 9777
3 9830 9793 9757
3 9831 9811 9760
3 9832 9779 9778
3 9762 9831 9760
3 9833 9834 9832
3 9832 9834 9779
3 9835 9813 9793
3 9794 9836 9795
3 9812 9738 9759
3 9837 9738 9812
3 9795 9814 9812
3 9814 9837 9812
3 9795 9838 9814
3 9797 9839 9763
3 9839 9796 9763
3 9814 9800 9837
3 9837 9800 9738
3 9764 9840 9797
3 9802 9840 9764
3 9838 9841 9814
3 9841 9800 9814
3 9799 9798 9729
3 9841 9801 9800
3 9841 9843 9801
3 9801 9843 9842
3 9842 9766 9798
3 9843 9817 9842
3 9842 9817 9816
3 9842 9816 9766
3 9815 9780 9818
3 9817 9781 9816
3 9742 9784 9820
3 9784 9804 9820
3 9844 9785 9803
3 9845 9769 9785
3 9844 9845 9785
3 9770 9821 9746
3 9846 9772 9786
3 9805 9749 9848
3 9849 9748 9847
3 9748 9808 9847
3 9808 9747 9846
3 9846 9747 9772
3 9749 9787 9848
3 9807 9748 9849
3 9789 9851 9822
3 9827 9752 9807
3 9789 9823 9851
3 9809 9825 9850
3 9828 9775 9809
3 9790 9826 9824
3 9774 9827 9825
3 9852 9723 9810
3 9829 9810 9776
3 9852 9830 9723
3 9829 9779 9834
3 9811 9832 9778
3 9834 9853 9829
3 9830 9835 9793
3 9836 9794 9813
3 9762 9854 9831
3 9836 9838 9795
3 9796 9854 9762
3 9840 9839 9797
3 9799 9801 9842
3 9842 9798 9799
3 9802 9815 9840
3 9855 9843 9841
3 9843 9856 9817
3 9820 9857 9818
3 9804 9858 9820
3 9803 9781 9819
3 9859 9858 9804
3 9860 9844 9803
3 9861 9845 9844
3 9845 9786 9769
3 9770 9805 9821
3 9847 9861 9862
3 9805 9848 9863
3 9849 9847 9864
3 9847 9808 9861
3 9787 9865 9848
3 9787 9806 9865
3 9866 9807 9849
3 9788 9822 9806
3 9868 9807 9866
3 9851 9790 9867
3 9850 9868 9866
3 9851 9823 9790
3 9850 9825 9868
3 9828 9809 9869
3 9825 9827 9868
3 9791 9756 9826
3 9677 9828 9755
3 9829 9870 9810
3 9870 9852 9810
3 9831 9871 9811
3 9871 9832 9811
3 9853 9870 9829
3 9871 9833 9832
3 9872 9834 9833
3 9872 9853 9834
3 9873 9836 9813
3 9874 9833 9871
3 9796 9875 9854
3 9839 9875 9796
3 9876 9841 9838
3 9855 9841 9876
3 9815 9877 9840
3 9855 9856 9843
3 9819 9817 9856
3 9818 9877 9815
3 9818 9857 9877
3 9820 9858 9857
3 9859 9879 9858
3 9821 9859 9804
3 9862 9844 9860
3 9805 9863 9821
3 9864 9862 9880
3 9844 9862 9861
3 9861 9846 9845
3 9846 9786 9845
3 9862 9864 9847
3 9848 9865 9863
3 9861 9808 9846
3 9806 9822 9851
3 9850 9866 9881
3 9867 9883 9882
3 9867 9790 9883
3 9807 9868 9827
3 9883 9790 9824
3 9869 9809 9885
3 9809 9850 9885
3 9824 9826 9887
3 9888 9755 9828
3 9756 9755 9889
3 9831 9854 9871
3 9853 9891 9870
3 9852 9892 9830
3 9830 9892 9835
3 9873 9813 9835
3 9892 9893 9835
3 9875 9874 9854
3 9854 9874 9871
3 9839 9894 9875
3 9840 9894 9839
3 9877 9894 9840
3 9878 9895 9877
3 9897 9856 9855
3 9898 9819 9856
3 9857 9878 9877
3 9857 9899 9878
3 9857 9858 9900
3 9857 9900 9899
3 9858 9879 9900
3 9898 9803 9819
3 9860 9803 9898
3 9821 9863 9859
3 9863 9902 9859
3 9902 9879 9859
3 9880 9862 9903
3 9863 9865 9902
3 9865 9904 9902
3 9865 9806 9904
3 9881 9849 9864
3 9851 9904 9806
3 9851 9867 9904
3 9881 9866 9849
3 9884 9850 9881
3 9883 9824 9906
3 9824 9886 9906
3 9886 9824 9887
3 9885 9850 9884
3 9889 9755 9888
3 9826 9756 9889
3 9892 9852 9870
3 9872 9833 9907
3 9891 9892 9870
3 9907 9833 9874
3 9909 9836 9890
3 9909 9838 9836
3 9908 9891 9853
3 9891 9893 9892
3 9908 9910 9891
3 9893 9873 9835
3 9876 9838 9909
3 9894 9895 9875
3 9895 9913 9875
3 9877 9895 9894
3 9895 9878 9914
3 9897 9855 9896
3 9899 9914 9878
3 9900 9879 9901
3 9879 9902 9901
3 9917 9864 9880
3 9862 9860 9903
3 9918 9904 9919
3 9904 9918 9902
3 9867 9882 9904
3 9920 9869 9905
3 9905 9869 9885
3 9888 9869 9920
3 9886 9887 9921
3 9888 9828 9869
3 9826 9922 9887
3 9826 9889 9922
3 9922 9889 9888
3 9923 9853 9872
3 9873 9890 9836
3 9923 9908 9853
3 9912 9907 9874
3 9910 9911 9891
3 9911 9893 9891
3 9911 9924 9893
3 9874 9875 9912
3 9925 9926 9911
3 9927 9855 9876
3 9914 9913 9895
3 9896 9855 9927
3 9897 9898 9856
3 9929 9896 9927
3 9930 9896 9929
3 9932 9931 9930
3 9931 9915 9930
3 9915 9880 9933
3 9880 9903 9933
3 9901 9902 9916
3 9917 9880 9915
3 9902 9918 9916
3 9918 9919 9934
3 9935 9864 9917
3 9919 9904 9936
3 9935 9881 9864
3 9904 9882 9936
3 9937 9905 9938
3 9920 9905 9937
3 9905 9885 9940
3 9885 9884 9941
3 9887 9922 9921
3 9942 9923 9907
3 9923 9872 9907
3 9924 9890 9873
3 9924 9873 9893
3 9943 9910 9908
3 9875 9913 9912
3 9910 9925 9911
3 9926 9944 9911
3 9927 9876 9909
3 9910 9946 9925
3 9928 9944 9926
3 9914 9949 9913
3 9928 9929 9944
3 9929 9927 9950
3 9899 9948 9914
3 9951 9932 9928
3 9932 9929 9928
3 9930 9897 9896
3 9952 9897 9930
3 9899 9953 9948
3 9930 9929 9932
3 9900 9953 9899
3 9930 9933 9952
3 9903 9860 9898
3 9901 9953 9900
3 9930 9915 9933
3 9954 9931 9932
3 9955 9915 9931
3 9955 9917 9915
3 9954 9955 9931
3 9916 9953 9901
3 9919 9956 9934
3 9916 9918 9934
3 9919 9936 9957
3 9959 9881 9935
3 9937 9938 9960
3 9962 9939 9961
3 9938 9905 9940
3 9883 9963 9882
3 9906 9962 9964
3 9886 9939 9962
3 9965 9937 9939
3 9941 9884 9959
3 9884 9881 9959
3 9883 9964 9963
3 9883 9906 9964
3 9906 9886 9962
3 9965 9920 9937
3 9921 9939 9886
3 9921 9965 9939
3 9922 9965 9921
3 9965 9888 9920
3 9922 9888 9965
3 9912 9942 9907
3 9924 9950 9890
3 9950 9909 9890
3 9924 9944 9950
3 9911 9944 9924
3 9912 9913 9945
3 9913 9947 9945
3 9947 9966 9945
3 9943 9946 9910
3 9925 9968 9926
3 9927 9909 9950
3 9943 9969 9946
3 9968 9928 9926
3 9929 9950 9944
3 9948 9949 9914
3 9949 9947 9913
3 9949 9970 9947
3 9952 9898 9897
3 9933 9903 9952
3 9903 9898 9952
3 9976 9932 9951
3 9956 9974 9977
3 9953 9934 9973
3 9934 9956 9977
3 9976 9954 9932
3 9980 9955 9954
3 9953 9916 9934
3 9978 9979 9975
3 9958 9954 9976
3 9956 9919 9957
3 9978 9961 9979
3 9981 9980 9954
3 9982 9958 9976
3 9958 9981 9954
3 9961 9982 9979
3 9938 9981 9958
3 9936 9963 9957
3 9961 9960 9982
3 9960 9938 9982
3 9982 9938 9958
3 9936 9882 9963
3 9940 9981 9938
3 9961 9939 9960
3 9939 9937 9960
3 9940 9885 9941
3 9923 9943 9908
3 9945 9942 9912
3 9946 9967 9925
3 9967 9968 9925
3 9983 9969 9943
3 9984 9946 9969
3 9983 9971 9969
3 9947 9972 9966
3 9966 9972 9983
3 9973 9949 9948
3 9971 9983 9972
3 9971 9984 9969
3 9953 9973 9948
3 9973 9970 9949
3 9970 9985 9972
3 9970 9972 9947
3 9985 9971 9972
3 9971 9985 9984
3 9973 9977 9970
3 9970 9977 9985
3 9974 9985 9977
3 9974 9975 9985
3 9975 9986 9985
3 9987 9976 9951
3 9973 9934 9977
3 9974 9988 9975
3 9988 9978 9975
3 9975 9979 9986
3 9956 9989 9974
3 9980 9917 9955
3 9956 9957 9989
3 9991 9935 9917
3 9991 9917 9980
3 9979 9982 9986
3 9986 9982 9990
3 9990 9982 9976
3 9964 9962 9988
3 9988 9962 9978
3 9962 9961 9978
3 9981 9941 9991
3 9991 9959 9935
3 9940 9941 9981
3 9941 9959 9991
3 9945 9992 9942
3 9992 9923 9942
3 9992 9943 9923
3 9966 9992 9945
3 9966 9983 9992
3 9992 9983 9943
3 9984 9967 9946
3 9993 9928 9968
3 9993 9951 9928
3 9989 9988 9974
3 9990 9976 9987
3 9989 9964 9988
3 9963 9989 9957
3 9963 9964 9989
3 9981 9991 9980
3 9994 9968 9967
3 9984 9994 9967
3 9993 9968 9994
3 9985 9995 9984
3 9993 9987 9951
3 9986 9995 9985
3 9986 9990 9995
3 9984 9995 9994
3 9994 9995 9993
3 9995 9987 9993
3 9995 9990 9987
